source,target,provenance,weight,directed,pathway
Frontal Pole (L),Frontal Pole (R),dti_brain,150.0,False,white matter (tractography)
Frontal Pole (L),Insular Cortex (L),dti_brain,25.0,False,white matter (tractography)
Frontal Pole (L),Insular Cortex (R),dti_brain,2.0,False,white matter (tractography)
Frontal Pole (L),Superior Frontal Gyrus (L),dti_brain,83.0,False,white matter (tractography)
Frontal Pole (L),Superior Frontal Gyrus (R),dti_brain,1.0,False,white matter (tractography)
Frontal Pole (L),Middle Frontal Gyrus (L),dti_brain,54.0,False,white matter (tractography)
Frontal Pole (L),"Inferior Frontal Gyrus, pars triangularis (L)",dti_brain,3.0,False,white matter (tractography)
Frontal Pole (L),"Inferior Frontal Gyrus, pars opercularis (L)",dti_brain,3.0,False,white matter (tractography)
Frontal Pole (L),Precentral Gyrus (L),dti_brain,22.0,False,white matter (tractography)
Frontal Pole (L),Temporal Pole (L),dti_brain,12.0,False,white matter (tractography)
Frontal Pole (L),"Superior Temporal Gyrus, posterior division (L)",dti_brain,2.0,False,white matter (tractography)
Frontal Pole (L),"Middle Temporal Gyrus, anterior division (L)",dti_brain,4.0,False,white matter (tractography)
Frontal Pole (L),"Middle Temporal Gyrus, posterior division (L)",dti_brain,4.0,False,white matter (tractography)
Frontal Pole (L),"Middle Temporal Gyrus, temporooccipital part (L)",dti_brain,1.0,False,white matter (tractography)
Frontal Pole (L),"Inferior Temporal Gyrus, anterior division (L)",dti_brain,4.0,False,white matter (tractography)
Frontal Pole (L),"Inferior Temporal Gyrus, posterior division (L)",dti_brain,9.0,False,white matter (tractography)
Frontal Pole (L),Postcentral Gyrus (L),dti_brain,8.0,False,white matter (tractography)
Frontal Pole (L),Superior Parietal Lobule (L),dti_brain,10.0,False,white matter (tractography)
Frontal Pole (L),"Supramarginal Gyrus, posterior division (L)",dti_brain,6.0,False,white matter (tractography)
Frontal Pole (L),"Lateral Occipital Cortex, superior division (L)",dti_brain,23.0,False,white matter (tractography)
Frontal Pole (L),"Lateral Occipital Cortex, inferior division (L)",dti_brain,17.0,False,white matter (tractography)
Frontal Pole (L),Intracalcarine Cortex (L),dti_brain,2.0,False,white matter (tractography)
Frontal Pole (L),Juxtapositional Lobule Cortex (SMA) (L),dti_brain,10.0,False,white matter (tractography)
Frontal Pole (L),Juxtapositional Lobule Cortex (SMA) (R),dti_brain,1.0,False,white matter (tractography)
Frontal Pole (L),Subcallosal Cortex (L),dti_brain,5.0,False,white matter (tractography)
Frontal Pole (L),Subcallosal Cortex (R),dti_brain,4.0,False,white matter (tractography)
Frontal Pole (L),Paracingulate Gyrus (L),dti_brain,35.0,False,white matter (tractography)
Frontal Pole (L),Paracingulate Gyrus (R),dti_brain,4.0,False,white matter (tractography)
Frontal Pole (L),Precuneous Cortex (L),dti_brain,13.0,False,white matter (tractography)
Frontal Pole (L),Precuneous Cortex (R),dti_brain,1.0,False,white matter (tractography)
Frontal Pole (L),Lingual Gyrus (L),dti_brain,3.0,False,white matter (tractography)
Frontal Pole (L),"Temporal Fusiform Cortex, posterior division (L)",dti_brain,9.0,False,white matter (tractography)
Frontal Pole (L),Temporal Occipital Fusiform Cortex (L),dti_brain,6.0,False,white matter (tractography)
Frontal Pole (L),Occipital Fusiform Gyrus (L),dti_brain,2.0,False,white matter (tractography)
Frontal Pole (L),Parietal Operculum Cortex (L),dti_brain,8.0,False,white matter (tractography)
Frontal Pole (L),Planum Polare (L),dti_brain,7.0,False,white matter (tractography)
Frontal Pole (L),Heschl's Gyrus (includes H1 and H2) (L),dti_brain,2.0,False,white matter (tractography)
Frontal Pole (L),Planum Temporale (L),dti_brain,5.0,False,white matter (tractography)
Frontal Pole (L),Occipital Pole (L),dti_brain,3.0,False,white matter (tractography)
Frontal Pole (L),Thalamus (L),dti_brain,120.0,False,white matter (tractography)
Frontal Pole (L),Putamen (L),dti_brain,69.0,False,white matter (tractography)
Frontal Pole (L),Pallidum (L),dti_brain,29.0,False,white matter (tractography)
Frontal Pole (L),Hippocampus (L),dti_brain,17.0,False,white matter (tractography)
Frontal Pole (L),Thalamus (R),dti_brain,5.0,False,white matter (tractography)
Frontal Pole (L),Putamen (R),dti_brain,3.0,False,white matter (tractography)
Frontal Pole (R),Insular Cortex (L),dti_brain,2.0,False,white matter (tractography)
Frontal Pole (R),Insular Cortex (R),dti_brain,41.0,False,white matter (tractography)
Frontal Pole (R),Superior Frontal Gyrus (L),dti_brain,23.0,False,white matter (tractography)
Frontal Pole (R),Superior Frontal Gyrus (R),dti_brain,152.0,False,white matter (tractography)
Frontal Pole (R),Middle Frontal Gyrus (L),dti_brain,7.0,False,white matter (tractography)
Frontal Pole (R),Middle Frontal Gyrus (R),dti_brain,103.0,False,white matter (tractography)
Frontal Pole (R),"Inferior Frontal Gyrus, pars triangularis (L)",dti_brain,1.0,False,white matter (tractography)
Frontal Pole (R),"Inferior Frontal Gyrus, pars triangularis (R)",dti_brain,5.0,False,white matter (tractography)
Frontal Pole (R),"Inferior Frontal Gyrus, pars opercularis (R)",dti_brain,1.0,False,white matter (tractography)
Frontal Pole (R),Precentral Gyrus (L),dti_brain,1.0,False,white matter (tractography)
Frontal Pole (R),Precentral Gyrus (R),dti_brain,34.0,False,white matter (tractography)
Frontal Pole (R),Temporal Pole (L),dti_brain,1.0,False,white matter (tractography)
Frontal Pole (R),Temporal Pole (R),dti_brain,14.0,False,white matter (tractography)
Frontal Pole (R),"Middle Temporal Gyrus, posterior division (R)",dti_brain,1.0,False,white matter (tractography)
Frontal Pole (R),"Inferior Temporal Gyrus, posterior division (L)",dti_brain,1.0,False,white matter (tractography)
Frontal Pole (R),"Inferior Temporal Gyrus, posterior division (R)",dti_brain,2.0,False,white matter (tractography)
Frontal Pole (R),Postcentral Gyrus (R),dti_brain,6.0,False,white matter (tractography)
Frontal Pole (R),Superior Parietal Lobule (R),dti_brain,12.0,False,white matter (tractography)
Frontal Pole (R),"Supramarginal Gyrus, anterior division (R)",dti_brain,2.0,False,white matter (tractography)
Frontal Pole (R),"Supramarginal Gyrus, posterior division (R)",dti_brain,8.0,False,white matter (tractography)
Frontal Pole (R),"Lateral Occipital Cortex, superior division (R)",dti_brain,21.0,False,white matter (tractography)
Frontal Pole (R),"Lateral Occipital Cortex, inferior division (R)",dti_brain,3.0,False,white matter (tractography)
Frontal Pole (R),Intracalcarine Cortex (R),dti_brain,1.0,False,white matter (tractography)
Frontal Pole (R),Juxtapositional Lobule Cortex (SMA) (L),dti_brain,3.0,False,white matter (tractography)
Frontal Pole (R),Juxtapositional Lobule Cortex (SMA) (R),dti_brain,19.0,False,white matter (tractography)
Frontal Pole (R),Subcallosal Cortex (L),dti_brain,24.0,False,white matter (tractography)
Frontal Pole (R),Subcallosal Cortex (R),dti_brain,31.0,False,white matter (tractography)
Frontal Pole (R),Paracingulate Gyrus (L),dti_brain,20.0,False,white matter (tractography)
Frontal Pole (R),Paracingulate Gyrus (R),dti_brain,88.0,False,white matter (tractography)
Frontal Pole (R),Precuneous Cortex (R),dti_brain,7.0,False,white matter (tractography)
Frontal Pole (R),"Parahippocampal Gyrus, anterior division (R)",dti_brain,1.0,False,white matter (tractography)
Frontal Pole (R),"Parahippocampal Gyrus, posterior division (R)",dti_brain,1.0,False,white matter (tractography)
Frontal Pole (R),Lingual Gyrus (R),dti_brain,2.0,False,white matter (tractography)
Frontal Pole (R),"Temporal Fusiform Cortex, posterior division (R)",dti_brain,6.0,False,white matter (tractography)
Frontal Pole (R),Temporal Occipital Fusiform Cortex (R),dti_brain,1.0,False,white matter (tractography)
Frontal Pole (R),Occipital Fusiform Gyrus (R),dti_brain,5.0,False,white matter (tractography)
Frontal Pole (R),Parietal Operculum Cortex (R),dti_brain,16.0,False,white matter (tractography)
Frontal Pole (R),Planum Polare (R),dti_brain,4.0,False,white matter (tractography)
Frontal Pole (R),Heschl's Gyrus (includes H1 and H2) (R),dti_brain,1.0,False,white matter (tractography)
Frontal Pole (R),Planum Temporale (R),dti_brain,3.0,False,white matter (tractography)
Frontal Pole (R),Supracalcarine Cortex (L),dti_brain,1.0,False,white matter (tractography)
Frontal Pole (R),Occipital Pole (R),dti_brain,12.0,False,white matter (tractography)
Frontal Pole (R),Thalamus (L),dti_brain,5.0,False,white matter (tractography)
Frontal Pole (R),Putamen (L),dti_brain,2.0,False,white matter (tractography)
Frontal Pole (R),Hippocampus (L),dti_brain,2.0,False,white matter (tractography)
Frontal Pole (R),Thalamus (R),dti_brain,112.0,False,white matter (tractography)
Frontal Pole (R),Putamen (R),dti_brain,162.0,False,white matter (tractography)
Frontal Pole (R),Pallidum (R),dti_brain,28.0,False,white matter (tractography)
Frontal Pole (R),Hippocampus (R),dti_brain,19.0,False,white matter (tractography)
Insular Cortex (L),Superior Frontal Gyrus (L),dti_brain,39.0,False,white matter (tractography)
Insular Cortex (L),Superior Frontal Gyrus (R),dti_brain,1.0,False,white matter (tractography)
Insular Cortex (L),Middle Frontal Gyrus (L),dti_brain,9.0,False,white matter (tractography)
Insular Cortex (L),Precentral Gyrus (L),dti_brain,133.0,False,white matter (tractography)
Insular Cortex (L),Temporal Pole (L),dti_brain,21.0,False,white matter (tractography)
Insular Cortex (L),"Superior Temporal Gyrus, anterior division (L)",dti_brain,1.0,False,white matter (tractography)
Insular Cortex (L),"Middle Temporal Gyrus, anterior division (L)",dti_brain,5.0,False,white matter (tractography)
Insular Cortex (L),"Middle Temporal Gyrus, posterior division (L)",dti_brain,13.0,False,white matter (tractography)
Insular Cortex (L),"Middle Temporal Gyrus, temporooccipital part (L)",dti_brain,2.0,False,white matter (tractography)
Insular Cortex (L),Postcentral Gyrus (L),dti_brain,43.0,False,white matter (tractography)
Insular Cortex (L),Superior Parietal Lobule (L),dti_brain,6.0,False,white matter (tractography)
Insular Cortex (L),Superior Parietal Lobule (R),dti_brain,1.0,False,white matter (tractography)
Insular Cortex (L),"Supramarginal Gyrus, anterior division (L)",dti_brain,3.0,False,white matter (tractography)
Insular Cortex (L),"Supramarginal Gyrus, posterior division (L)",dti_brain,5.0,False,white matter (tractography)
Insular Cortex (L),"Lateral Occipital Cortex, superior division (L)",dti_brain,34.0,False,white matter (tractography)
Insular Cortex (L),"Lateral Occipital Cortex, inferior division (L)",dti_brain,14.0,False,white matter (tractography)
Insular Cortex (L),Intracalcarine Cortex (L),dti_brain,3.0,False,white matter (tractography)
Insular Cortex (L),Juxtapositional Lobule Cortex (SMA) (L),dti_brain,5.0,False,white matter (tractography)
Insular Cortex (L),Subcallosal Cortex (L),dti_brain,1.0,False,white matter (tractography)
Insular Cortex (L),Paracingulate Gyrus (L),dti_brain,4.0,False,white matter (tractography)
Insular Cortex (L),Precuneous Cortex (L),dti_brain,30.0,False,white matter (tractography)
Insular Cortex (L),"Parahippocampal Gyrus, anterior division (L)",dti_brain,1.0,False,white matter (tractography)
Insular Cortex (L),Lingual Gyrus (L),dti_brain,4.0,False,white matter (tractography)
Insular Cortex (L),"Temporal Fusiform Cortex, anterior division (L)",dti_brain,1.0,False,white matter (tractography)
Insular Cortex (L),"Temporal Fusiform Cortex, posterior division (L)",dti_brain,6.0,False,white matter (tractography)
Insular Cortex (L),Temporal Occipital Fusiform Cortex (L),dti_brain,2.0,False,white matter (tractography)
Insular Cortex (L),Occipital Fusiform Gyrus (L),dti_brain,6.0,False,white matter (tractography)
Insular Cortex (L),Parietal Operculum Cortex (L),dti_brain,25.0,False,white matter (tractography)
Insular Cortex (L),Planum Polare (L),dti_brain,4.0,False,white matter (tractography)
Insular Cortex (L),Planum Temporale (L),dti_brain,6.0,False,white matter (tractography)
Insular Cortex (L),Occipital Pole (L),dti_brain,6.0,False,white matter (tractography)
Insular Cortex (L),Thalamus (L),dti_brain,30.0,False,white matter (tractography)
Insular Cortex (L),Putamen (L),dti_brain,40.0,False,white matter (tractography)
Insular Cortex (L),Pallidum (L),dti_brain,20.0,False,white matter (tractography)
Insular Cortex (L),Thalamus (R),dti_brain,4.0,False,white matter (tractography)
Insular Cortex (L),Pallidum (R),dti_brain,1.0,False,white matter (tractography)
Insular Cortex (R),Superior Frontal Gyrus (L),dti_brain,2.0,False,white matter (tractography)
Insular Cortex (R),Superior Frontal Gyrus (R),dti_brain,53.0,False,white matter (tractography)
Insular Cortex (R),Middle Frontal Gyrus (L),dti_brain,2.0,False,white matter (tractography)
Insular Cortex (R),Middle Frontal Gyrus (R),dti_brain,21.0,False,white matter (tractography)
Insular Cortex (R),Precentral Gyrus (L),dti_brain,4.0,False,white matter (tractography)
Insular Cortex (R),Precentral Gyrus (R),dti_brain,137.0,False,white matter (tractography)
Insular Cortex (R),Temporal Pole (R),dti_brain,18.0,False,white matter (tractography)
Insular Cortex (R),"Superior Temporal Gyrus, anterior division (R)",dti_brain,1.0,False,white matter (tractography)
Insular Cortex (R),"Superior Temporal Gyrus, posterior division (R)",dti_brain,1.0,False,white matter (tractography)
Insular Cortex (R),"Middle Temporal Gyrus, anterior division (L)",dti_brain,1.0,False,white matter (tractography)
Insular Cortex (R),"Middle Temporal Gyrus, anterior division (R)",dti_brain,4.0,False,white matter (tractography)
Insular Cortex (R),"Middle Temporal Gyrus, posterior division (R)",dti_brain,9.0,False,white matter (tractography)
Insular Cortex (R),"Middle Temporal Gyrus, temporooccipital part (L)",dti_brain,1.0,False,white matter (tractography)
Insular Cortex (R),"Middle Temporal Gyrus, temporooccipital part (R)",dti_brain,8.0,False,white matter (tractography)
Insular Cortex (R),Postcentral Gyrus (L),dti_brain,1.0,False,white matter (tractography)
Insular Cortex (R),Postcentral Gyrus (R),dti_brain,87.0,False,white matter (tractography)
Insular Cortex (R),Superior Parietal Lobule (R),dti_brain,56.0,False,white matter (tractography)
Insular Cortex (R),"Supramarginal Gyrus, anterior division (R)",dti_brain,13.0,False,white matter (tractography)
Insular Cortex (R),"Supramarginal Gyrus, posterior division (R)",dti_brain,17.0,False,white matter (tractography)
Insular Cortex (R),"Lateral Occipital Cortex, superior division (L)",dti_brain,4.0,False,white matter (tractography)
Insular Cortex (R),"Lateral Occipital Cortex, superior division (R)",dti_brain,134.0,False,white matter (tractography)
Insular Cortex (R),"Lateral Occipital Cortex, inferior division (L)",dti_brain,1.0,False,white matter (tractography)
Insular Cortex (R),"Lateral Occipital Cortex, inferior division (R)",dti_brain,17.0,False,white matter (tractography)
Insular Cortex (R),Intracalcarine Cortex (R),dti_brain,1.0,False,white matter (tractography)
Insular Cortex (R),Juxtapositional Lobule Cortex (SMA) (L),dti_brain,1.0,False,white matter (tractography)
Insular Cortex (R),Juxtapositional Lobule Cortex (SMA) (R),dti_brain,49.0,False,white matter (tractography)
Insular Cortex (R),Subcallosal Cortex (R),dti_brain,1.0,False,white matter (tractography)
Insular Cortex (R),Paracingulate Gyrus (R),dti_brain,18.0,False,white matter (tractography)
Insular Cortex (R),Precuneous Cortex (L),dti_brain,2.0,False,white matter (tractography)
Insular Cortex (R),Precuneous Cortex (R),dti_brain,30.0,False,white matter (tractography)
Insular Cortex (R),"Parahippocampal Gyrus, anterior division (R)",dti_brain,1.0,False,white matter (tractography)
Insular Cortex (R),"Parahippocampal Gyrus, posterior division (R)",dti_brain,2.0,False,white matter (tractography)
Insular Cortex (R),Lingual Gyrus (L),dti_brain,1.0,False,white matter (tractography)
Insular Cortex (R),Lingual Gyrus (R),dti_brain,2.0,False,white matter (tractography)
Insular Cortex (R),"Temporal Fusiform Cortex, anterior division (R)",dti_brain,1.0,False,white matter (tractography)
Insular Cortex (R),"Temporal Fusiform Cortex, posterior division (L)",dti_brain,2.0,False,white matter (tractography)
Insular Cortex (R),"Temporal Fusiform Cortex, posterior division (R)",dti_brain,8.0,False,white matter (tractography)
Insular Cortex (R),Temporal Occipital Fusiform Cortex (R),dti_brain,7.0,False,white matter (tractography)
Insular Cortex (R),Occipital Fusiform Gyrus (R),dti_brain,20.0,False,white matter (tractography)
Insular Cortex (R),Parietal Operculum Cortex (R),dti_brain,27.0,False,white matter (tractography)
Insular Cortex (R),Planum Polare (L),dti_brain,1.0,False,white matter (tractography)
Insular Cortex (R),Planum Polare (R),dti_brain,7.0,False,white matter (tractography)
Insular Cortex (R),Planum Temporale (L),dti_brain,4.0,False,white matter (tractography)
Insular Cortex (R),Planum Temporale (R),dti_brain,14.0,False,white matter (tractography)
Insular Cortex (R),Supracalcarine Cortex (R),dti_brain,10.0,False,white matter (tractography)
Insular Cortex (R),Occipital Pole (L),dti_brain,1.0,False,white matter (tractography)
Insular Cortex (R),Occipital Pole (R),dti_brain,51.0,False,white matter (tractography)
Insular Cortex (R),Thalamus (L),dti_brain,11.0,False,white matter (tractography)
Insular Cortex (R),Thalamus (R),dti_brain,60.0,False,white matter (tractography)
Insular Cortex (R),Putamen (R),dti_brain,56.0,False,white matter (tractography)
Insular Cortex (R),Pallidum (R),dti_brain,12.0,False,white matter (tractography)
Superior Frontal Gyrus (L),Superior Frontal Gyrus (R),dti_brain,13.0,False,white matter (tractography)
Superior Frontal Gyrus (L),Temporal Pole (L),dti_brain,17.0,False,white matter (tractography)
Superior Frontal Gyrus (L),"Superior Temporal Gyrus, anterior division (L)",dti_brain,1.0,False,white matter (tractography)
Superior Frontal Gyrus (L),Superior Parietal Lobule (L),dti_brain,22.0,False,white matter (tractography)
Superior Frontal Gyrus (L),"Supramarginal Gyrus, anterior division (L)",dti_brain,2.0,False,white matter (tractography)
Superior Frontal Gyrus (L),"Supramarginal Gyrus, posterior division (L)",dti_brain,7.0,False,white matter (tractography)
Superior Frontal Gyrus (L),"Temporal Fusiform Cortex, anterior division (L)",dti_brain,1.0,False,white matter (tractography)
Superior Frontal Gyrus (L),"Temporal Fusiform Cortex, posterior division (L)",dti_brain,8.0,False,white matter (tractography)
Superior Frontal Gyrus (L),Temporal Occipital Fusiform Cortex (L),dti_brain,1.0,False,white matter (tractography)
Superior Frontal Gyrus (L),Supracalcarine Cortex (L),dti_brain,1.0,False,white matter (tractography)
Superior Frontal Gyrus (L),Thalamus (L),dti_brain,142.0,False,white matter (tractography)
Superior Frontal Gyrus (L),Thalamus (R),dti_brain,6.0,False,white matter (tractography)
Superior Frontal Gyrus (R),Temporal Pole (R),dti_brain,6.0,False,white matter (tractography)
Superior Frontal Gyrus (R),"Superior Temporal Gyrus, posterior division (R)",dti_brain,2.0,False,white matter (tractography)
Superior Frontal Gyrus (R),Superior Parietal Lobule (R),dti_brain,16.0,False,white matter (tractography)
Superior Frontal Gyrus (R),"Supramarginal Gyrus, anterior division (R)",dti_brain,2.0,False,white matter (tractography)
Superior Frontal Gyrus (R),"Supramarginal Gyrus, posterior division (R)",dti_brain,3.0,False,white matter (tractography)
Superior Frontal Gyrus (R),Thalamus (L),dti_brain,3.0,False,white matter (tractography)
Superior Frontal Gyrus (R),Thalamus (R),dti_brain,58.0,False,white matter (tractography)
Middle Frontal Gyrus (L),Superior Frontal Gyrus (L),dti_brain,94.0,False,white matter (tractography)
Middle Frontal Gyrus (L),Precentral Gyrus (L),dti_brain,136.0,False,white matter (tractography)
Middle Frontal Gyrus (L),Precentral Gyrus (R),dti_brain,1.0,False,white matter (tractography)
Middle Frontal Gyrus (L),Temporal Pole (L),dti_brain,4.0,False,white matter (tractography)
Middle Frontal Gyrus (L),"Middle Temporal Gyrus, anterior division (L)",dti_brain,4.0,False,white matter (tractography)
Middle Frontal Gyrus (L),"Middle Temporal Gyrus, posterior division (L)",dti_brain,5.0,False,white matter (tractography)
Middle Frontal Gyrus (L),"Middle Temporal Gyrus, temporooccipital part (L)",dti_brain,1.0,False,white matter (tractography)
Middle Frontal Gyrus (L),Postcentral Gyrus (L),dti_brain,45.0,False,white matter (tractography)
Middle Frontal Gyrus (L),Superior Parietal Lobule (L),dti_brain,52.0,False,white matter (tractography)
Middle Frontal Gyrus (L),"Supramarginal Gyrus, posterior division (L)",dti_brain,9.0,False,white matter (tractography)
Middle Frontal Gyrus (L),Subcallosal Cortex (L),dti_brain,1.0,False,white matter (tractography)
Middle Frontal Gyrus (L),Paracingulate Gyrus (L),dti_brain,10.0,False,white matter (tractography)
Middle Frontal Gyrus (L),Paracingulate Gyrus (R),dti_brain,1.0,False,white matter (tractography)
Middle Frontal Gyrus (L),Precuneous Cortex (L),dti_brain,8.0,False,white matter (tractography)
Middle Frontal Gyrus (L),"Temporal Fusiform Cortex, anterior division (L)",dti_brain,1.0,False,white matter (tractography)
Middle Frontal Gyrus (L),"Temporal Fusiform Cortex, posterior division (L)",dti_brain,3.0,False,white matter (tractography)
Middle Frontal Gyrus (L),Temporal Occipital Fusiform Cortex (L),dti_brain,1.0,False,white matter (tractography)
Middle Frontal Gyrus (L),Occipital Fusiform Gyrus (L),dti_brain,15.0,False,white matter (tractography)
Middle Frontal Gyrus (L),Parietal Operculum Cortex (L),dti_brain,6.0,False,white matter (tractography)
Middle Frontal Gyrus (L),Planum Polare (L),dti_brain,1.0,False,white matter (tractography)
Middle Frontal Gyrus (L),Planum Temporale (L),dti_brain,7.0,False,white matter (tractography)
Middle Frontal Gyrus (L),Occipital Pole (L),dti_brain,10.0,False,white matter (tractography)
Middle Frontal Gyrus (L),Thalamus (L),dti_brain,46.0,False,white matter (tractography)
Middle Frontal Gyrus (L),Putamen (L),dti_brain,34.0,False,white matter (tractography)
Middle Frontal Gyrus (L),Pallidum (L),dti_brain,10.0,False,white matter (tractography)
Middle Frontal Gyrus (L),Thalamus (R),dti_brain,1.0,False,white matter (tractography)
Middle Frontal Gyrus (R),Superior Frontal Gyrus (L),dti_brain,4.0,False,white matter (tractography)
Middle Frontal Gyrus (R),Superior Frontal Gyrus (R),dti_brain,144.0,False,white matter (tractography)
Middle Frontal Gyrus (R),Precentral Gyrus (L),dti_brain,4.0,False,white matter (tractography)
Middle Frontal Gyrus (R),Precentral Gyrus (R),dti_brain,112.0,False,white matter (tractography)
Middle Frontal Gyrus (R),Temporal Pole (R),dti_brain,2.0,False,white matter (tractography)
Middle Frontal Gyrus (R),"Middle Temporal Gyrus, anterior division (L)",dti_brain,1.0,False,white matter (tractography)
Middle Frontal Gyrus (R),"Middle Temporal Gyrus, posterior division (R)",dti_brain,2.0,False,white matter (tractography)
Middle Frontal Gyrus (R),"Middle Temporal Gyrus, temporooccipital part (R)",dti_brain,1.0,False,white matter (tractography)
Middle Frontal Gyrus (R),Postcentral Gyrus (R),dti_brain,22.0,False,white matter (tractography)
Middle Frontal Gyrus (R),Superior Parietal Lobule (R),dti_brain,6.0,False,white matter (tractography)
Middle Frontal Gyrus (R),"Supramarginal Gyrus, posterior division (R)",dti_brain,12.0,False,white matter (tractography)
Middle Frontal Gyrus (R),Paracingulate Gyrus (L),dti_brain,2.0,False,white matter (tractography)
Middle Frontal Gyrus (R),Paracingulate Gyrus (R),dti_brain,23.0,False,white matter (tractography)
Middle Frontal Gyrus (R),Precuneous Cortex (R),dti_brain,3.0,False,white matter (tractography)
Middle Frontal Gyrus (R),"Parahippocampal Gyrus, anterior division (R)",dti_brain,1.0,False,white matter (tractography)
Middle Frontal Gyrus (R),"Parahippocampal Gyrus, posterior division (R)",dti_brain,1.0,False,white matter (tractography)
Middle Frontal Gyrus (R),Temporal Occipital Fusiform Cortex (R),dti_brain,1.0,False,white matter (tractography)
Middle Frontal Gyrus (R),Occipital Fusiform Gyrus (R),dti_brain,1.0,False,white matter (tractography)
Middle Frontal Gyrus (R),Parietal Operculum Cortex (R),dti_brain,8.0,False,white matter (tractography)
Middle Frontal Gyrus (R),Planum Polare (R),dti_brain,1.0,False,white matter (tractography)
Middle Frontal Gyrus (R),Planum Temporale (R),dti_brain,1.0,False,white matter (tractography)
Middle Frontal Gyrus (R),Occipital Pole (R),dti_brain,1.0,False,white matter (tractography)
Middle Frontal Gyrus (R),Thalamus (L),dti_brain,2.0,False,white matter (tractography)
Middle Frontal Gyrus (R),Pallidum (L),dti_brain,1.0,False,white matter (tractography)
Middle Frontal Gyrus (R),Thalamus (R),dti_brain,48.0,False,white matter (tractography)
Middle Frontal Gyrus (R),Putamen (R),dti_brain,31.0,False,white matter (tractography)
Middle Frontal Gyrus (R),Pallidum (R),dti_brain,7.0,False,white matter (tractography)
"Inferior Frontal Gyrus, pars triangularis (L)",Insular Cortex (L),dti_brain,1.0,False,white matter (tractography)
"Inferior Frontal Gyrus, pars triangularis (L)",Superior Frontal Gyrus (L),dti_brain,22.0,False,white matter (tractography)
"Inferior Frontal Gyrus, pars triangularis (L)",Middle Frontal Gyrus (L),dti_brain,6.0,False,white matter (tractography)
"Inferior Frontal Gyrus, pars triangularis (L)",Precentral Gyrus (L),dti_brain,13.0,False,white matter (tractography)
"Inferior Frontal Gyrus, pars triangularis (L)","Middle Temporal Gyrus, posterior division (L)",dti_brain,2.0,False,white matter (tractography)
"Inferior Frontal Gyrus, pars triangularis (L)","Inferior Temporal Gyrus, anterior division (L)",dti_brain,3.0,False,white matter (tractography)
"Inferior Frontal Gyrus, pars triangularis (L)","Inferior Temporal Gyrus, posterior division (L)",dti_brain,5.0,False,white matter (tractography)
"Inferior Frontal Gyrus, pars triangularis (L)","Inferior Temporal Gyrus, temporooccipital part (L)",dti_brain,4.0,False,white matter (tractography)
"Inferior Frontal Gyrus, pars triangularis (L)",Postcentral Gyrus (L),dti_brain,6.0,False,white matter (tractography)
"Inferior Frontal Gyrus, pars triangularis (L)",Superior Parietal Lobule (L),dti_brain,2.0,False,white matter (tractography)
"Inferior Frontal Gyrus, pars triangularis (L)","Supramarginal Gyrus, posterior division (L)",dti_brain,1.0,False,white matter (tractography)
"Inferior Frontal Gyrus, pars triangularis (L)","Lateral Occipital Cortex, superior division (L)",dti_brain,3.0,False,white matter (tractography)
"Inferior Frontal Gyrus, pars triangularis (L)","Lateral Occipital Cortex, inferior division (L)",dti_brain,2.0,False,white matter (tractography)
"Inferior Frontal Gyrus, pars triangularis (L)",Paracingulate Gyrus (L),dti_brain,3.0,False,white matter (tractography)
"Inferior Frontal Gyrus, pars triangularis (L)","Temporal Fusiform Cortex, posterior division (L)",dti_brain,1.0,False,white matter (tractography)
"Inferior Frontal Gyrus, pars triangularis (L)",Occipital Pole (L),dti_brain,1.0,False,white matter (tractography)
"Inferior Frontal Gyrus, pars triangularis (L)",Thalamus (L),dti_brain,8.0,False,white matter (tractography)
"Inferior Frontal Gyrus, pars triangularis (L)",Putamen (L),dti_brain,1.0,False,white matter (tractography)
"Inferior Frontal Gyrus, pars triangularis (L)",Thalamus (R),dti_brain,1.0,False,white matter (tractography)
"Inferior Frontal Gyrus, pars triangularis (R)",Superior Frontal Gyrus (R),dti_brain,17.0,False,white matter (tractography)
"Inferior Frontal Gyrus, pars triangularis (R)",Middle Frontal Gyrus (R),dti_brain,6.0,False,white matter (tractography)
"Inferior Frontal Gyrus, pars triangularis (R)",Precentral Gyrus (L),dti_brain,1.0,False,white matter (tractography)
"Inferior Frontal Gyrus, pars triangularis (R)",Precentral Gyrus (R),dti_brain,8.0,False,white matter (tractography)
"Inferior Frontal Gyrus, pars triangularis (R)",Postcentral Gyrus (R),dti_brain,2.0,False,white matter (tractography)
"Inferior Frontal Gyrus, pars triangularis (R)",Superior Parietal Lobule (R),dti_brain,2.0,False,white matter (tractography)
"Inferior Frontal Gyrus, pars triangularis (R)","Supramarginal Gyrus, posterior division (R)",dti_brain,3.0,False,white matter (tractography)
"Inferior Frontal Gyrus, pars triangularis (R)","Lateral Occipital Cortex, superior division (R)",dti_brain,1.0,False,white matter (tractography)
"Inferior Frontal Gyrus, pars triangularis (R)",Juxtapositional Lobule Cortex (SMA) (R),dti_brain,1.0,False,white matter (tractography)
"Inferior Frontal Gyrus, pars triangularis (R)",Paracingulate Gyrus (R),dti_brain,2.0,False,white matter (tractography)
"Inferior Frontal Gyrus, pars triangularis (R)",Occipital Fusiform Gyrus (R),dti_brain,2.0,False,white matter (tractography)
"Inferior Frontal Gyrus, pars triangularis (R)",Parietal Operculum Cortex (R),dti_brain,1.0,False,white matter (tractography)
"Inferior Frontal Gyrus, pars triangularis (R)",Thalamus (L),dti_brain,1.0,False,white matter (tractography)
"Inferior Frontal Gyrus, pars triangularis (R)",Thalamus (R),dti_brain,1.0,False,white matter (tractography)
"Inferior Frontal Gyrus, pars triangularis (R)",Putamen (R),dti_brain,6.0,False,white matter (tractography)
"Inferior Frontal Gyrus, pars opercularis (L)",Insular Cortex (L),dti_brain,3.0,False,white matter (tractography)
"Inferior Frontal Gyrus, pars opercularis (L)",Superior Frontal Gyrus (L),dti_brain,14.0,False,white matter (tractography)
"Inferior Frontal Gyrus, pars opercularis (L)",Superior Frontal Gyrus (R),dti_brain,1.0,False,white matter (tractography)
"Inferior Frontal Gyrus, pars opercularis (L)",Middle Frontal Gyrus (L),dti_brain,10.0,False,white matter (tractography)
"Inferior Frontal Gyrus, pars opercularis (L)",Precentral Gyrus (L),dti_brain,18.0,False,white matter (tractography)
"Inferior Frontal Gyrus, pars opercularis (L)","Middle Temporal Gyrus, posterior division (L)",dti_brain,1.0,False,white matter (tractography)
"Inferior Frontal Gyrus, pars opercularis (L)","Middle Temporal Gyrus, temporooccipital part (L)",dti_brain,1.0,False,white matter (tractography)
"Inferior Frontal Gyrus, pars opercularis (L)","Inferior Temporal Gyrus, anterior division (L)",dti_brain,1.0,False,white matter (tractography)
"Inferior Frontal Gyrus, pars opercularis (L)","Inferior Temporal Gyrus, posterior division (L)",dti_brain,7.0,False,white matter (tractography)
"Inferior Frontal Gyrus, pars opercularis (L)","Inferior Temporal Gyrus, temporooccipital part (L)",dti_brain,6.0,False,white matter (tractography)
"Inferior Frontal Gyrus, pars opercularis (L)",Postcentral Gyrus (L),dti_brain,10.0,False,white matter (tractography)
"Inferior Frontal Gyrus, pars opercularis (L)",Superior Parietal Lobule (L),dti_brain,3.0,False,white matter (tractography)
"Inferior Frontal Gyrus, pars opercularis (L)","Lateral Occipital Cortex, superior division (L)",dti_brain,2.0,False,white matter (tractography)
"Inferior Frontal Gyrus, pars opercularis (L)","Lateral Occipital Cortex, inferior division (L)",dti_brain,2.0,False,white matter (tractography)
"Inferior Frontal Gyrus, pars opercularis (L)",Juxtapositional Lobule Cortex (SMA) (L),dti_brain,2.0,False,white matter (tractography)
"Inferior Frontal Gyrus, pars opercularis (L)",Temporal Occipital Fusiform Cortex (L),dti_brain,2.0,False,white matter (tractography)
"Inferior Frontal Gyrus, pars opercularis (L)",Parietal Operculum Cortex (L),dti_brain,3.0,False,white matter (tractography)
"Inferior Frontal Gyrus, pars opercularis (L)",Planum Temporale (L),dti_brain,3.0,False,white matter (tractography)
"Inferior Frontal Gyrus, pars opercularis (L)",Putamen (L),dti_brain,4.0,False,white matter (tractography)
"Inferior Frontal Gyrus, pars opercularis (L)",Pallidum (L),dti_brain,1.0,False,white matter (tractography)
"Inferior Frontal Gyrus, pars opercularis (L)",Thalamus (R),dti_brain,2.0,False,white matter (tractography)
"Inferior Frontal Gyrus, pars opercularis (R)",Insular Cortex (R),dti_brain,8.0,False,white matter (tractography)
"Inferior Frontal Gyrus, pars opercularis (R)",Superior Frontal Gyrus (L),dti_brain,1.0,False,white matter (tractography)
"Inferior Frontal Gyrus, pars opercularis (R)",Superior Frontal Gyrus (R),dti_brain,26.0,False,white matter (tractography)
"Inferior Frontal Gyrus, pars opercularis (R)",Middle Frontal Gyrus (R),dti_brain,19.0,False,white matter (tractography)
"Inferior Frontal Gyrus, pars opercularis (R)","Inferior Frontal Gyrus, pars triangularis (R)",dti_brain,2.0,False,white matter (tractography)
"Inferior Frontal Gyrus, pars opercularis (R)",Precentral Gyrus (L),dti_brain,3.0,False,white matter (tractography)
"Inferior Frontal Gyrus, pars opercularis (R)",Precentral Gyrus (R),dti_brain,38.0,False,white matter (tractography)
"Inferior Frontal Gyrus, pars opercularis (R)",Temporal Pole (R),dti_brain,1.0,False,white matter (tractography)
"Inferior Frontal Gyrus, pars opercularis (R)","Middle Temporal Gyrus, posterior division (L)",dti_brain,1.0,False,white matter (tractography)
"Inferior Frontal Gyrus, pars opercularis (R)","Inferior Temporal Gyrus, posterior division (R)",dti_brain,1.0,False,white matter (tractography)
"Inferior Frontal Gyrus, pars opercularis (R)","Inferior Temporal Gyrus, temporooccipital part (R)",dti_brain,1.0,False,white matter (tractography)
"Inferior Frontal Gyrus, pars opercularis (R)",Postcentral Gyrus (L),dti_brain,3.0,False,white matter (tractography)
"Inferior Frontal Gyrus, pars opercularis (R)",Postcentral Gyrus (R),dti_brain,13.0,False,white matter (tractography)
"Inferior Frontal Gyrus, pars opercularis (R)",Superior Parietal Lobule (R),dti_brain,5.0,False,white matter (tractography)
"Inferior Frontal Gyrus, pars opercularis (R)","Supramarginal Gyrus, anterior division (R)",dti_brain,6.0,False,white matter (tractography)
"Inferior Frontal Gyrus, pars opercularis (R)","Supramarginal Gyrus, posterior division (R)",dti_brain,25.0,False,white matter (tractography)
"Inferior Frontal Gyrus, pars opercularis (R)","Lateral Occipital Cortex, superior division (R)",dti_brain,17.0,False,white matter (tractography)
"Inferior Frontal Gyrus, pars opercularis (R)","Lateral Occipital Cortex, inferior division (R)",dti_brain,1.0,False,white matter (tractography)
"Inferior Frontal Gyrus, pars opercularis (R)",Juxtapositional Lobule Cortex (SMA) (R),dti_brain,10.0,False,white matter (tractography)
"Inferior Frontal Gyrus, pars opercularis (R)",Paracingulate Gyrus (R),dti_brain,4.0,False,white matter (tractography)
"Inferior Frontal Gyrus, pars opercularis (R)",Precuneous Cortex (L),dti_brain,1.0,False,white matter (tractography)
"Inferior Frontal Gyrus, pars opercularis (R)",Precuneous Cortex (R),dti_brain,7.0,False,white matter (tractography)
"Inferior Frontal Gyrus, pars opercularis (R)","Parahippocampal Gyrus, anterior division (R)",dti_brain,1.0,False,white matter (tractography)
"Inferior Frontal Gyrus, pars opercularis (R)",Parietal Operculum Cortex (R),dti_brain,15.0,False,white matter (tractography)
"Inferior Frontal Gyrus, pars opercularis (R)",Planum Polare (R),dti_brain,2.0,False,white matter (tractography)
"Inferior Frontal Gyrus, pars opercularis (R)",Occipital Pole (R),dti_brain,1.0,False,white matter (tractography)
"Inferior Frontal Gyrus, pars opercularis (R)",Thalamus (L),dti_brain,2.0,False,white matter (tractography)
"Inferior Frontal Gyrus, pars opercularis (R)",Pallidum (L),dti_brain,1.0,False,white matter (tractography)
"Inferior Frontal Gyrus, pars opercularis (R)",Thalamus (R),dti_brain,19.0,False,white matter (tractography)
"Inferior Frontal Gyrus, pars opercularis (R)",Putamen (R),dti_brain,15.0,False,white matter (tractography)
"Inferior Frontal Gyrus, pars opercularis (R)",Pallidum (R),dti_brain,10.0,False,white matter (tractography)
Precentral Gyrus (L),Superior Frontal Gyrus (L),dti_brain,171.0,False,white matter (tractography)
Precentral Gyrus (L),Superior Frontal Gyrus (R),dti_brain,5.0,False,white matter (tractography)
Precentral Gyrus (L),Precentral Gyrus (R),dti_brain,13.0,False,white matter (tractography)
Precentral Gyrus (L),Temporal Pole (L),dti_brain,13.0,False,white matter (tractography)
Precentral Gyrus (L),"Superior Temporal Gyrus, posterior division (L)",dti_brain,2.0,False,white matter (tractography)
Precentral Gyrus (L),Superior Parietal Lobule (L),dti_brain,96.0,False,white matter (tractography)
Precentral Gyrus (L),Superior Parietal Lobule (R),dti_brain,8.0,False,white matter (tractography)
Precentral Gyrus (L),"Supramarginal Gyrus, anterior division (L)",dti_brain,12.0,False,white matter (tractography)
Precentral Gyrus (L),"Supramarginal Gyrus, posterior division (L)",dti_brain,59.0,False,white matter (tractography)
Precentral Gyrus (L),Precuneous Cortex (L),dti_brain,44.0,False,white matter (tractography)
Precentral Gyrus (L),Precuneous Cortex (R),dti_brain,4.0,False,white matter (tractography)
Precentral Gyrus (L),"Temporal Fusiform Cortex, anterior division (L)",dti_brain,3.0,False,white matter (tractography)
Precentral Gyrus (L),"Temporal Fusiform Cortex, posterior division (L)",dti_brain,6.0,False,white matter (tractography)
Precentral Gyrus (L),Temporal Occipital Fusiform Cortex (L),dti_brain,6.0,False,white matter (tractography)
Precentral Gyrus (L),Supracalcarine Cortex (L),dti_brain,2.0,False,white matter (tractography)
Precentral Gyrus (L),Thalamus (L),dti_brain,224.0,False,white matter (tractography)
Precentral Gyrus (L),Putamen (L),dti_brain,183.0,False,white matter (tractography)
Precentral Gyrus (L),Brain-Stem,anatomy,1.0,True,corticospinal/corticobulbar fibres traverse brainstem
Precentral Gyrus (L),Thalamus (R),dti_brain,15.0,False,white matter (tractography)
Precentral Gyrus (L),Putamen (R),dti_brain,1.0,False,white matter (tractography)
Precentral Gyrus (L),Reticular formation (L),anatomy,1.0,True,corticoreticular
Precentral Gyrus (L),Red nucleus (L),anatomy,1.0,True,corticorubral
Precentral Gyrus (L),C1 R ventral horn,pam50_tract,3.9257,True,lateral corticospinal tract (R cord)
Precentral Gyrus (L),C1 R ventral horn,pam50_tract,0.5774,True,ventral corticospinal tract (L cord)
Precentral Gyrus (L),C1 R intermediate zone,pam50_tract,3.9257,True,lateral corticospinal tract (R cord)
Precentral Gyrus (L),C2 R ventral horn,pam50_tract,3.4877,True,lateral corticospinal tract (R cord)
Precentral Gyrus (L),C2 R ventral horn,pam50_tract,0.5397,True,ventral corticospinal tract (L cord)
Precentral Gyrus (L),C2 R intermediate zone,pam50_tract,3.4877,True,lateral corticospinal tract (R cord)
Precentral Gyrus (L),C3 R ventral horn,pam50_tract,3.7268,True,lateral corticospinal tract (R cord)
Precentral Gyrus (L),C3 R ventral horn,pam50_tract,0.6504,True,ventral corticospinal tract (L cord)
Precentral Gyrus (L),C3 R intermediate zone,pam50_tract,3.7268,True,lateral corticospinal tract (R cord)
Precentral Gyrus (L),C4 R ventral horn,pam50_tract,4.2292,True,lateral corticospinal tract (R cord)
Precentral Gyrus (L),C4 R ventral horn,pam50_tract,0.7059,True,ventral corticospinal tract (L cord)
Precentral Gyrus (L),C4 R intermediate zone,pam50_tract,4.2292,True,lateral corticospinal tract (R cord)
Precentral Gyrus (L),C5 R ventral horn,pam50_tract,5.0411,True,lateral corticospinal tract (R cord)
Precentral Gyrus (L),C5 R ventral horn,pam50_tract,0.8077,True,ventral corticospinal tract (L cord)
Precentral Gyrus (L),C5 R intermediate zone,pam50_tract,5.0411,True,lateral corticospinal tract (R cord)
Precentral Gyrus (L),C6 R ventral horn,pam50_tract,5.1347,True,lateral corticospinal tract (R cord)
Precentral Gyrus (L),C6 R ventral horn,pam50_tract,1.0079,True,ventral corticospinal tract (L cord)
Precentral Gyrus (L),C6 R intermediate zone,pam50_tract,5.1347,True,lateral corticospinal tract (R cord)
Precentral Gyrus (L),C7 R ventral horn,pam50_tract,4.6001,True,lateral corticospinal tract (R cord)
Precentral Gyrus (L),C7 R ventral horn,pam50_tract,1.1188,True,ventral corticospinal tract (L cord)
Precentral Gyrus (L),C7 R intermediate zone,pam50_tract,4.6001,True,lateral corticospinal tract (R cord)
Precentral Gyrus (L),C8 R ventral horn,pam50_tract,3.8662,True,lateral corticospinal tract (R cord)
Precentral Gyrus (L),C8 R ventral horn,pam50_tract,0.9913,True,ventral corticospinal tract (L cord)
Precentral Gyrus (L),C8 R intermediate zone,pam50_tract,3.8662,True,lateral corticospinal tract (R cord)
Precentral Gyrus (L),T1 R ventral horn,pam50_tract,3.1233,True,lateral corticospinal tract (R cord)
Precentral Gyrus (L),T1 R ventral horn,pam50_tract,0.7634,True,ventral corticospinal tract (L cord)
Precentral Gyrus (L),T1 R intermediate zone,pam50_tract,3.1233,True,lateral corticospinal tract (R cord)
Precentral Gyrus (L),T2 R ventral horn,pam50_tract,2.8648,True,lateral corticospinal tract (R cord)
Precentral Gyrus (L),T2 R ventral horn,pam50_tract,0.5754,True,ventral corticospinal tract (L cord)
Precentral Gyrus (L),T2 R intermediate zone,pam50_tract,2.8648,True,lateral corticospinal tract (R cord)
Precentral Gyrus (L),T3 R ventral horn,pam50_tract,3.0343,True,lateral corticospinal tract (R cord)
Precentral Gyrus (L),T3 R ventral horn,pam50_tract,0.4996,True,ventral corticospinal tract (L cord)
Precentral Gyrus (L),T3 R intermediate zone,pam50_tract,3.0343,True,lateral corticospinal tract (R cord)
Precentral Gyrus (L),T4 R ventral horn,pam50_tract,2.7602,True,lateral corticospinal tract (R cord)
Precentral Gyrus (L),T4 R ventral horn,pam50_tract,0.5458,True,ventral corticospinal tract (L cord)
Precentral Gyrus (L),T4 R intermediate zone,pam50_tract,2.7602,True,lateral corticospinal tract (R cord)
Precentral Gyrus (L),T5 R ventral horn,pam50_tract,2.7659,True,lateral corticospinal tract (R cord)
Precentral Gyrus (L),T5 R ventral horn,pam50_tract,0.4779,True,ventral corticospinal tract (L cord)
Precentral Gyrus (L),T5 R intermediate zone,pam50_tract,2.7659,True,lateral corticospinal tract (R cord)
Precentral Gyrus (L),T6 R ventral horn,pam50_tract,2.545,True,lateral corticospinal tract (R cord)
Precentral Gyrus (L),T6 R ventral horn,pam50_tract,0.4565,True,ventral corticospinal tract (L cord)
Precentral Gyrus (L),T6 R intermediate zone,pam50_tract,2.545,True,lateral corticospinal tract (R cord)
Precentral Gyrus (L),T7 R ventral horn,pam50_tract,2.3186,True,lateral corticospinal tract (R cord)
Precentral Gyrus (L),T7 R intermediate zone,pam50_tract,2.3186,True,lateral corticospinal tract (R cord)
Precentral Gyrus (L),T8 R ventral horn,pam50_tract,2.3061,True,lateral corticospinal tract (R cord)
Precentral Gyrus (L),T8 R intermediate zone,pam50_tract,2.3061,True,lateral corticospinal tract (R cord)
Precentral Gyrus (L),T9 R ventral horn,pam50_tract,2.4541,True,lateral corticospinal tract (R cord)
Precentral Gyrus (L),T9 R intermediate zone,pam50_tract,2.4541,True,lateral corticospinal tract (R cord)
Precentral Gyrus (L),T10 R ventral horn,pam50_tract,2.3837,True,lateral corticospinal tract (R cord)
Precentral Gyrus (L),T10 R intermediate zone,pam50_tract,2.3837,True,lateral corticospinal tract (R cord)
Precentral Gyrus (L),T11 R ventral horn,pam50_tract,2.7426,True,lateral corticospinal tract (R cord)
Precentral Gyrus (L),T11 R intermediate zone,pam50_tract,2.7426,True,lateral corticospinal tract (R cord)
Precentral Gyrus (L),T12 R ventral horn,pam50_tract,2.5672,True,lateral corticospinal tract (R cord)
Precentral Gyrus (L),T12 R intermediate zone,pam50_tract,2.5672,True,lateral corticospinal tract (R cord)
Precentral Gyrus (L),L1 R ventral horn,pam50_tract,2.5392,True,lateral corticospinal tract (R cord)
Precentral Gyrus (L),L1 R intermediate zone,pam50_tract,2.5392,True,lateral corticospinal tract (R cord)
Precentral Gyrus (L),L2 R ventral horn,pam50_tract,3.0935,True,lateral corticospinal tract (R cord)
Precentral Gyrus (L),L2 R intermediate zone,pam50_tract,3.0935,True,lateral corticospinal tract (R cord)
Precentral Gyrus (L),L3 R ventral horn,pam50_tract,3.2221,True,lateral corticospinal tract (R cord)
Precentral Gyrus (L),L3 R intermediate zone,pam50_tract,3.2221,True,lateral corticospinal tract (R cord)
Precentral Gyrus (L),L4 R ventral horn,pam50_tract,2.8705,True,lateral corticospinal tract (R cord)
Precentral Gyrus (L),L4 R intermediate zone,pam50_tract,2.8705,True,lateral corticospinal tract (R cord)
Precentral Gyrus (L),L5 R ventral horn,pam50_tract,2.1088,True,lateral corticospinal tract (R cord)
Precentral Gyrus (L),L5 R intermediate zone,pam50_tract,2.1088,True,lateral corticospinal tract (R cord)
Precentral Gyrus (L),S1 R ventral horn,pam50_tract,1.247,True,lateral corticospinal tract (R cord)
Precentral Gyrus (L),S1 R intermediate zone,pam50_tract,1.247,True,lateral corticospinal tract (R cord)
Precentral Gyrus (L),S2 R ventral horn,pam50_tract,0.4328,True,lateral corticospinal tract (R cord)
Precentral Gyrus (L),S2 R intermediate zone,pam50_tract,0.4328,True,lateral corticospinal tract (R cord)
Precentral Gyrus (R),Superior Frontal Gyrus (L),dti_brain,2.0,False,white matter (tractography)
Precentral Gyrus (R),Superior Frontal Gyrus (R),dti_brain,148.0,False,white matter (tractography)
Precentral Gyrus (R),Temporal Pole (R),dti_brain,26.0,False,white matter (tractography)
Precentral Gyrus (R),Superior Parietal Lobule (R),dti_brain,77.0,False,white matter (tractography)
Precentral Gyrus (R),"Supramarginal Gyrus, anterior division (R)",dti_brain,10.0,False,white matter (tractography)
Precentral Gyrus (R),"Supramarginal Gyrus, posterior division (R)",dti_brain,46.0,False,white matter (tractography)
Precentral Gyrus (R),Subcallosal Cortex (R),dti_brain,1.0,False,white matter (tractography)
Precentral Gyrus (R),Precuneous Cortex (L),dti_brain,2.0,False,white matter (tractography)
Precentral Gyrus (R),Precuneous Cortex (R),dti_brain,34.0,False,white matter (tractography)
Precentral Gyrus (R),"Temporal Fusiform Cortex, posterior division (R)",dti_brain,2.0,False,white matter (tractography)
Precentral Gyrus (R),Supracalcarine Cortex (R),dti_brain,1.0,False,white matter (tractography)
Precentral Gyrus (R),Thalamus (L),dti_brain,23.0,False,white matter (tractography)
Precentral Gyrus (R),Putamen (L),dti_brain,1.0,False,white matter (tractography)
Precentral Gyrus (R),Brain-Stem,anatomy,1.0,True,corticospinal/corticobulbar fibres traverse brainstem
Precentral Gyrus (R),Thalamus (R),dti_brain,180.0,False,white matter (tractography)
Precentral Gyrus (R),Putamen (R),dti_brain,186.0,False,white matter (tractography)
Precentral Gyrus (R),Reticular formation (R),anatomy,1.0,True,corticoreticular
Precentral Gyrus (R),Red nucleus (R),anatomy,1.0,True,corticorubral
Precentral Gyrus (R),C1 L ventral horn,pam50_tract,3.9255,True,lateral corticospinal tract (L cord)
Precentral Gyrus (R),C1 L ventral horn,pam50_tract,0.5778,True,ventral corticospinal tract (R cord)
Precentral Gyrus (R),C1 L intermediate zone,pam50_tract,3.9255,True,lateral corticospinal tract (L cord)
Precentral Gyrus (R),C2 L ventral horn,pam50_tract,3.4867,True,lateral corticospinal tract (L cord)
Precentral Gyrus (R),C2 L ventral horn,pam50_tract,0.5409,True,ventral corticospinal tract (R cord)
Precentral Gyrus (R),C2 L intermediate zone,pam50_tract,3.4867,True,lateral corticospinal tract (L cord)
Precentral Gyrus (R),C3 L ventral horn,pam50_tract,3.7252,True,lateral corticospinal tract (L cord)
Precentral Gyrus (R),C3 L ventral horn,pam50_tract,0.6515,True,ventral corticospinal tract (R cord)
Precentral Gyrus (R),C3 L intermediate zone,pam50_tract,3.7252,True,lateral corticospinal tract (L cord)
Precentral Gyrus (R),C4 L ventral horn,pam50_tract,4.2285,True,lateral corticospinal tract (L cord)
Precentral Gyrus (R),C4 L ventral horn,pam50_tract,0.7072,True,ventral corticospinal tract (R cord)
Precentral Gyrus (R),C4 L intermediate zone,pam50_tract,4.2285,True,lateral corticospinal tract (L cord)
Precentral Gyrus (R),C5 L ventral horn,pam50_tract,5.0406,True,lateral corticospinal tract (L cord)
Precentral Gyrus (R),C5 L ventral horn,pam50_tract,0.8087,True,ventral corticospinal tract (R cord)
Precentral Gyrus (R),C5 L intermediate zone,pam50_tract,5.0406,True,lateral corticospinal tract (L cord)
Precentral Gyrus (R),C6 L ventral horn,pam50_tract,5.1346,True,lateral corticospinal tract (L cord)
Precentral Gyrus (R),C6 L ventral horn,pam50_tract,1.0088,True,ventral corticospinal tract (R cord)
Precentral Gyrus (R),C6 L intermediate zone,pam50_tract,5.1346,True,lateral corticospinal tract (L cord)
Precentral Gyrus (R),C7 L ventral horn,pam50_tract,4.5982,True,lateral corticospinal tract (L cord)
Precentral Gyrus (R),C7 L ventral horn,pam50_tract,1.1194,True,ventral corticospinal tract (R cord)
Precentral Gyrus (R),C7 L intermediate zone,pam50_tract,4.5982,True,lateral corticospinal tract (L cord)
Precentral Gyrus (R),C8 L ventral horn,pam50_tract,3.866,True,lateral corticospinal tract (L cord)
Precentral Gyrus (R),C8 L ventral horn,pam50_tract,0.9928,True,ventral corticospinal tract (R cord)
Precentral Gyrus (R),C8 L intermediate zone,pam50_tract,3.866,True,lateral corticospinal tract (L cord)
Precentral Gyrus (R),T1 L ventral horn,pam50_tract,3.1231,True,lateral corticospinal tract (L cord)
Precentral Gyrus (R),T1 L ventral horn,pam50_tract,0.7646,True,ventral corticospinal tract (R cord)
Precentral Gyrus (R),T1 L intermediate zone,pam50_tract,3.1231,True,lateral corticospinal tract (L cord)
Precentral Gyrus (R),T2 L ventral horn,pam50_tract,2.8636,True,lateral corticospinal tract (L cord)
Precentral Gyrus (R),T2 L ventral horn,pam50_tract,0.5778,True,ventral corticospinal tract (R cord)
Precentral Gyrus (R),T2 L intermediate zone,pam50_tract,2.8636,True,lateral corticospinal tract (L cord)
Precentral Gyrus (R),T3 L ventral horn,pam50_tract,3.0343,True,lateral corticospinal tract (L cord)
Precentral Gyrus (R),T3 L ventral horn,pam50_tract,0.501,True,ventral corticospinal tract (R cord)
Precentral Gyrus (R),T3 L intermediate zone,pam50_tract,3.0343,True,lateral corticospinal tract (L cord)
Precentral Gyrus (R),T4 L ventral horn,pam50_tract,2.7594,True,lateral corticospinal tract (L cord)
Precentral Gyrus (R),T4 L ventral horn,pam50_tract,0.5471,True,ventral corticospinal tract (R cord)
Precentral Gyrus (R),T4 L intermediate zone,pam50_tract,2.7594,True,lateral corticospinal tract (L cord)
Precentral Gyrus (R),T5 L ventral horn,pam50_tract,2.766,True,lateral corticospinal tract (L cord)
Precentral Gyrus (R),T5 L ventral horn,pam50_tract,0.4791,True,ventral corticospinal tract (R cord)
Precentral Gyrus (R),T5 L intermediate zone,pam50_tract,2.766,True,lateral corticospinal tract (L cord)
Precentral Gyrus (R),T6 L ventral horn,pam50_tract,2.5461,True,lateral corticospinal tract (L cord)
Precentral Gyrus (R),T6 L ventral horn,pam50_tract,0.4574,True,ventral corticospinal tract (R cord)
Precentral Gyrus (R),T6 L intermediate zone,pam50_tract,2.5461,True,lateral corticospinal tract (L cord)
Precentral Gyrus (R),T7 L ventral horn,pam50_tract,2.318,True,lateral corticospinal tract (L cord)
Precentral Gyrus (R),T7 L intermediate zone,pam50_tract,2.318,True,lateral corticospinal tract (L cord)
Precentral Gyrus (R),T8 L ventral horn,pam50_tract,2.3074,True,lateral corticospinal tract (L cord)
Precentral Gyrus (R),T8 L intermediate zone,pam50_tract,2.3074,True,lateral corticospinal tract (L cord)
Precentral Gyrus (R),T9 L ventral horn,pam50_tract,2.4554,True,lateral corticospinal tract (L cord)
Precentral Gyrus (R),T9 L intermediate zone,pam50_tract,2.4554,True,lateral corticospinal tract (L cord)
Precentral Gyrus (R),T10 L ventral horn,pam50_tract,2.3834,True,lateral corticospinal tract (L cord)
Precentral Gyrus (R),T10 L intermediate zone,pam50_tract,2.3834,True,lateral corticospinal tract (L cord)
Precentral Gyrus (R),T11 L ventral horn,pam50_tract,2.7412,True,lateral corticospinal tract (L cord)
Precentral Gyrus (R),T11 L intermediate zone,pam50_tract,2.7412,True,lateral corticospinal tract (L cord)
Precentral Gyrus (R),T12 L ventral horn,pam50_tract,2.567,True,lateral corticospinal tract (L cord)
Precentral Gyrus (R),T12 L intermediate zone,pam50_tract,2.567,True,lateral corticospinal tract (L cord)
Precentral Gyrus (R),L1 L ventral horn,pam50_tract,2.5392,True,lateral corticospinal tract (L cord)
Precentral Gyrus (R),L1 L intermediate zone,pam50_tract,2.5392,True,lateral corticospinal tract (L cord)
Precentral Gyrus (R),L2 L ventral horn,pam50_tract,3.0935,True,lateral corticospinal tract (L cord)
Precentral Gyrus (R),L2 L intermediate zone,pam50_tract,3.0935,True,lateral corticospinal tract (L cord)
Precentral Gyrus (R),L3 L ventral horn,pam50_tract,3.2221,True,lateral corticospinal tract (L cord)
Precentral Gyrus (R),L3 L intermediate zone,pam50_tract,3.2221,True,lateral corticospinal tract (L cord)
Precentral Gyrus (R),L4 L ventral horn,pam50_tract,2.8705,True,lateral corticospinal tract (L cord)
Precentral Gyrus (R),L4 L intermediate zone,pam50_tract,2.8705,True,lateral corticospinal tract (L cord)
Precentral Gyrus (R),L5 L ventral horn,pam50_tract,2.1088,True,lateral corticospinal tract (L cord)
Precentral Gyrus (R),L5 L intermediate zone,pam50_tract,2.1088,True,lateral corticospinal tract (L cord)
Precentral Gyrus (R),S1 L ventral horn,pam50_tract,1.247,True,lateral corticospinal tract (L cord)
Precentral Gyrus (R),S1 L intermediate zone,pam50_tract,1.247,True,lateral corticospinal tract (L cord)
Precentral Gyrus (R),S2 L ventral horn,pam50_tract,0.4328,True,lateral corticospinal tract (L cord)
Precentral Gyrus (R),S2 L intermediate zone,pam50_tract,0.4328,True,lateral corticospinal tract (L cord)
Temporal Pole (L),Thalamus (L),dti_brain,20.0,False,white matter (tractography)
Temporal Pole (L),Thalamus (R),dti_brain,1.0,False,white matter (tractography)
Temporal Pole (R),Thalamus (L),dti_brain,1.0,False,white matter (tractography)
Temporal Pole (R),Thalamus (R),dti_brain,51.0,False,white matter (tractography)
"Superior Temporal Gyrus, anterior division (L)",Temporal Pole (L),dti_brain,9.0,False,white matter (tractography)
"Superior Temporal Gyrus, anterior division (L)","Supramarginal Gyrus, posterior division (L)",dti_brain,4.0,False,white matter (tractography)
"Superior Temporal Gyrus, anterior division (L)","Temporal Fusiform Cortex, anterior division (L)",dti_brain,1.0,False,white matter (tractography)
"Superior Temporal Gyrus, anterior division (L)","Temporal Fusiform Cortex, posterior division (L)",dti_brain,1.0,False,white matter (tractography)
"Superior Temporal Gyrus, anterior division (L)",Supracalcarine Cortex (L),dti_brain,1.0,False,white matter (tractography)
"Superior Temporal Gyrus, anterior division (L)",Thalamus (L),dti_brain,4.0,False,white matter (tractography)
"Superior Temporal Gyrus, anterior division (R)",Temporal Pole (R),dti_brain,3.0,False,white matter (tractography)
"Superior Temporal Gyrus, anterior division (R)","Supramarginal Gyrus, posterior division (R)",dti_brain,1.0,False,white matter (tractography)
"Superior Temporal Gyrus, anterior division (R)","Temporal Fusiform Cortex, posterior division (R)",dti_brain,1.0,False,white matter (tractography)
"Superior Temporal Gyrus, anterior division (R)",Supracalcarine Cortex (R),dti_brain,1.0,False,white matter (tractography)
"Superior Temporal Gyrus, anterior division (R)",Thalamus (R),dti_brain,2.0,False,white matter (tractography)
"Superior Temporal Gyrus, posterior division (L)",Temporal Pole (L),dti_brain,6.0,False,white matter (tractography)
"Superior Temporal Gyrus, posterior division (L)","Supramarginal Gyrus, posterior division (L)",dti_brain,5.0,False,white matter (tractography)
"Superior Temporal Gyrus, posterior division (L)","Temporal Fusiform Cortex, posterior division (L)",dti_brain,1.0,False,white matter (tractography)
"Superior Temporal Gyrus, posterior division (L)",Thalamus (L),dti_brain,4.0,False,white matter (tractography)
"Superior Temporal Gyrus, posterior division (R)",Temporal Pole (L),dti_brain,1.0,False,white matter (tractography)
"Superior Temporal Gyrus, posterior division (R)",Temporal Pole (R),dti_brain,5.0,False,white matter (tractography)
"Superior Temporal Gyrus, posterior division (R)","Supramarginal Gyrus, posterior division (R)",dti_brain,2.0,False,white matter (tractography)
"Superior Temporal Gyrus, posterior division (R)","Temporal Fusiform Cortex, posterior division (R)",dti_brain,1.0,False,white matter (tractography)
"Superior Temporal Gyrus, posterior division (R)",Thalamus (R),dti_brain,2.0,False,white matter (tractography)
"Middle Temporal Gyrus, anterior division (L)",Superior Frontal Gyrus (L),dti_brain,7.0,False,white matter (tractography)
"Middle Temporal Gyrus, anterior division (L)",Precentral Gyrus (L),dti_brain,15.0,False,white matter (tractography)
"Middle Temporal Gyrus, anterior division (L)",Precentral Gyrus (R),dti_brain,1.0,False,white matter (tractography)
"Middle Temporal Gyrus, anterior division (L)",Temporal Pole (L),dti_brain,4.0,False,white matter (tractography)
"Middle Temporal Gyrus, anterior division (L)",Temporal Pole (R),dti_brain,2.0,False,white matter (tractography)
"Middle Temporal Gyrus, anterior division (L)","Middle Temporal Gyrus, posterior division (L)",dti_brain,14.0,False,white matter (tractography)
"Middle Temporal Gyrus, anterior division (L)","Middle Temporal Gyrus, posterior division (R)",dti_brain,2.0,False,white matter (tractography)
"Middle Temporal Gyrus, anterior division (L)","Middle Temporal Gyrus, temporooccipital part (L)",dti_brain,1.0,False,white matter (tractography)
"Middle Temporal Gyrus, anterior division (L)",Postcentral Gyrus (L),dti_brain,4.0,False,white matter (tractography)
"Middle Temporal Gyrus, anterior division (L)",Postcentral Gyrus (R),dti_brain,1.0,False,white matter (tractography)
"Middle Temporal Gyrus, anterior division (L)",Superior Parietal Lobule (L),dti_brain,9.0,False,white matter (tractography)
"Middle Temporal Gyrus, anterior division (L)",Superior Parietal Lobule (R),dti_brain,4.0,False,white matter (tractography)
"Middle Temporal Gyrus, anterior division (L)","Supramarginal Gyrus, posterior division (L)",dti_brain,1.0,False,white matter (tractography)
"Middle Temporal Gyrus, anterior division (L)","Supramarginal Gyrus, posterior division (R)",dti_brain,1.0,False,white matter (tractography)
"Middle Temporal Gyrus, anterior division (L)",Precuneous Cortex (L),dti_brain,8.0,False,white matter (tractography)
"Middle Temporal Gyrus, anterior division (L)",Precuneous Cortex (R),dti_brain,5.0,False,white matter (tractography)
"Middle Temporal Gyrus, anterior division (L)","Temporal Fusiform Cortex, anterior division (L)",dti_brain,1.0,False,white matter (tractography)
"Middle Temporal Gyrus, anterior division (L)","Temporal Fusiform Cortex, posterior division (L)",dti_brain,7.0,False,white matter (tractography)
"Middle Temporal Gyrus, anterior division (L)",Temporal Occipital Fusiform Cortex (L),dti_brain,7.0,False,white matter (tractography)
"Middle Temporal Gyrus, anterior division (L)",Occipital Fusiform Gyrus (L),dti_brain,9.0,False,white matter (tractography)
"Middle Temporal Gyrus, anterior division (L)",Parietal Operculum Cortex (L),dti_brain,6.0,False,white matter (tractography)
"Middle Temporal Gyrus, anterior division (L)",Planum Polare (L),dti_brain,2.0,False,white matter (tractography)
"Middle Temporal Gyrus, anterior division (L)",Planum Temporale (L),dti_brain,1.0,False,white matter (tractography)
"Middle Temporal Gyrus, anterior division (L)",Supracalcarine Cortex (L),dti_brain,1.0,False,white matter (tractography)
"Middle Temporal Gyrus, anterior division (L)",Supracalcarine Cortex (R),dti_brain,1.0,False,white matter (tractography)
"Middle Temporal Gyrus, anterior division (L)",Occipital Pole (L),dti_brain,8.0,False,white matter (tractography)
"Middle Temporal Gyrus, anterior division (L)",Thalamus (L),dti_brain,3.0,False,white matter (tractography)
"Middle Temporal Gyrus, anterior division (L)",Putamen (L),dti_brain,5.0,False,white matter (tractography)
"Middle Temporal Gyrus, anterior division (R)",Temporal Pole (L),dti_brain,1.0,False,white matter (tractography)
"Middle Temporal Gyrus, anterior division (R)",Temporal Pole (R),dti_brain,7.0,False,white matter (tractography)
"Middle Temporal Gyrus, anterior division (R)","Superior Temporal Gyrus, anterior division (R)",dti_brain,2.0,False,white matter (tractography)
"Middle Temporal Gyrus, anterior division (R)","Superior Temporal Gyrus, posterior division (R)",dti_brain,1.0,False,white matter (tractography)
"Middle Temporal Gyrus, anterior division (R)","Middle Temporal Gyrus, posterior division (R)",dti_brain,5.0,False,white matter (tractography)
"Middle Temporal Gyrus, anterior division (R)","Middle Temporal Gyrus, temporooccipital part (R)",dti_brain,1.0,False,white matter (tractography)
"Middle Temporal Gyrus, anterior division (R)",Postcentral Gyrus (R),dti_brain,6.0,False,white matter (tractography)
"Middle Temporal Gyrus, anterior division (R)",Superior Parietal Lobule (R),dti_brain,5.0,False,white matter (tractography)
"Middle Temporal Gyrus, anterior division (R)","Supramarginal Gyrus, posterior division (R)",dti_brain,2.0,False,white matter (tractography)
"Middle Temporal Gyrus, anterior division (R)",Precuneous Cortex (R),dti_brain,2.0,False,white matter (tractography)
"Middle Temporal Gyrus, anterior division (R)",Occipital Fusiform Gyrus (R),dti_brain,6.0,False,white matter (tractography)
"Middle Temporal Gyrus, anterior division (R)",Parietal Operculum Cortex (R),dti_brain,2.0,False,white matter (tractography)
"Middle Temporal Gyrus, anterior division (R)",Planum Polare (R),dti_brain,4.0,False,white matter (tractography)
"Middle Temporal Gyrus, anterior division (R)",Planum Temporale (R),dti_brain,1.0,False,white matter (tractography)
"Middle Temporal Gyrus, anterior division (R)",Occipital Pole (R),dti_brain,14.0,False,white matter (tractography)
"Middle Temporal Gyrus, anterior division (R)",Thalamus (L),dti_brain,1.0,False,white matter (tractography)
"Middle Temporal Gyrus, anterior division (R)",Thalamus (R),dti_brain,25.0,False,white matter (tractography)
"Middle Temporal Gyrus, anterior division (R)",Putamen (R),dti_brain,1.0,False,white matter (tractography)
"Middle Temporal Gyrus, anterior division (R)",Pallidum (R),dti_brain,1.0,False,white matter (tractography)
"Middle Temporal Gyrus, posterior division (L)",Superior Frontal Gyrus (L),dti_brain,14.0,False,white matter (tractography)
"Middle Temporal Gyrus, posterior division (L)",Precentral Gyrus (L),dti_brain,21.0,False,white matter (tractography)
"Middle Temporal Gyrus, posterior division (L)",Temporal Pole (L),dti_brain,35.0,False,white matter (tractography)
"Middle Temporal Gyrus, posterior division (L)",Temporal Pole (R),dti_brain,1.0,False,white matter (tractography)
"Middle Temporal Gyrus, posterior division (L)","Superior Temporal Gyrus, anterior division (L)",dti_brain,2.0,False,white matter (tractography)
"Middle Temporal Gyrus, posterior division (L)","Superior Temporal Gyrus, posterior division (L)",dti_brain,1.0,False,white matter (tractography)
"Middle Temporal Gyrus, posterior division (L)","Middle Temporal Gyrus, temporooccipital part (L)",dti_brain,25.0,False,white matter (tractography)
"Middle Temporal Gyrus, posterior division (L)",Postcentral Gyrus (L),dti_brain,12.0,False,white matter (tractography)
"Middle Temporal Gyrus, posterior division (L)",Superior Parietal Lobule (L),dti_brain,4.0,False,white matter (tractography)
"Middle Temporal Gyrus, posterior division (L)",Superior Parietal Lobule (R),dti_brain,4.0,False,white matter (tractography)
"Middle Temporal Gyrus, posterior division (L)","Supramarginal Gyrus, anterior division (L)",dti_brain,1.0,False,white matter (tractography)
"Middle Temporal Gyrus, posterior division (L)","Supramarginal Gyrus, posterior division (L)",dti_brain,17.0,False,white matter (tractography)
"Middle Temporal Gyrus, posterior division (L)",Paracingulate Gyrus (L),dti_brain,3.0,False,white matter (tractography)
"Middle Temporal Gyrus, posterior division (L)",Precuneous Cortex (L),dti_brain,19.0,False,white matter (tractography)
"Middle Temporal Gyrus, posterior division (L)",Precuneous Cortex (R),dti_brain,2.0,False,white matter (tractography)
"Middle Temporal Gyrus, posterior division (L)","Temporal Fusiform Cortex, anterior division (L)",dti_brain,5.0,False,white matter (tractography)
"Middle Temporal Gyrus, posterior division (L)","Temporal Fusiform Cortex, posterior division (L)",dti_brain,7.0,False,white matter (tractography)
"Middle Temporal Gyrus, posterior division (L)",Temporal Occipital Fusiform Cortex (L),dti_brain,6.0,False,white matter (tractography)
"Middle Temporal Gyrus, posterior division (L)",Occipital Fusiform Gyrus (L),dti_brain,13.0,False,white matter (tractography)
"Middle Temporal Gyrus, posterior division (L)",Parietal Operculum Cortex (L),dti_brain,13.0,False,white matter (tractography)
"Middle Temporal Gyrus, posterior division (L)",Planum Polare (L),dti_brain,13.0,False,white matter (tractography)
"Middle Temporal Gyrus, posterior division (L)",Planum Temporale (L),dti_brain,26.0,False,white matter (tractography)
"Middle Temporal Gyrus, posterior division (L)",Supracalcarine Cortex (L),dti_brain,1.0,False,white matter (tractography)
"Middle Temporal Gyrus, posterior division (L)",Occipital Pole (L),dti_brain,8.0,False,white matter (tractography)
"Middle Temporal Gyrus, posterior division (L)",Thalamus (L),dti_brain,8.0,False,white matter (tractography)
"Middle Temporal Gyrus, posterior division (L)",Putamen (L),dti_brain,14.0,False,white matter (tractography)
"Middle Temporal Gyrus, posterior division (L)",Pallidum (L),dti_brain,5.0,False,white matter (tractography)
"Middle Temporal Gyrus, posterior division (L)",Thalamus (R),dti_brain,2.0,False,white matter (tractography)
"Middle Temporal Gyrus, posterior division (R)",Precentral Gyrus (R),dti_brain,2.0,False,white matter (tractography)
"Middle Temporal Gyrus, posterior division (R)",Temporal Pole (L),dti_brain,1.0,False,white matter (tractography)
"Middle Temporal Gyrus, posterior division (R)",Temporal Pole (R),dti_brain,13.0,False,white matter (tractography)
"Middle Temporal Gyrus, posterior division (R)","Superior Temporal Gyrus, anterior division (L)",dti_brain,1.0,False,white matter (tractography)
"Middle Temporal Gyrus, posterior division (R)","Superior Temporal Gyrus, anterior division (R)",dti_brain,5.0,False,white matter (tractography)
"Middle Temporal Gyrus, posterior division (R)","Superior Temporal Gyrus, posterior division (R)",dti_brain,3.0,False,white matter (tractography)
"Middle Temporal Gyrus, posterior division (R)","Middle Temporal Gyrus, temporooccipital part (R)",dti_brain,3.0,False,white matter (tractography)
"Middle Temporal Gyrus, posterior division (R)",Postcentral Gyrus (L),dti_brain,2.0,False,white matter (tractography)
"Middle Temporal Gyrus, posterior division (R)",Postcentral Gyrus (R),dti_brain,9.0,False,white matter (tractography)
"Middle Temporal Gyrus, posterior division (R)",Superior Parietal Lobule (L),dti_brain,1.0,False,white matter (tractography)
"Middle Temporal Gyrus, posterior division (R)",Superior Parietal Lobule (R),dti_brain,22.0,False,white matter (tractography)
"Middle Temporal Gyrus, posterior division (R)","Supramarginal Gyrus, anterior division (R)",dti_brain,2.0,False,white matter (tractography)
"Middle Temporal Gyrus, posterior division (R)","Supramarginal Gyrus, posterior division (R)",dti_brain,6.0,False,white matter (tractography)
"Middle Temporal Gyrus, posterior division (R)",Precuneous Cortex (L),dti_brain,4.0,False,white matter (tractography)
"Middle Temporal Gyrus, posterior division (R)",Precuneous Cortex (R),dti_brain,10.0,False,white matter (tractography)
"Middle Temporal Gyrus, posterior division (R)","Temporal Fusiform Cortex, anterior division (R)",dti_brain,1.0,False,white matter (tractography)
"Middle Temporal Gyrus, posterior division (R)","Temporal Fusiform Cortex, posterior division (R)",dti_brain,6.0,False,white matter (tractography)
"Middle Temporal Gyrus, posterior division (R)",Temporal Occipital Fusiform Cortex (R),dti_brain,1.0,False,white matter (tractography)
"Middle Temporal Gyrus, posterior division (R)",Occipital Fusiform Gyrus (R),dti_brain,3.0,False,white matter (tractography)
"Middle Temporal Gyrus, posterior division (R)",Parietal Operculum Cortex (R),dti_brain,10.0,False,white matter (tractography)
"Middle Temporal Gyrus, posterior division (R)",Planum Polare (R),dti_brain,5.0,False,white matter (tractography)
"Middle Temporal Gyrus, posterior division (R)",Planum Temporale (L),dti_brain,3.0,False,white matter (tractography)
"Middle Temporal Gyrus, posterior division (R)",Planum Temporale (R),dti_brain,11.0,False,white matter (tractography)
"Middle Temporal Gyrus, posterior division (R)",Supracalcarine Cortex (L),dti_brain,1.0,False,white matter (tractography)
"Middle Temporal Gyrus, posterior division (R)",Supracalcarine Cortex (R),dti_brain,2.0,False,white matter (tractography)
"Middle Temporal Gyrus, posterior division (R)",Occipital Pole (L),dti_brain,1.0,False,white matter (tractography)
"Middle Temporal Gyrus, posterior division (R)",Occipital Pole (R),dti_brain,26.0,False,white matter (tractography)
"Middle Temporal Gyrus, posterior division (R)",Thalamus (L),dti_brain,5.0,False,white matter (tractography)
"Middle Temporal Gyrus, posterior division (R)",Thalamus (R),dti_brain,26.0,False,white matter (tractography)
"Middle Temporal Gyrus, posterior division (R)",Putamen (R),dti_brain,2.0,False,white matter (tractography)
"Middle Temporal Gyrus, temporooccipital part (L)",Precentral Gyrus (L),dti_brain,9.0,False,white matter (tractography)
"Middle Temporal Gyrus, temporooccipital part (L)",Temporal Pole (L),dti_brain,8.0,False,white matter (tractography)
"Middle Temporal Gyrus, temporooccipital part (L)",Postcentral Gyrus (L),dti_brain,5.0,False,white matter (tractography)
"Middle Temporal Gyrus, temporooccipital part (L)",Superior Parietal Lobule (L),dti_brain,4.0,False,white matter (tractography)
"Middle Temporal Gyrus, temporooccipital part (L)",Superior Parietal Lobule (R),dti_brain,2.0,False,white matter (tractography)
"Middle Temporal Gyrus, temporooccipital part (L)","Supramarginal Gyrus, posterior division (L)",dti_brain,7.0,False,white matter (tractography)
"Middle Temporal Gyrus, temporooccipital part (L)",Precuneous Cortex (L),dti_brain,3.0,False,white matter (tractography)
"Middle Temporal Gyrus, temporooccipital part (L)","Temporal Fusiform Cortex, anterior division (L)",dti_brain,3.0,False,white matter (tractography)
"Middle Temporal Gyrus, temporooccipital part (L)","Temporal Fusiform Cortex, posterior division (L)",dti_brain,10.0,False,white matter (tractography)
"Middle Temporal Gyrus, temporooccipital part (L)",Temporal Occipital Fusiform Cortex (L),dti_brain,9.0,False,white matter (tractography)
"Middle Temporal Gyrus, temporooccipital part (L)",Occipital Fusiform Gyrus (L),dti_brain,3.0,False,white matter (tractography)
"Middle Temporal Gyrus, temporooccipital part (L)",Parietal Operculum Cortex (L),dti_brain,1.0,False,white matter (tractography)
"Middle Temporal Gyrus, temporooccipital part (L)",Planum Polare (L),dti_brain,1.0,False,white matter (tractography)
"Middle Temporal Gyrus, temporooccipital part (L)",Planum Temporale (L),dti_brain,6.0,False,white matter (tractography)
"Middle Temporal Gyrus, temporooccipital part (L)",Occipital Pole (L),dti_brain,3.0,False,white matter (tractography)
"Middle Temporal Gyrus, temporooccipital part (L)",Thalamus (L),dti_brain,5.0,False,white matter (tractography)
"Middle Temporal Gyrus, temporooccipital part (L)",Putamen (L),dti_brain,2.0,False,white matter (tractography)
"Middle Temporal Gyrus, temporooccipital part (R)",Superior Frontal Gyrus (R),dti_brain,1.0,False,white matter (tractography)
"Middle Temporal Gyrus, temporooccipital part (R)",Precentral Gyrus (R),dti_brain,4.0,False,white matter (tractography)
"Middle Temporal Gyrus, temporooccipital part (R)",Temporal Pole (R),dti_brain,4.0,False,white matter (tractography)
"Middle Temporal Gyrus, temporooccipital part (R)","Superior Temporal Gyrus, anterior division (R)",dti_brain,2.0,False,white matter (tractography)
"Middle Temporal Gyrus, temporooccipital part (R)","Superior Temporal Gyrus, posterior division (R)",dti_brain,1.0,False,white matter (tractography)
"Middle Temporal Gyrus, temporooccipital part (R)",Postcentral Gyrus (R),dti_brain,4.0,False,white matter (tractography)
"Middle Temporal Gyrus, temporooccipital part (R)",Superior Parietal Lobule (R),dti_brain,1.0,False,white matter (tractography)
"Middle Temporal Gyrus, temporooccipital part (R)","Supramarginal Gyrus, posterior division (R)",dti_brain,2.0,False,white matter (tractography)
"Middle Temporal Gyrus, temporooccipital part (R)",Paracingulate Gyrus (R),dti_brain,1.0,False,white matter (tractography)
"Middle Temporal Gyrus, temporooccipital part (R)",Precuneous Cortex (R),dti_brain,8.0,False,white matter (tractography)
"Middle Temporal Gyrus, temporooccipital part (R)","Temporal Fusiform Cortex, posterior division (R)",dti_brain,1.0,False,white matter (tractography)
"Middle Temporal Gyrus, temporooccipital part (R)",Temporal Occipital Fusiform Cortex (R),dti_brain,1.0,False,white matter (tractography)
"Middle Temporal Gyrus, temporooccipital part (R)",Occipital Fusiform Gyrus (R),dti_brain,11.0,False,white matter (tractography)
"Middle Temporal Gyrus, temporooccipital part (R)",Parietal Operculum Cortex (R),dti_brain,1.0,False,white matter (tractography)
"Middle Temporal Gyrus, temporooccipital part (R)",Planum Polare (R),dti_brain,6.0,False,white matter (tractography)
"Middle Temporal Gyrus, temporooccipital part (R)",Supracalcarine Cortex (R),dti_brain,2.0,False,white matter (tractography)
"Middle Temporal Gyrus, temporooccipital part (R)",Occipital Pole (L),dti_brain,1.0,False,white matter (tractography)
"Middle Temporal Gyrus, temporooccipital part (R)",Occipital Pole (R),dti_brain,12.0,False,white matter (tractography)
"Middle Temporal Gyrus, temporooccipital part (R)",Thalamus (L),dti_brain,2.0,False,white matter (tractography)
"Middle Temporal Gyrus, temporooccipital part (R)",Thalamus (R),dti_brain,7.0,False,white matter (tractography)
"Middle Temporal Gyrus, temporooccipital part (R)",Putamen (R),dti_brain,3.0,False,white matter (tractography)
"Inferior Temporal Gyrus, anterior division (L)",Insular Cortex (L),dti_brain,3.0,False,white matter (tractography)
"Inferior Temporal Gyrus, anterior division (L)",Insular Cortex (R),dti_brain,1.0,False,white matter (tractography)
"Inferior Temporal Gyrus, anterior division (L)",Superior Frontal Gyrus (L),dti_brain,5.0,False,white matter (tractography)
"Inferior Temporal Gyrus, anterior division (L)",Middle Frontal Gyrus (L),dti_brain,4.0,False,white matter (tractography)
"Inferior Temporal Gyrus, anterior division (L)",Precentral Gyrus (L),dti_brain,9.0,False,white matter (tractography)
"Inferior Temporal Gyrus, anterior division (L)",Temporal Pole (L),dti_brain,10.0,False,white matter (tractography)
"Inferior Temporal Gyrus, anterior division (L)","Middle Temporal Gyrus, anterior division (L)",dti_brain,1.0,False,white matter (tractography)
"Inferior Temporal Gyrus, anterior division (L)","Middle Temporal Gyrus, posterior division (L)",dti_brain,11.0,False,white matter (tractography)
"Inferior Temporal Gyrus, anterior division (L)","Middle Temporal Gyrus, temporooccipital part (L)",dti_brain,4.0,False,white matter (tractography)
"Inferior Temporal Gyrus, anterior division (L)","Inferior Temporal Gyrus, posterior division (L)",dti_brain,18.0,False,white matter (tractography)
"Inferior Temporal Gyrus, anterior division (L)","Inferior Temporal Gyrus, temporooccipital part (L)",dti_brain,22.0,False,white matter (tractography)
"Inferior Temporal Gyrus, anterior division (L)",Postcentral Gyrus (L),dti_brain,7.0,False,white matter (tractography)
"Inferior Temporal Gyrus, anterior division (L)",Superior Parietal Lobule (R),dti_brain,3.0,False,white matter (tractography)
"Inferior Temporal Gyrus, anterior division (L)","Supramarginal Gyrus, anterior division (L)",dti_brain,1.0,False,white matter (tractography)
"Inferior Temporal Gyrus, anterior division (L)","Supramarginal Gyrus, posterior division (L)",dti_brain,4.0,False,white matter (tractography)
"Inferior Temporal Gyrus, anterior division (L)","Lateral Occipital Cortex, superior division (L)",dti_brain,17.0,False,white matter (tractography)
"Inferior Temporal Gyrus, anterior division (L)","Lateral Occipital Cortex, inferior division (L)",dti_brain,11.0,False,white matter (tractography)
"Inferior Temporal Gyrus, anterior division (L)",Intracalcarine Cortex (L),dti_brain,3.0,False,white matter (tractography)
"Inferior Temporal Gyrus, anterior division (L)",Precuneous Cortex (L),dti_brain,11.0,False,white matter (tractography)
"Inferior Temporal Gyrus, anterior division (L)",Precuneous Cortex (R),dti_brain,1.0,False,white matter (tractography)
"Inferior Temporal Gyrus, anterior division (L)","Parahippocampal Gyrus, anterior division (L)",dti_brain,1.0,False,white matter (tractography)
"Inferior Temporal Gyrus, anterior division (L)","Parahippocampal Gyrus, posterior division (L)",dti_brain,1.0,False,white matter (tractography)
"Inferior Temporal Gyrus, anterior division (L)",Lingual Gyrus (L),dti_brain,9.0,False,white matter (tractography)
"Inferior Temporal Gyrus, anterior division (L)","Temporal Fusiform Cortex, anterior division (L)",dti_brain,2.0,False,white matter (tractography)
"Inferior Temporal Gyrus, anterior division (L)","Temporal Fusiform Cortex, posterior division (L)",dti_brain,13.0,False,white matter (tractography)
"Inferior Temporal Gyrus, anterior division (L)",Temporal Occipital Fusiform Cortex (L),dti_brain,4.0,False,white matter (tractography)
"Inferior Temporal Gyrus, anterior division (L)",Occipital Fusiform Gyrus (L),dti_brain,15.0,False,white matter (tractography)
"Inferior Temporal Gyrus, anterior division (L)",Parietal Operculum Cortex (L),dti_brain,2.0,False,white matter (tractography)
"Inferior Temporal Gyrus, anterior division (L)",Planum Polare (L),dti_brain,1.0,False,white matter (tractography)
"Inferior Temporal Gyrus, anterior division (L)",Planum Temporale (L),dti_brain,9.0,False,white matter (tractography)
"Inferior Temporal Gyrus, anterior division (L)",Occipital Pole (L),dti_brain,4.0,False,white matter (tractography)
"Inferior Temporal Gyrus, anterior division (L)",Thalamus (L),dti_brain,3.0,False,white matter (tractography)
"Inferior Temporal Gyrus, anterior division (L)",Putamen (L),dti_brain,7.0,False,white matter (tractography)
"Inferior Temporal Gyrus, anterior division (L)",Pallidum (L),dti_brain,1.0,False,white matter (tractography)
"Inferior Temporal Gyrus, anterior division (L)",Putamen (R),dti_brain,1.0,False,white matter (tractography)
"Inferior Temporal Gyrus, anterior division (R)",Precentral Gyrus (R),dti_brain,2.0,False,white matter (tractography)
"Inferior Temporal Gyrus, anterior division (R)",Temporal Pole (R),dti_brain,2.0,False,white matter (tractography)
"Inferior Temporal Gyrus, anterior division (R)","Superior Temporal Gyrus, anterior division (R)",dti_brain,1.0,False,white matter (tractography)
"Inferior Temporal Gyrus, anterior division (R)","Middle Temporal Gyrus, anterior division (R)",dti_brain,3.0,False,white matter (tractography)
"Inferior Temporal Gyrus, anterior division (R)","Middle Temporal Gyrus, posterior division (L)",dti_brain,1.0,False,white matter (tractography)
"Inferior Temporal Gyrus, anterior division (R)","Middle Temporal Gyrus, posterior division (R)",dti_brain,9.0,False,white matter (tractography)
"Inferior Temporal Gyrus, anterior division (R)","Inferior Temporal Gyrus, posterior division (R)",dti_brain,19.0,False,white matter (tractography)
"Inferior Temporal Gyrus, anterior division (R)","Parahippocampal Gyrus, anterior division (R)",dti_brain,8.0,False,white matter (tractography)
"Inferior Temporal Gyrus, anterior division (R)","Parahippocampal Gyrus, posterior division (R)",dti_brain,3.0,False,white matter (tractography)
"Inferior Temporal Gyrus, anterior division (R)","Temporal Fusiform Cortex, anterior division (R)",dti_brain,3.0,False,white matter (tractography)
"Inferior Temporal Gyrus, anterior division (R)","Temporal Fusiform Cortex, posterior division (R)",dti_brain,36.0,False,white matter (tractography)
"Inferior Temporal Gyrus, anterior division (R)",Occipital Fusiform Gyrus (R),dti_brain,1.0,False,white matter (tractography)
"Inferior Temporal Gyrus, anterior division (R)",Planum Temporale (R),dti_brain,1.0,False,white matter (tractography)
"Inferior Temporal Gyrus, anterior division (R)",Occipital Pole (R),dti_brain,1.0,False,white matter (tractography)
"Inferior Temporal Gyrus, anterior division (R)",Thalamus (R),dti_brain,4.0,False,white matter (tractography)
"Inferior Temporal Gyrus, anterior division (R)",Putamen (R),dti_brain,1.0,False,white matter (tractography)
"Inferior Temporal Gyrus, anterior division (R)",Pallidum (R),dti_brain,1.0,False,white matter (tractography)
"Inferior Temporal Gyrus, posterior division (L)",Insular Cortex (L),dti_brain,18.0,False,white matter (tractography)
"Inferior Temporal Gyrus, posterior division (L)",Insular Cortex (R),dti_brain,2.0,False,white matter (tractography)
"Inferior Temporal Gyrus, posterior division (L)",Superior Frontal Gyrus (L),dti_brain,17.0,False,white matter (tractography)
"Inferior Temporal Gyrus, posterior division (L)",Middle Frontal Gyrus (L),dti_brain,10.0,False,white matter (tractography)
"Inferior Temporal Gyrus, posterior division (L)",Precentral Gyrus (L),dti_brain,41.0,False,white matter (tractography)
"Inferior Temporal Gyrus, posterior division (L)",Temporal Pole (L),dti_brain,35.0,False,white matter (tractography)
"Inferior Temporal Gyrus, posterior division (L)","Superior Temporal Gyrus, anterior division (L)",dti_brain,2.0,False,white matter (tractography)
"Inferior Temporal Gyrus, posterior division (L)","Superior Temporal Gyrus, posterior division (L)",dti_brain,3.0,False,white matter (tractography)
"Inferior Temporal Gyrus, posterior division (L)","Middle Temporal Gyrus, anterior division (L)",dti_brain,5.0,False,white matter (tractography)
"Inferior Temporal Gyrus, posterior division (L)","Middle Temporal Gyrus, posterior division (L)",dti_brain,34.0,False,white matter (tractography)
"Inferior Temporal Gyrus, posterior division (L)","Middle Temporal Gyrus, posterior division (R)",dti_brain,1.0,False,white matter (tractography)
"Inferior Temporal Gyrus, posterior division (L)","Middle Temporal Gyrus, temporooccipital part (L)",dti_brain,36.0,False,white matter (tractography)
"Inferior Temporal Gyrus, posterior division (L)","Inferior Temporal Gyrus, temporooccipital part (L)",dti_brain,53.0,False,white matter (tractography)
"Inferior Temporal Gyrus, posterior division (L)",Postcentral Gyrus (L),dti_brain,15.0,False,white matter (tractography)
"Inferior Temporal Gyrus, posterior division (L)",Postcentral Gyrus (R),dti_brain,1.0,False,white matter (tractography)
"Inferior Temporal Gyrus, posterior division (L)",Superior Parietal Lobule (L),dti_brain,10.0,False,white matter (tractography)
"Inferior Temporal Gyrus, posterior division (L)",Superior Parietal Lobule (R),dti_brain,6.0,False,white matter (tractography)
"Inferior Temporal Gyrus, posterior division (L)","Supramarginal Gyrus, anterior division (L)",dti_brain,3.0,False,white matter (tractography)
"Inferior Temporal Gyrus, posterior division (L)","Supramarginal Gyrus, posterior division (L)",dti_brain,16.0,False,white matter (tractography)
"Inferior Temporal Gyrus, posterior division (L)","Supramarginal Gyrus, posterior division (R)",dti_brain,1.0,False,white matter (tractography)
"Inferior Temporal Gyrus, posterior division (L)","Lateral Occipital Cortex, superior division (L)",dti_brain,71.0,False,white matter (tractography)
"Inferior Temporal Gyrus, posterior division (L)","Lateral Occipital Cortex, superior division (R)",dti_brain,4.0,False,white matter (tractography)
"Inferior Temporal Gyrus, posterior division (L)","Lateral Occipital Cortex, inferior division (L)",dti_brain,31.0,False,white matter (tractography)
"Inferior Temporal Gyrus, posterior division (L)",Intracalcarine Cortex (L),dti_brain,26.0,False,white matter (tractography)
"Inferior Temporal Gyrus, posterior division (L)",Juxtapositional Lobule Cortex (SMA) (L),dti_brain,1.0,False,white matter (tractography)
"Inferior Temporal Gyrus, posterior division (L)",Precuneous Cortex (L),dti_brain,34.0,False,white matter (tractography)
"Inferior Temporal Gyrus, posterior division (L)",Precuneous Cortex (R),dti_brain,8.0,False,white matter (tractography)
"Inferior Temporal Gyrus, posterior division (L)","Parahippocampal Gyrus, anterior division (L)",dti_brain,1.0,False,white matter (tractography)
"Inferior Temporal Gyrus, posterior division (L)",Lingual Gyrus (L),dti_brain,27.0,False,white matter (tractography)
"Inferior Temporal Gyrus, posterior division (L)","Temporal Fusiform Cortex, anterior division (L)",dti_brain,28.0,False,white matter (tractography)
"Inferior Temporal Gyrus, posterior division (L)","Temporal Fusiform Cortex, posterior division (L)",dti_brain,37.0,False,white matter (tractography)
"Inferior Temporal Gyrus, posterior division (L)",Temporal Occipital Fusiform Cortex (L),dti_brain,14.0,False,white matter (tractography)
"Inferior Temporal Gyrus, posterior division (L)",Occipital Fusiform Gyrus (L),dti_brain,46.0,False,white matter (tractography)
"Inferior Temporal Gyrus, posterior division (L)",Parietal Operculum Cortex (L),dti_brain,7.0,False,white matter (tractography)
"Inferior Temporal Gyrus, posterior division (L)",Planum Polare (L),dti_brain,10.0,False,white matter (tractography)
"Inferior Temporal Gyrus, posterior division (L)",Planum Temporale (L),dti_brain,21.0,False,white matter (tractography)
"Inferior Temporal Gyrus, posterior division (L)",Planum Temporale (R),dti_brain,1.0,False,white matter (tractography)
"Inferior Temporal Gyrus, posterior division (L)",Occipital Pole (L),dti_brain,47.0,False,white matter (tractography)
"Inferior Temporal Gyrus, posterior division (L)",Thalamus (L),dti_brain,12.0,False,white matter (tractography)
"Inferior Temporal Gyrus, posterior division (L)",Putamen (L),dti_brain,29.0,False,white matter (tractography)
"Inferior Temporal Gyrus, posterior division (L)",Pallidum (L),dti_brain,6.0,False,white matter (tractography)
"Inferior Temporal Gyrus, posterior division (L)",Thalamus (R),dti_brain,2.0,False,white matter (tractography)
"Inferior Temporal Gyrus, posterior division (L)",Pallidum (R),dti_brain,1.0,False,white matter (tractography)
"Inferior Temporal Gyrus, posterior division (R)",Insular Cortex (L),dti_brain,1.0,False,white matter (tractography)
"Inferior Temporal Gyrus, posterior division (R)",Insular Cortex (R),dti_brain,9.0,False,white matter (tractography)
"Inferior Temporal Gyrus, posterior division (R)",Superior Frontal Gyrus (R),dti_brain,1.0,False,white matter (tractography)
"Inferior Temporal Gyrus, posterior division (R)",Precentral Gyrus (R),dti_brain,1.0,False,white matter (tractography)
"Inferior Temporal Gyrus, posterior division (R)",Temporal Pole (L),dti_brain,1.0,False,white matter (tractography)
"Inferior Temporal Gyrus, posterior division (R)",Temporal Pole (R),dti_brain,27.0,False,white matter (tractography)
"Inferior Temporal Gyrus, posterior division (R)","Superior Temporal Gyrus, anterior division (R)",dti_brain,3.0,False,white matter (tractography)
"Inferior Temporal Gyrus, posterior division (R)","Superior Temporal Gyrus, posterior division (R)",dti_brain,2.0,False,white matter (tractography)
"Inferior Temporal Gyrus, posterior division (R)","Middle Temporal Gyrus, anterior division (L)",dti_brain,1.0,False,white matter (tractography)
"Inferior Temporal Gyrus, posterior division (R)","Middle Temporal Gyrus, anterior division (R)",dti_brain,13.0,False,white matter (tractography)
"Inferior Temporal Gyrus, posterior division (R)","Middle Temporal Gyrus, posterior division (R)",dti_brain,14.0,False,white matter (tractography)
"Inferior Temporal Gyrus, posterior division (R)","Middle Temporal Gyrus, temporooccipital part (R)",dti_brain,4.0,False,white matter (tractography)
"Inferior Temporal Gyrus, posterior division (R)","Inferior Temporal Gyrus, temporooccipital part (R)",dti_brain,3.0,False,white matter (tractography)
"Inferior Temporal Gyrus, posterior division (R)",Postcentral Gyrus (L),dti_brain,1.0,False,white matter (tractography)
"Inferior Temporal Gyrus, posterior division (R)",Postcentral Gyrus (R),dti_brain,5.0,False,white matter (tractography)
"Inferior Temporal Gyrus, posterior division (R)",Superior Parietal Lobule (R),dti_brain,18.0,False,white matter (tractography)
"Inferior Temporal Gyrus, posterior division (R)","Supramarginal Gyrus, anterior division (R)",dti_brain,5.0,False,white matter (tractography)
"Inferior Temporal Gyrus, posterior division (R)","Supramarginal Gyrus, posterior division (R)",dti_brain,8.0,False,white matter (tractography)
"Inferior Temporal Gyrus, posterior division (R)","Lateral Occipital Cortex, superior division (L)",dti_brain,2.0,False,white matter (tractography)
"Inferior Temporal Gyrus, posterior division (R)","Lateral Occipital Cortex, superior division (R)",dti_brain,48.0,False,white matter (tractography)
"Inferior Temporal Gyrus, posterior division (R)","Lateral Occipital Cortex, inferior division (R)",dti_brain,6.0,False,white matter (tractography)
"Inferior Temporal Gyrus, posterior division (R)",Intracalcarine Cortex (R),dti_brain,1.0,False,white matter (tractography)
"Inferior Temporal Gyrus, posterior division (R)",Precuneous Cortex (L),dti_brain,3.0,False,white matter (tractography)
"Inferior Temporal Gyrus, posterior division (R)",Precuneous Cortex (R),dti_brain,12.0,False,white matter (tractography)
"Inferior Temporal Gyrus, posterior division (R)","Parahippocampal Gyrus, anterior division (R)",dti_brain,1.0,False,white matter (tractography)
"Inferior Temporal Gyrus, posterior division (R)","Parahippocampal Gyrus, posterior division (R)",dti_brain,3.0,False,white matter (tractography)
"Inferior Temporal Gyrus, posterior division (R)","Temporal Fusiform Cortex, anterior division (R)",dti_brain,4.0,False,white matter (tractography)
"Inferior Temporal Gyrus, posterior division (R)","Temporal Fusiform Cortex, posterior division (R)",dti_brain,9.0,False,white matter (tractography)
"Inferior Temporal Gyrus, posterior division (R)",Temporal Occipital Fusiform Cortex (R),dti_brain,2.0,False,white matter (tractography)
"Inferior Temporal Gyrus, posterior division (R)",Occipital Fusiform Gyrus (R),dti_brain,9.0,False,white matter (tractography)
"Inferior Temporal Gyrus, posterior division (R)",Parietal Operculum Cortex (R),dti_brain,6.0,False,white matter (tractography)
"Inferior Temporal Gyrus, posterior division (R)",Planum Polare (L),dti_brain,1.0,False,white matter (tractography)
"Inferior Temporal Gyrus, posterior division (R)",Planum Polare (R),dti_brain,9.0,False,white matter (tractography)
"Inferior Temporal Gyrus, posterior division (R)",Planum Temporale (L),dti_brain,3.0,False,white matter (tractography)
"Inferior Temporal Gyrus, posterior division (R)",Planum Temporale (R),dti_brain,15.0,False,white matter (tractography)
"Inferior Temporal Gyrus, posterior division (R)",Supracalcarine Cortex (R),dti_brain,2.0,False,white matter (tractography)
"Inferior Temporal Gyrus, posterior division (R)",Occipital Pole (R),dti_brain,27.0,False,white matter (tractography)
"Inferior Temporal Gyrus, posterior division (R)",Thalamus (L),dti_brain,2.0,False,white matter (tractography)
"Inferior Temporal Gyrus, posterior division (R)",Thalamus (R),dti_brain,16.0,False,white matter (tractography)
"Inferior Temporal Gyrus, posterior division (R)",Putamen (R),dti_brain,5.0,False,white matter (tractography)
"Inferior Temporal Gyrus, posterior division (R)",Pallidum (R),dti_brain,2.0,False,white matter (tractography)
"Inferior Temporal Gyrus, temporooccipital part (L)",Insular Cortex (L),dti_brain,3.0,False,white matter (tractography)
"Inferior Temporal Gyrus, temporooccipital part (L)",Superior Frontal Gyrus (L),dti_brain,6.0,False,white matter (tractography)
"Inferior Temporal Gyrus, temporooccipital part (L)",Middle Frontal Gyrus (L),dti_brain,9.0,False,white matter (tractography)
"Inferior Temporal Gyrus, temporooccipital part (L)",Precentral Gyrus (L),dti_brain,26.0,False,white matter (tractography)
"Inferior Temporal Gyrus, temporooccipital part (L)",Temporal Pole (L),dti_brain,19.0,False,white matter (tractography)
"Inferior Temporal Gyrus, temporooccipital part (L)","Superior Temporal Gyrus, anterior division (L)",dti_brain,1.0,False,white matter (tractography)
"Inferior Temporal Gyrus, temporooccipital part (L)","Superior Temporal Gyrus, posterior division (L)",dti_brain,2.0,False,white matter (tractography)
"Inferior Temporal Gyrus, temporooccipital part (L)","Middle Temporal Gyrus, posterior division (L)",dti_brain,23.0,False,white matter (tractography)
"Inferior Temporal Gyrus, temporooccipital part (L)","Middle Temporal Gyrus, temporooccipital part (L)",dti_brain,13.0,False,white matter (tractography)
"Inferior Temporal Gyrus, temporooccipital part (L)",Postcentral Gyrus (L),dti_brain,14.0,False,white matter (tractography)
"Inferior Temporal Gyrus, temporooccipital part (L)",Superior Parietal Lobule (L),dti_brain,5.0,False,white matter (tractography)
"Inferior Temporal Gyrus, temporooccipital part (L)",Superior Parietal Lobule (R),dti_brain,2.0,False,white matter (tractography)
"Inferior Temporal Gyrus, temporooccipital part (L)","Supramarginal Gyrus, anterior division (L)",dti_brain,1.0,False,white matter (tractography)
"Inferior Temporal Gyrus, temporooccipital part (L)","Supramarginal Gyrus, posterior division (L)",dti_brain,16.0,False,white matter (tractography)
"Inferior Temporal Gyrus, temporooccipital part (L)","Lateral Occipital Cortex, superior division (L)",dti_brain,42.0,False,white matter (tractography)
"Inferior Temporal Gyrus, temporooccipital part (L)","Lateral Occipital Cortex, inferior division (L)",dti_brain,32.0,False,white matter (tractography)
"Inferior Temporal Gyrus, temporooccipital part (L)",Intracalcarine Cortex (L),dti_brain,1.0,False,white matter (tractography)
"Inferior Temporal Gyrus, temporooccipital part (L)",Juxtapositional Lobule Cortex (SMA) (L),dti_brain,1.0,False,white matter (tractography)
"Inferior Temporal Gyrus, temporooccipital part (L)",Paracingulate Gyrus (L),dti_brain,1.0,False,white matter (tractography)
"Inferior Temporal Gyrus, temporooccipital part (L)",Precuneous Cortex (L),dti_brain,23.0,False,white matter (tractography)
"Inferior Temporal Gyrus, temporooccipital part (L)",Precuneous Cortex (R),dti_brain,2.0,False,white matter (tractography)
"Inferior Temporal Gyrus, temporooccipital part (L)","Parahippocampal Gyrus, anterior division (L)",dti_brain,1.0,False,white matter (tractography)
"Inferior Temporal Gyrus, temporooccipital part (L)","Parahippocampal Gyrus, posterior division (L)",dti_brain,1.0,False,white matter (tractography)
"Inferior Temporal Gyrus, temporooccipital part (L)",Lingual Gyrus (L),dti_brain,15.0,False,white matter (tractography)
"Inferior Temporal Gyrus, temporooccipital part (L)","Temporal Fusiform Cortex, anterior division (L)",dti_brain,11.0,False,white matter (tractography)
"Inferior Temporal Gyrus, temporooccipital part (L)","Temporal Fusiform Cortex, posterior division (L)",dti_brain,27.0,False,white matter (tractography)
"Inferior Temporal Gyrus, temporooccipital part (L)",Temporal Occipital Fusiform Cortex (L),dti_brain,6.0,False,white matter (tractography)
"Inferior Temporal Gyrus, temporooccipital part (L)",Occipital Fusiform Gyrus (L),dti_brain,49.0,False,white matter (tractography)
"Inferior Temporal Gyrus, temporooccipital part (L)",Parietal Operculum Cortex (L),dti_brain,5.0,False,white matter (tractography)
"Inferior Temporal Gyrus, temporooccipital part (L)",Planum Polare (L),dti_brain,5.0,False,white matter (tractography)
"Inferior Temporal Gyrus, temporooccipital part (L)",Planum Temporale (L),dti_brain,6.0,False,white matter (tractography)
"Inferior Temporal Gyrus, temporooccipital part (L)",Occipital Pole (L),dti_brain,19.0,False,white matter (tractography)
"Inferior Temporal Gyrus, temporooccipital part (L)",Thalamus (L),dti_brain,5.0,False,white matter (tractography)
"Inferior Temporal Gyrus, temporooccipital part (L)",Putamen (L),dti_brain,6.0,False,white matter (tractography)
"Inferior Temporal Gyrus, temporooccipital part (L)",Pallidum (L),dti_brain,4.0,False,white matter (tractography)
"Inferior Temporal Gyrus, temporooccipital part (L)",Thalamus (R),dti_brain,1.0,False,white matter (tractography)
"Inferior Temporal Gyrus, temporooccipital part (R)",Insular Cortex (R),dti_brain,2.0,False,white matter (tractography)
"Inferior Temporal Gyrus, temporooccipital part (R)",Temporal Pole (R),dti_brain,1.0,False,white matter (tractography)
"Inferior Temporal Gyrus, temporooccipital part (R)","Superior Temporal Gyrus, posterior division (R)",dti_brain,1.0,False,white matter (tractography)
"Inferior Temporal Gyrus, temporooccipital part (R)","Middle Temporal Gyrus, posterior division (R)",dti_brain,2.0,False,white matter (tractography)
"Inferior Temporal Gyrus, temporooccipital part (R)","Middle Temporal Gyrus, temporooccipital part (R)",dti_brain,5.0,False,white matter (tractography)
"Inferior Temporal Gyrus, temporooccipital part (R)",Superior Parietal Lobule (R),dti_brain,5.0,False,white matter (tractography)
"Inferior Temporal Gyrus, temporooccipital part (R)","Supramarginal Gyrus, posterior division (R)",dti_brain,5.0,False,white matter (tractography)
"Inferior Temporal Gyrus, temporooccipital part (R)","Lateral Occipital Cortex, superior division (R)",dti_brain,41.0,False,white matter (tractography)
"Inferior Temporal Gyrus, temporooccipital part (R)","Lateral Occipital Cortex, inferior division (R)",dti_brain,33.0,False,white matter (tractography)
"Inferior Temporal Gyrus, temporooccipital part (R)",Intracalcarine Cortex (R),dti_brain,3.0,False,white matter (tractography)
"Inferior Temporal Gyrus, temporooccipital part (R)",Precuneous Cortex (R),dti_brain,7.0,False,white matter (tractography)
"Inferior Temporal Gyrus, temporooccipital part (R)",Lingual Gyrus (R),dti_brain,2.0,False,white matter (tractography)
"Inferior Temporal Gyrus, temporooccipital part (R)",Temporal Occipital Fusiform Cortex (R),dti_brain,7.0,False,white matter (tractography)
"Inferior Temporal Gyrus, temporooccipital part (R)",Occipital Fusiform Gyrus (R),dti_brain,24.0,False,white matter (tractography)
"Inferior Temporal Gyrus, temporooccipital part (R)",Parietal Operculum Cortex (R),dti_brain,2.0,False,white matter (tractography)
"Inferior Temporal Gyrus, temporooccipital part (R)",Planum Polare (R),dti_brain,2.0,False,white matter (tractography)
"Inferior Temporal Gyrus, temporooccipital part (R)",Supracalcarine Cortex (R),dti_brain,6.0,False,white matter (tractography)
"Inferior Temporal Gyrus, temporooccipital part (R)",Occipital Pole (R),dti_brain,24.0,False,white matter (tractography)
"Inferior Temporal Gyrus, temporooccipital part (R)",Thalamus (R),dti_brain,2.0,False,white matter (tractography)
"Inferior Temporal Gyrus, temporooccipital part (R)",Putamen (R),dti_brain,1.0,False,white matter (tractography)
Postcentral Gyrus (L),Superior Frontal Gyrus (L),dti_brain,39.0,False,white matter (tractography)
Postcentral Gyrus (L),Superior Frontal Gyrus (R),dti_brain,1.0,False,white matter (tractography)
Postcentral Gyrus (L),Precentral Gyrus (L),dti_brain,179.0,False,white matter (tractography)
Postcentral Gyrus (L),Precentral Gyrus (R),dti_brain,6.0,False,white matter (tractography)
Postcentral Gyrus (L),Temporal Pole (L),dti_brain,17.0,False,white matter (tractography)
Postcentral Gyrus (L),"Superior Temporal Gyrus, anterior division (L)",dti_brain,2.0,False,white matter (tractography)
Postcentral Gyrus (L),Postcentral Gyrus (R),dti_brain,28.0,False,white matter (tractography)
Postcentral Gyrus (L),Superior Parietal Lobule (L),dti_brain,37.0,False,white matter (tractography)
Postcentral Gyrus (L),Superior Parietal Lobule (R),dti_brain,12.0,False,white matter (tractography)
Postcentral Gyrus (L),"Supramarginal Gyrus, anterior division (L)",dti_brain,18.0,False,white matter (tractography)
Postcentral Gyrus (L),"Supramarginal Gyrus, anterior division (R)",dti_brain,1.0,False,white matter (tractography)
Postcentral Gyrus (L),"Supramarginal Gyrus, posterior division (L)",dti_brain,33.0,False,white matter (tractography)
Postcentral Gyrus (L),Subcallosal Cortex (L),dti_brain,1.0,False,white matter (tractography)
Postcentral Gyrus (L),Precuneous Cortex (L),dti_brain,20.0,False,white matter (tractography)
Postcentral Gyrus (L),Precuneous Cortex (R),dti_brain,12.0,False,white matter (tractography)
Postcentral Gyrus (L),"Temporal Fusiform Cortex, anterior division (L)",dti_brain,2.0,False,white matter (tractography)
Postcentral Gyrus (L),"Temporal Fusiform Cortex, posterior division (L)",dti_brain,11.0,False,white matter (tractography)
Postcentral Gyrus (L),Temporal Occipital Fusiform Cortex (L),dti_brain,4.0,False,white matter (tractography)
Postcentral Gyrus (L),Thalamus (L),dti_brain,99.0,False,white matter (tractography)
Postcentral Gyrus (L),Putamen (L),dti_brain,112.0,False,white matter (tractography)
Postcentral Gyrus (L),Thalamus (R),dti_brain,19.0,False,white matter (tractography)
Postcentral Gyrus (L),Putamen (R),dti_brain,4.0,False,white matter (tractography)
Postcentral Gyrus (R),Superior Frontal Gyrus (L),dti_brain,1.0,False,white matter (tractography)
Postcentral Gyrus (R),Superior Frontal Gyrus (R),dti_brain,18.0,False,white matter (tractography)
Postcentral Gyrus (R),Precentral Gyrus (L),dti_brain,13.0,False,white matter (tractography)
Postcentral Gyrus (R),Precentral Gyrus (R),dti_brain,172.0,False,white matter (tractography)
Postcentral Gyrus (R),Temporal Pole (L),dti_brain,1.0,False,white matter (tractography)
Postcentral Gyrus (R),Temporal Pole (R),dti_brain,12.0,False,white matter (tractography)
Postcentral Gyrus (R),"Superior Temporal Gyrus, anterior division (L)",dti_brain,1.0,False,white matter (tractography)
Postcentral Gyrus (R),"Superior Temporal Gyrus, anterior division (R)",dti_brain,1.0,False,white matter (tractography)
Postcentral Gyrus (R),"Superior Temporal Gyrus, posterior division (R)",dti_brain,1.0,False,white matter (tractography)
Postcentral Gyrus (R),Superior Parietal Lobule (L),dti_brain,1.0,False,white matter (tractography)
Postcentral Gyrus (R),Superior Parietal Lobule (R),dti_brain,57.0,False,white matter (tractography)
Postcentral Gyrus (R),"Supramarginal Gyrus, anterior division (R)",dti_brain,8.0,False,white matter (tractography)
Postcentral Gyrus (R),"Supramarginal Gyrus, posterior division (R)",dti_brain,28.0,False,white matter (tractography)
Postcentral Gyrus (R),Precuneous Cortex (L),dti_brain,11.0,False,white matter (tractography)
Postcentral Gyrus (R),Precuneous Cortex (R),dti_brain,21.0,False,white matter (tractography)
Postcentral Gyrus (R),"Temporal Fusiform Cortex, posterior division (R)",dti_brain,1.0,False,white matter (tractography)
Postcentral Gyrus (R),Supracalcarine Cortex (L),dti_brain,7.0,False,white matter (tractography)
Postcentral Gyrus (R),Supracalcarine Cortex (R),dti_brain,1.0,False,white matter (tractography)
Postcentral Gyrus (R),Thalamus (L),dti_brain,19.0,False,white matter (tractography)
Postcentral Gyrus (R),Putamen (L),dti_brain,1.0,False,white matter (tractography)
Postcentral Gyrus (R),Thalamus (R),dti_brain,98.0,False,white matter (tractography)
Postcentral Gyrus (R),Putamen (R),dti_brain,61.0,False,white matter (tractography)
Superior Parietal Lobule (L),Temporal Pole (L),dti_brain,10.0,False,white matter (tractography)
Superior Parietal Lobule (L),"Superior Temporal Gyrus, anterior division (L)",dti_brain,3.0,False,white matter (tractography)
Superior Parietal Lobule (L),"Superior Temporal Gyrus, posterior division (L)",dti_brain,3.0,False,white matter (tractography)
Superior Parietal Lobule (L),Superior Parietal Lobule (R),dti_brain,10.0,False,white matter (tractography)
Superior Parietal Lobule (L),"Supramarginal Gyrus, anterior division (L)",dti_brain,9.0,False,white matter (tractography)
Superior Parietal Lobule (L),"Supramarginal Gyrus, posterior division (L)",dti_brain,7.0,False,white matter (tractography)
Superior Parietal Lobule (L),"Temporal Fusiform Cortex, anterior division (L)",dti_brain,2.0,False,white matter (tractography)
Superior Parietal Lobule (L),"Temporal Fusiform Cortex, posterior division (L)",dti_brain,4.0,False,white matter (tractography)
Superior Parietal Lobule (L),Temporal Occipital Fusiform Cortex (L),dti_brain,3.0,False,white matter (tractography)
Superior Parietal Lobule (L),Supracalcarine Cortex (L),dti_brain,1.0,False,white matter (tractography)
Superior Parietal Lobule (L),Thalamus (L),dti_brain,35.0,False,white matter (tractography)
Superior Parietal Lobule (L),Thalamus (R),dti_brain,2.0,False,white matter (tractography)
Superior Parietal Lobule (R),Temporal Pole (L),dti_brain,7.0,False,white matter (tractography)
Superior Parietal Lobule (R),Temporal Pole (R),dti_brain,17.0,False,white matter (tractography)
Superior Parietal Lobule (R),"Superior Temporal Gyrus, anterior division (L)",dti_brain,1.0,False,white matter (tractography)
Superior Parietal Lobule (R),"Superior Temporal Gyrus, posterior division (L)",dti_brain,2.0,False,white matter (tractography)
Superior Parietal Lobule (R),"Superior Temporal Gyrus, posterior division (R)",dti_brain,1.0,False,white matter (tractography)
Superior Parietal Lobule (R),"Supramarginal Gyrus, anterior division (R)",dti_brain,4.0,False,white matter (tractography)
Superior Parietal Lobule (R),"Supramarginal Gyrus, posterior division (R)",dti_brain,23.0,False,white matter (tractography)
Superior Parietal Lobule (R),"Temporal Fusiform Cortex, posterior division (R)",dti_brain,5.0,False,white matter (tractography)
Superior Parietal Lobule (R),Temporal Occipital Fusiform Cortex (R),dti_brain,1.0,False,white matter (tractography)
Superior Parietal Lobule (R),Supracalcarine Cortex (L),dti_brain,6.0,False,white matter (tractography)
Superior Parietal Lobule (R),Supracalcarine Cortex (R),dti_brain,2.0,False,white matter (tractography)
Superior Parietal Lobule (R),Thalamus (L),dti_brain,24.0,False,white matter (tractography)
Superior Parietal Lobule (R),Thalamus (R),dti_brain,87.0,False,white matter (tractography)
"Supramarginal Gyrus, anterior division (L)",Temporal Pole (L),dti_brain,1.0,False,white matter (tractography)
"Supramarginal Gyrus, anterior division (L)","Supramarginal Gyrus, posterior division (L)",dti_brain,7.0,False,white matter (tractography)
"Supramarginal Gyrus, anterior division (L)",Thalamus (L),dti_brain,1.0,False,white matter (tractography)
"Supramarginal Gyrus, anterior division (R)",Temporal Pole (R),dti_brain,3.0,False,white matter (tractography)
"Supramarginal Gyrus, anterior division (R)","Supramarginal Gyrus, posterior division (R)",dti_brain,13.0,False,white matter (tractography)
"Supramarginal Gyrus, anterior division (R)","Temporal Fusiform Cortex, posterior division (R)",dti_brain,1.0,False,white matter (tractography)
"Supramarginal Gyrus, anterior division (R)",Thalamus (L),dti_brain,3.0,False,white matter (tractography)
"Supramarginal Gyrus, anterior division (R)",Thalamus (R),dti_brain,7.0,False,white matter (tractography)
"Supramarginal Gyrus, posterior division (L)",Temporal Pole (L),dti_brain,8.0,False,white matter (tractography)
"Supramarginal Gyrus, posterior division (L)","Temporal Fusiform Cortex, anterior division (L)",dti_brain,3.0,False,white matter (tractography)
"Supramarginal Gyrus, posterior division (L)","Temporal Fusiform Cortex, posterior division (L)",dti_brain,1.0,False,white matter (tractography)
"Supramarginal Gyrus, posterior division (L)",Temporal Occipital Fusiform Cortex (L),dti_brain,2.0,False,white matter (tractography)
"Supramarginal Gyrus, posterior division (L)",Thalamus (L),dti_brain,3.0,False,white matter (tractography)
"Supramarginal Gyrus, posterior division (R)",Temporal Pole (R),dti_brain,3.0,False,white matter (tractography)
"Supramarginal Gyrus, posterior division (R)","Temporal Fusiform Cortex, posterior division (R)",dti_brain,1.0,False,white matter (tractography)
"Supramarginal Gyrus, posterior division (R)",Temporal Occipital Fusiform Cortex (R),dti_brain,1.0,False,white matter (tractography)
"Supramarginal Gyrus, posterior division (R)",Thalamus (L),dti_brain,2.0,False,white matter (tractography)
"Supramarginal Gyrus, posterior division (R)",Thalamus (R),dti_brain,25.0,False,white matter (tractography)
Angular Gyrus (L),Frontal Pole (L),dti_brain,3.0,False,white matter (tractography)
Angular Gyrus (L),Insular Cortex (L),dti_brain,6.0,False,white matter (tractography)
Angular Gyrus (L),Superior Frontal Gyrus (L),dti_brain,5.0,False,white matter (tractography)
Angular Gyrus (L),Middle Frontal Gyrus (L),dti_brain,10.0,False,white matter (tractography)
Angular Gyrus (L),"Inferior Frontal Gyrus, pars triangularis (L)",dti_brain,1.0,False,white matter (tractography)
Angular Gyrus (L),"Inferior Frontal Gyrus, pars opercularis (L)",dti_brain,5.0,False,white matter (tractography)
Angular Gyrus (L),Precentral Gyrus (L),dti_brain,42.0,False,white matter (tractography)
Angular Gyrus (L),Temporal Pole (L),dti_brain,13.0,False,white matter (tractography)
Angular Gyrus (L),"Superior Temporal Gyrus, posterior division (L)",dti_brain,1.0,False,white matter (tractography)
Angular Gyrus (L),"Middle Temporal Gyrus, anterior division (L)",dti_brain,2.0,False,white matter (tractography)
Angular Gyrus (L),"Middle Temporal Gyrus, posterior division (L)",dti_brain,6.0,False,white matter (tractography)
Angular Gyrus (L),"Middle Temporal Gyrus, temporooccipital part (L)",dti_brain,15.0,False,white matter (tractography)
Angular Gyrus (L),"Inferior Temporal Gyrus, anterior division (L)",dti_brain,2.0,False,white matter (tractography)
Angular Gyrus (L),"Inferior Temporal Gyrus, posterior division (L)",dti_brain,22.0,False,white matter (tractography)
Angular Gyrus (L),"Inferior Temporal Gyrus, temporooccipital part (L)",dti_brain,13.0,False,white matter (tractography)
Angular Gyrus (L),Postcentral Gyrus (L),dti_brain,23.0,False,white matter (tractography)
Angular Gyrus (L),Superior Parietal Lobule (L),dti_brain,18.0,False,white matter (tractography)
Angular Gyrus (L),Superior Parietal Lobule (R),dti_brain,1.0,False,white matter (tractography)
Angular Gyrus (L),"Supramarginal Gyrus, anterior division (L)",dti_brain,12.0,False,white matter (tractography)
Angular Gyrus (L),"Supramarginal Gyrus, posterior division (L)",dti_brain,13.0,False,white matter (tractography)
Angular Gyrus (L),"Lateral Occipital Cortex, superior division (L)",dti_brain,28.0,False,white matter (tractography)
Angular Gyrus (L),"Lateral Occipital Cortex, superior division (R)",dti_brain,3.0,False,white matter (tractography)
Angular Gyrus (L),"Lateral Occipital Cortex, inferior division (L)",dti_brain,12.0,False,white matter (tractography)
Angular Gyrus (L),Intracalcarine Cortex (L),dti_brain,1.0,False,white matter (tractography)
Angular Gyrus (L),"Cingulate Gyrus, anterior division (L)",dti_brain,1.0,False,white matter (tractography)
Angular Gyrus (L),"Cingulate Gyrus, posterior division (L)",dti_brain,1.0,False,white matter (tractography)
Angular Gyrus (L),Precuneous Cortex (L),dti_brain,17.0,False,white matter (tractography)
Angular Gyrus (L),Precuneous Cortex (R),dti_brain,3.0,False,white matter (tractography)
Angular Gyrus (L),Frontal Orbital Cortex (L),dti_brain,2.0,False,white matter (tractography)
Angular Gyrus (L),"Parahippocampal Gyrus, anterior division (L)",dti_brain,1.0,False,white matter (tractography)
Angular Gyrus (L),"Temporal Fusiform Cortex, posterior division (L)",dti_brain,5.0,False,white matter (tractography)
Angular Gyrus (L),Temporal Occipital Fusiform Cortex (L),dti_brain,3.0,False,white matter (tractography)
Angular Gyrus (L),Occipital Fusiform Gyrus (L),dti_brain,5.0,False,white matter (tractography)
Angular Gyrus (L),Frontal Operculum Cortex (L),dti_brain,9.0,False,white matter (tractography)
Angular Gyrus (L),Central Opercular Cortex (L),dti_brain,8.0,False,white matter (tractography)
Angular Gyrus (L),Parietal Operculum Cortex (L),dti_brain,14.0,False,white matter (tractography)
Angular Gyrus (L),Planum Polare (L),dti_brain,8.0,False,white matter (tractography)
Angular Gyrus (L),Heschl's Gyrus (includes H1 and H2) (L),dti_brain,5.0,False,white matter (tractography)
Angular Gyrus (L),Planum Temporale (L),dti_brain,9.0,False,white matter (tractography)
Angular Gyrus (L),Supracalcarine Cortex (L),dti_brain,1.0,False,white matter (tractography)
Angular Gyrus (L),Occipital Pole (L),dti_brain,8.0,False,white matter (tractography)
Angular Gyrus (L),Thalamus (L),dti_brain,4.0,False,white matter (tractography)
Angular Gyrus (L),Caudate (L),dti_brain,4.0,False,white matter (tractography)
Angular Gyrus (L),Putamen (L),dti_brain,8.0,False,white matter (tractography)
Angular Gyrus (L),Brain-Stem,dti_brain,1.0,False,white matter (tractography)
Angular Gyrus (L),Hippocampus (L),dti_brain,6.0,False,white matter (tractography)
Angular Gyrus (R),Frontal Pole (R),dti_brain,12.0,False,white matter (tractography)
Angular Gyrus (R),Insular Cortex (R),dti_brain,38.0,False,white matter (tractography)
Angular Gyrus (R),Superior Frontal Gyrus (R),dti_brain,10.0,False,white matter (tractography)
Angular Gyrus (R),Middle Frontal Gyrus (L),dti_brain,1.0,False,white matter (tractography)
Angular Gyrus (R),Middle Frontal Gyrus (R),dti_brain,30.0,False,white matter (tractography)
Angular Gyrus (R),"Inferior Frontal Gyrus, pars triangularis (R)",dti_brain,8.0,False,white matter (tractography)
Angular Gyrus (R),"Inferior Frontal Gyrus, pars opercularis (R)",dti_brain,25.0,False,white matter (tractography)
Angular Gyrus (R),Precentral Gyrus (R),dti_brain,75.0,False,white matter (tractography)
Angular Gyrus (R),Temporal Pole (R),dti_brain,8.0,False,white matter (tractography)
Angular Gyrus (R),"Superior Temporal Gyrus, anterior division (R)",dti_brain,2.0,False,white matter (tractography)
Angular Gyrus (R),"Middle Temporal Gyrus, anterior division (R)",dti_brain,2.0,False,white matter (tractography)
Angular Gyrus (R),"Middle Temporal Gyrus, posterior division (R)",dti_brain,29.0,False,white matter (tractography)
Angular Gyrus (R),"Middle Temporal Gyrus, temporooccipital part (R)",dti_brain,21.0,False,white matter (tractography)
Angular Gyrus (R),"Inferior Temporal Gyrus, posterior division (R)",dti_brain,19.0,False,white matter (tractography)
Angular Gyrus (R),"Inferior Temporal Gyrus, temporooccipital part (R)",dti_brain,32.0,False,white matter (tractography)
Angular Gyrus (R),Postcentral Gyrus (R),dti_brain,33.0,False,white matter (tractography)
Angular Gyrus (R),Superior Parietal Lobule (R),dti_brain,29.0,False,white matter (tractography)
Angular Gyrus (R),"Supramarginal Gyrus, anterior division (R)",dti_brain,17.0,False,white matter (tractography)
Angular Gyrus (R),"Supramarginal Gyrus, posterior division (R)",dti_brain,40.0,False,white matter (tractography)
Angular Gyrus (R),"Lateral Occipital Cortex, superior division (L)",dti_brain,7.0,False,white matter (tractography)
Angular Gyrus (R),"Lateral Occipital Cortex, superior division (R)",dti_brain,28.0,False,white matter (tractography)
Angular Gyrus (R),"Lateral Occipital Cortex, inferior division (R)",dti_brain,8.0,False,white matter (tractography)
Angular Gyrus (R),Intracalcarine Cortex (R),dti_brain,1.0,False,white matter (tractography)
Angular Gyrus (R),Juxtapositional Lobule Cortex (SMA) (R),dti_brain,3.0,False,white matter (tractography)
Angular Gyrus (R),Paracingulate Gyrus (R),dti_brain,1.0,False,white matter (tractography)
Angular Gyrus (R),"Cingulate Gyrus, anterior division (R)",dti_brain,2.0,False,white matter (tractography)
Angular Gyrus (R),"Cingulate Gyrus, posterior division (R)",dti_brain,5.0,False,white matter (tractography)
Angular Gyrus (R),Precuneous Cortex (L),dti_brain,3.0,False,white matter (tractography)
Angular Gyrus (R),Precuneous Cortex (R),dti_brain,9.0,False,white matter (tractography)
Angular Gyrus (R),Cuneal Cortex (L),dti_brain,2.0,False,white matter (tractography)
Angular Gyrus (R),Frontal Orbital Cortex (R),dti_brain,1.0,False,white matter (tractography)
Angular Gyrus (R),"Parahippocampal Gyrus, anterior division (R)",dti_brain,1.0,False,white matter (tractography)
Angular Gyrus (R),Lingual Gyrus (R),dti_brain,1.0,False,white matter (tractography)
Angular Gyrus (R),Occipital Fusiform Gyrus (L),dti_brain,1.0,False,white matter (tractography)
Angular Gyrus (R),Occipital Fusiform Gyrus (R),dti_brain,3.0,False,white matter (tractography)
Angular Gyrus (R),Frontal Operculum Cortex (R),dti_brain,18.0,False,white matter (tractography)
Angular Gyrus (R),Central Opercular Cortex (R),dti_brain,11.0,False,white matter (tractography)
Angular Gyrus (R),Parietal Operculum Cortex (L),dti_brain,1.0,False,white matter (tractography)
Angular Gyrus (R),Parietal Operculum Cortex (R),dti_brain,8.0,False,white matter (tractography)
Angular Gyrus (R),Planum Polare (R),dti_brain,8.0,False,white matter (tractography)
Angular Gyrus (R),Heschl's Gyrus (includes H1 and H2) (R),dti_brain,10.0,False,white matter (tractography)
Angular Gyrus (R),Planum Temporale (R),dti_brain,9.0,False,white matter (tractography)
Angular Gyrus (R),Supracalcarine Cortex (L),dti_brain,3.0,False,white matter (tractography)
Angular Gyrus (R),Supracalcarine Cortex (R),dti_brain,2.0,False,white matter (tractography)
Angular Gyrus (R),Occipital Pole (L),dti_brain,3.0,False,white matter (tractography)
Angular Gyrus (R),Occipital Pole (R),dti_brain,2.0,False,white matter (tractography)
Angular Gyrus (R),Thalamus (L),dti_brain,2.0,False,white matter (tractography)
Angular Gyrus (R),Caudate (L),dti_brain,1.0,False,white matter (tractography)
Angular Gyrus (R),Pallidum (L),dti_brain,3.0,False,white matter (tractography)
Angular Gyrus (R),Brain-Stem,dti_brain,12.0,False,white matter (tractography)
Angular Gyrus (R),Hippocampus (L),dti_brain,2.0,False,white matter (tractography)
Angular Gyrus (R),Thalamus (R),dti_brain,25.0,False,white matter (tractography)
Angular Gyrus (R),Caudate (R),dti_brain,4.0,False,white matter (tractography)
Angular Gyrus (R),Putamen (R),dti_brain,20.0,False,white matter (tractography)
Angular Gyrus (R),Pallidum (R),dti_brain,6.0,False,white matter (tractography)
Angular Gyrus (R),Hippocampus (R),dti_brain,13.0,False,white matter (tractography)
"Lateral Occipital Cortex, superior division (L)",Superior Frontal Gyrus (L),dti_brain,57.0,False,white matter (tractography)
"Lateral Occipital Cortex, superior division (L)",Middle Frontal Gyrus (L),dti_brain,58.0,False,white matter (tractography)
"Lateral Occipital Cortex, superior division (L)",Precentral Gyrus (L),dti_brain,104.0,False,white matter (tractography)
"Lateral Occipital Cortex, superior division (L)",Precentral Gyrus (R),dti_brain,2.0,False,white matter (tractography)
"Lateral Occipital Cortex, superior division (L)",Temporal Pole (L),dti_brain,97.0,False,white matter (tractography)
"Lateral Occipital Cortex, superior division (L)","Superior Temporal Gyrus, anterior division (L)",dti_brain,15.0,False,white matter (tractography)
"Lateral Occipital Cortex, superior division (L)","Superior Temporal Gyrus, posterior division (L)",dti_brain,7.0,False,white matter (tractography)
"Lateral Occipital Cortex, superior division (L)","Middle Temporal Gyrus, anterior division (L)",dti_brain,18.0,False,white matter (tractography)
"Lateral Occipital Cortex, superior division (L)","Middle Temporal Gyrus, posterior division (L)",dti_brain,33.0,False,white matter (tractography)
"Lateral Occipital Cortex, superior division (L)","Middle Temporal Gyrus, posterior division (R)",dti_brain,3.0,False,white matter (tractography)
"Lateral Occipital Cortex, superior division (L)","Middle Temporal Gyrus, temporooccipital part (L)",dti_brain,23.0,False,white matter (tractography)
"Lateral Occipital Cortex, superior division (L)",Postcentral Gyrus (L),dti_brain,43.0,False,white matter (tractography)
"Lateral Occipital Cortex, superior division (L)",Postcentral Gyrus (R),dti_brain,8.0,False,white matter (tractography)
"Lateral Occipital Cortex, superior division (L)",Superior Parietal Lobule (L),dti_brain,61.0,False,white matter (tractography)
"Lateral Occipital Cortex, superior division (L)",Superior Parietal Lobule (R),dti_brain,47.0,False,white matter (tractography)
"Lateral Occipital Cortex, superior division (L)","Supramarginal Gyrus, anterior division (L)",dti_brain,1.0,False,white matter (tractography)
"Lateral Occipital Cortex, superior division (L)","Supramarginal Gyrus, posterior division (L)",dti_brain,21.0,False,white matter (tractography)
"Lateral Occipital Cortex, superior division (L)","Supramarginal Gyrus, posterior division (R)",dti_brain,5.0,False,white matter (tractography)
"Lateral Occipital Cortex, superior division (L)","Lateral Occipital Cortex, superior division (R)",dti_brain,102.0,False,white matter (tractography)
"Lateral Occipital Cortex, superior division (L)",Paracingulate Gyrus (L),dti_brain,9.0,False,white matter (tractography)
"Lateral Occipital Cortex, superior division (L)",Precuneous Cortex (L),dti_brain,82.0,False,white matter (tractography)
"Lateral Occipital Cortex, superior division (L)",Precuneous Cortex (R),dti_brain,32.0,False,white matter (tractography)
"Lateral Occipital Cortex, superior division (L)","Parahippocampal Gyrus, posterior division (L)",dti_brain,1.0,False,white matter (tractography)
"Lateral Occipital Cortex, superior division (L)",Lingual Gyrus (L),dti_brain,21.0,False,white matter (tractography)
"Lateral Occipital Cortex, superior division (L)","Temporal Fusiform Cortex, anterior division (L)",dti_brain,11.0,False,white matter (tractography)
"Lateral Occipital Cortex, superior division (L)","Temporal Fusiform Cortex, anterior division (R)",dti_brain,1.0,False,white matter (tractography)
"Lateral Occipital Cortex, superior division (L)","Temporal Fusiform Cortex, posterior division (L)",dti_brain,20.0,False,white matter (tractography)
"Lateral Occipital Cortex, superior division (L)",Temporal Occipital Fusiform Cortex (L),dti_brain,29.0,False,white matter (tractography)
"Lateral Occipital Cortex, superior division (L)",Occipital Fusiform Gyrus (L),dti_brain,52.0,False,white matter (tractography)
"Lateral Occipital Cortex, superior division (L)",Occipital Fusiform Gyrus (R),dti_brain,1.0,False,white matter (tractography)
"Lateral Occipital Cortex, superior division (L)",Parietal Operculum Cortex (L),dti_brain,17.0,False,white matter (tractography)
"Lateral Occipital Cortex, superior division (L)",Parietal Operculum Cortex (R),dti_brain,2.0,False,white matter (tractography)
"Lateral Occipital Cortex, superior division (L)",Planum Polare (L),dti_brain,25.0,False,white matter (tractography)
"Lateral Occipital Cortex, superior division (L)",Planum Temporale (L),dti_brain,57.0,False,white matter (tractography)
"Lateral Occipital Cortex, superior division (L)",Supracalcarine Cortex (L),dti_brain,5.0,False,white matter (tractography)
"Lateral Occipital Cortex, superior division (L)",Supracalcarine Cortex (R),dti_brain,6.0,False,white matter (tractography)
"Lateral Occipital Cortex, superior division (L)",Occipital Pole (L),dti_brain,40.0,False,white matter (tractography)
"Lateral Occipital Cortex, superior division (L)",Thalamus (L),dti_brain,101.0,False,white matter (tractography)
"Lateral Occipital Cortex, superior division (L)",Putamen (L),dti_brain,32.0,False,white matter (tractography)
"Lateral Occipital Cortex, superior division (L)",Pallidum (L),dti_brain,24.0,False,white matter (tractography)
"Lateral Occipital Cortex, superior division (L)",Thalamus (R),dti_brain,20.0,False,white matter (tractography)
"Lateral Occipital Cortex, superior division (L)",Pallidum (R),dti_brain,6.0,False,white matter (tractography)
"Lateral Occipital Cortex, superior division (R)",Superior Frontal Gyrus (R),dti_brain,20.0,False,white matter (tractography)
"Lateral Occipital Cortex, superior division (R)",Middle Frontal Gyrus (R),dti_brain,36.0,False,white matter (tractography)
"Lateral Occipital Cortex, superior division (R)",Precentral Gyrus (L),dti_brain,2.0,False,white matter (tractography)
"Lateral Occipital Cortex, superior division (R)",Precentral Gyrus (R),dti_brain,93.0,False,white matter (tractography)
"Lateral Occipital Cortex, superior division (R)",Temporal Pole (L),dti_brain,4.0,False,white matter (tractography)
"Lateral Occipital Cortex, superior division (R)",Temporal Pole (R),dti_brain,37.0,False,white matter (tractography)
"Lateral Occipital Cortex, superior division (R)","Superior Temporal Gyrus, anterior division (R)",dti_brain,6.0,False,white matter (tractography)
"Lateral Occipital Cortex, superior division (R)","Superior Temporal Gyrus, posterior division (R)",dti_brain,4.0,False,white matter (tractography)
"Lateral Occipital Cortex, superior division (R)","Middle Temporal Gyrus, anterior division (L)",dti_brain,3.0,False,white matter (tractography)
"Lateral Occipital Cortex, superior division (R)","Middle Temporal Gyrus, anterior division (R)",dti_brain,2.0,False,white matter (tractography)
"Lateral Occipital Cortex, superior division (R)","Middle Temporal Gyrus, posterior division (R)",dti_brain,27.0,False,white matter (tractography)
"Lateral Occipital Cortex, superior division (R)","Middle Temporal Gyrus, temporooccipital part (R)",dti_brain,52.0,False,white matter (tractography)
"Lateral Occipital Cortex, superior division (R)",Postcentral Gyrus (L),dti_brain,1.0,False,white matter (tractography)
"Lateral Occipital Cortex, superior division (R)",Postcentral Gyrus (R),dti_brain,64.0,False,white matter (tractography)
"Lateral Occipital Cortex, superior division (R)",Superior Parietal Lobule (L),dti_brain,6.0,False,white matter (tractography)
"Lateral Occipital Cortex, superior division (R)",Superior Parietal Lobule (R),dti_brain,52.0,False,white matter (tractography)
"Lateral Occipital Cortex, superior division (R)","Supramarginal Gyrus, anterior division (R)",dti_brain,17.0,False,white matter (tractography)
"Lateral Occipital Cortex, superior division (R)","Supramarginal Gyrus, posterior division (R)",dti_brain,35.0,False,white matter (tractography)
"Lateral Occipital Cortex, superior division (R)",Precuneous Cortex (L),dti_brain,62.0,False,white matter (tractography)
"Lateral Occipital Cortex, superior division (R)",Precuneous Cortex (R),dti_brain,106.0,False,white matter (tractography)
"Lateral Occipital Cortex, superior division (R)",Lingual Gyrus (L),dti_brain,12.0,False,white matter (tractography)
"Lateral Occipital Cortex, superior division (R)",Lingual Gyrus (R),dti_brain,21.0,False,white matter (tractography)
"Lateral Occipital Cortex, superior division (R)","Temporal Fusiform Cortex, anterior division (R)",dti_brain,1.0,False,white matter (tractography)
"Lateral Occipital Cortex, superior division (R)","Temporal Fusiform Cortex, posterior division (L)",dti_brain,2.0,False,white matter (tractography)
"Lateral Occipital Cortex, superior division (R)","Temporal Fusiform Cortex, posterior division (R)",dti_brain,5.0,False,white matter (tractography)
"Lateral Occipital Cortex, superior division (R)",Temporal Occipital Fusiform Cortex (L),dti_brain,1.0,False,white matter (tractography)
"Lateral Occipital Cortex, superior division (R)",Temporal Occipital Fusiform Cortex (R),dti_brain,23.0,False,white matter (tractography)
"Lateral Occipital Cortex, superior division (R)",Occipital Fusiform Gyrus (L),dti_brain,4.0,False,white matter (tractography)
"Lateral Occipital Cortex, superior division (R)",Occipital Fusiform Gyrus (R),dti_brain,17.0,False,white matter (tractography)
"Lateral Occipital Cortex, superior division (R)",Parietal Operculum Cortex (R),dti_brain,28.0,False,white matter (tractography)
"Lateral Occipital Cortex, superior division (R)",Planum Polare (L),dti_brain,3.0,False,white matter (tractography)
"Lateral Occipital Cortex, superior division (R)",Planum Polare (R),dti_brain,42.0,False,white matter (tractography)
"Lateral Occipital Cortex, superior division (R)",Planum Temporale (L),dti_brain,1.0,False,white matter (tractography)
"Lateral Occipital Cortex, superior division (R)",Planum Temporale (R),dti_brain,22.0,False,white matter (tractography)
"Lateral Occipital Cortex, superior division (R)",Supracalcarine Cortex (L),dti_brain,14.0,False,white matter (tractography)
"Lateral Occipital Cortex, superior division (R)",Supracalcarine Cortex (R),dti_brain,17.0,False,white matter (tractography)
"Lateral Occipital Cortex, superior division (R)",Occipital Pole (L),dti_brain,13.0,False,white matter (tractography)
"Lateral Occipital Cortex, superior division (R)",Occipital Pole (R),dti_brain,23.0,False,white matter (tractography)
"Lateral Occipital Cortex, superior division (R)",Thalamus (L),dti_brain,39.0,False,white matter (tractography)
"Lateral Occipital Cortex, superior division (R)",Pallidum (L),dti_brain,1.0,False,white matter (tractography)
"Lateral Occipital Cortex, superior division (R)",Thalamus (R),dti_brain,145.0,False,white matter (tractography)
"Lateral Occipital Cortex, superior division (R)",Putamen (R),dti_brain,82.0,False,white matter (tractography)
"Lateral Occipital Cortex, superior division (R)",Pallidum (R),dti_brain,11.0,False,white matter (tractography)
"Lateral Occipital Cortex, inferior division (L)",Superior Frontal Gyrus (L),dti_brain,11.0,False,white matter (tractography)
"Lateral Occipital Cortex, inferior division (L)",Middle Frontal Gyrus (L),dti_brain,19.0,False,white matter (tractography)
"Lateral Occipital Cortex, inferior division (L)",Precentral Gyrus (L),dti_brain,39.0,False,white matter (tractography)
"Lateral Occipital Cortex, inferior division (L)",Temporal Pole (L),dti_brain,37.0,False,white matter (tractography)
"Lateral Occipital Cortex, inferior division (L)",Temporal Pole (R),dti_brain,1.0,False,white matter (tractography)
"Lateral Occipital Cortex, inferior division (L)","Superior Temporal Gyrus, anterior division (L)",dti_brain,7.0,False,white matter (tractography)
"Lateral Occipital Cortex, inferior division (L)","Superior Temporal Gyrus, posterior division (L)",dti_brain,1.0,False,white matter (tractography)
"Lateral Occipital Cortex, inferior division (L)","Middle Temporal Gyrus, anterior division (L)",dti_brain,6.0,False,white matter (tractography)
"Lateral Occipital Cortex, inferior division (L)","Middle Temporal Gyrus, posterior division (L)",dti_brain,16.0,False,white matter (tractography)
"Lateral Occipital Cortex, inferior division (L)","Middle Temporal Gyrus, temporooccipital part (L)",dti_brain,11.0,False,white matter (tractography)
"Lateral Occipital Cortex, inferior division (L)",Postcentral Gyrus (L),dti_brain,10.0,False,white matter (tractography)
"Lateral Occipital Cortex, inferior division (L)",Superior Parietal Lobule (L),dti_brain,7.0,False,white matter (tractography)
"Lateral Occipital Cortex, inferior division (L)","Supramarginal Gyrus, posterior division (L)",dti_brain,6.0,False,white matter (tractography)
"Lateral Occipital Cortex, inferior division (L)","Lateral Occipital Cortex, superior division (L)",dti_brain,83.0,False,white matter (tractography)
"Lateral Occipital Cortex, inferior division (L)","Lateral Occipital Cortex, superior division (R)",dti_brain,3.0,False,white matter (tractography)
"Lateral Occipital Cortex, inferior division (L)",Precuneous Cortex (L),dti_brain,16.0,False,white matter (tractography)
"Lateral Occipital Cortex, inferior division (L)",Precuneous Cortex (R),dti_brain,1.0,False,white matter (tractography)
"Lateral Occipital Cortex, inferior division (L)","Parahippocampal Gyrus, anterior division (L)",dti_brain,1.0,False,white matter (tractography)
"Lateral Occipital Cortex, inferior division (L)",Lingual Gyrus (L),dti_brain,11.0,False,white matter (tractography)
"Lateral Occipital Cortex, inferior division (L)","Temporal Fusiform Cortex, anterior division (L)",dti_brain,10.0,False,white matter (tractography)
"Lateral Occipital Cortex, inferior division (L)","Temporal Fusiform Cortex, posterior division (L)",dti_brain,25.0,False,white matter (tractography)
"Lateral Occipital Cortex, inferior division (L)",Temporal Occipital Fusiform Cortex (L),dti_brain,33.0,False,white matter (tractography)
"Lateral Occipital Cortex, inferior division (L)",Occipital Fusiform Gyrus (L),dti_brain,75.0,False,white matter (tractography)
"Lateral Occipital Cortex, inferior division (L)",Parietal Operculum Cortex (L),dti_brain,7.0,False,white matter (tractography)
"Lateral Occipital Cortex, inferior division (L)",Planum Polare (L),dti_brain,15.0,False,white matter (tractography)
"Lateral Occipital Cortex, inferior division (L)",Planum Temporale (L),dti_brain,9.0,False,white matter (tractography)
"Lateral Occipital Cortex, inferior division (L)",Supracalcarine Cortex (L),dti_brain,7.0,False,white matter (tractography)
"Lateral Occipital Cortex, inferior division (L)",Occipital Pole (L),dti_brain,31.0,False,white matter (tractography)
"Lateral Occipital Cortex, inferior division (L)",Thalamus (L),dti_brain,26.0,False,white matter (tractography)
"Lateral Occipital Cortex, inferior division (L)",Putamen (L),dti_brain,15.0,False,white matter (tractography)
"Lateral Occipital Cortex, inferior division (L)",Pallidum (L),dti_brain,6.0,False,white matter (tractography)
"Lateral Occipital Cortex, inferior division (R)",Superior Frontal Gyrus (R),dti_brain,2.0,False,white matter (tractography)
"Lateral Occipital Cortex, inferior division (R)",Middle Frontal Gyrus (R),dti_brain,2.0,False,white matter (tractography)
"Lateral Occipital Cortex, inferior division (R)",Precentral Gyrus (R),dti_brain,3.0,False,white matter (tractography)
"Lateral Occipital Cortex, inferior division (R)",Temporal Pole (R),dti_brain,4.0,False,white matter (tractography)
"Lateral Occipital Cortex, inferior division (R)","Middle Temporal Gyrus, anterior division (R)",dti_brain,3.0,False,white matter (tractography)
"Lateral Occipital Cortex, inferior division (R)","Middle Temporal Gyrus, posterior division (R)",dti_brain,5.0,False,white matter (tractography)
"Lateral Occipital Cortex, inferior division (R)","Middle Temporal Gyrus, temporooccipital part (R)",dti_brain,14.0,False,white matter (tractography)
"Lateral Occipital Cortex, inferior division (R)",Postcentral Gyrus (R),dti_brain,3.0,False,white matter (tractography)
"Lateral Occipital Cortex, inferior division (R)",Superior Parietal Lobule (R),dti_brain,4.0,False,white matter (tractography)
"Lateral Occipital Cortex, inferior division (R)","Supramarginal Gyrus, anterior division (R)",dti_brain,1.0,False,white matter (tractography)
"Lateral Occipital Cortex, inferior division (R)","Supramarginal Gyrus, posterior division (R)",dti_brain,1.0,False,white matter (tractography)
"Lateral Occipital Cortex, inferior division (R)","Lateral Occipital Cortex, superior division (R)",dti_brain,76.0,False,white matter (tractography)
"Lateral Occipital Cortex, inferior division (R)",Subcallosal Cortex (R),dti_brain,1.0,False,white matter (tractography)
"Lateral Occipital Cortex, inferior division (R)",Paracingulate Gyrus (R),dti_brain,1.0,False,white matter (tractography)
"Lateral Occipital Cortex, inferior division (R)",Precuneous Cortex (L),dti_brain,1.0,False,white matter (tractography)
"Lateral Occipital Cortex, inferior division (R)",Precuneous Cortex (R),dti_brain,12.0,False,white matter (tractography)
"Lateral Occipital Cortex, inferior division (R)",Lingual Gyrus (R),dti_brain,31.0,False,white matter (tractography)
"Lateral Occipital Cortex, inferior division (R)","Temporal Fusiform Cortex, posterior division (R)",dti_brain,1.0,False,white matter (tractography)
"Lateral Occipital Cortex, inferior division (R)",Temporal Occipital Fusiform Cortex (R),dti_brain,54.0,False,white matter (tractography)
"Lateral Occipital Cortex, inferior division (R)",Occipital Fusiform Gyrus (R),dti_brain,81.0,False,white matter (tractography)
"Lateral Occipital Cortex, inferior division (R)",Parietal Operculum Cortex (R),dti_brain,2.0,False,white matter (tractography)
"Lateral Occipital Cortex, inferior division (R)",Planum Polare (R),dti_brain,16.0,False,white matter (tractography)
"Lateral Occipital Cortex, inferior division (R)",Planum Temporale (R),dti_brain,4.0,False,white matter (tractography)
"Lateral Occipital Cortex, inferior division (R)",Supracalcarine Cortex (R),dti_brain,13.0,False,white matter (tractography)
"Lateral Occipital Cortex, inferior division (R)",Occipital Pole (L),dti_brain,1.0,False,white matter (tractography)
"Lateral Occipital Cortex, inferior division (R)",Occipital Pole (R),dti_brain,42.0,False,white matter (tractography)
"Lateral Occipital Cortex, inferior division (R)",Thalamus (L),dti_brain,1.0,False,white matter (tractography)
"Lateral Occipital Cortex, inferior division (R)",Thalamus (R),dti_brain,8.0,False,white matter (tractography)
"Lateral Occipital Cortex, inferior division (R)",Putamen (R),dti_brain,16.0,False,white matter (tractography)
"Lateral Occipital Cortex, inferior division (R)",Pallidum (R),dti_brain,1.0,False,white matter (tractography)
Intracalcarine Cortex (L),Superior Frontal Gyrus (L),dti_brain,1.0,False,white matter (tractography)
Intracalcarine Cortex (L),Middle Frontal Gyrus (L),dti_brain,1.0,False,white matter (tractography)
Intracalcarine Cortex (L),Precentral Gyrus (L),dti_brain,1.0,False,white matter (tractography)
Intracalcarine Cortex (L),Temporal Pole (L),dti_brain,24.0,False,white matter (tractography)
Intracalcarine Cortex (L),"Superior Temporal Gyrus, anterior division (L)",dti_brain,2.0,False,white matter (tractography)
Intracalcarine Cortex (L),"Middle Temporal Gyrus, anterior division (L)",dti_brain,1.0,False,white matter (tractography)
Intracalcarine Cortex (L),"Middle Temporal Gyrus, posterior division (L)",dti_brain,5.0,False,white matter (tractography)
Intracalcarine Cortex (L),Postcentral Gyrus (L),dti_brain,3.0,False,white matter (tractography)
Intracalcarine Cortex (L),Superior Parietal Lobule (L),dti_brain,1.0,False,white matter (tractography)
Intracalcarine Cortex (L),Superior Parietal Lobule (R),dti_brain,1.0,False,white matter (tractography)
Intracalcarine Cortex (L),"Supramarginal Gyrus, posterior division (L)",dti_brain,2.0,False,white matter (tractography)
Intracalcarine Cortex (L),"Lateral Occipital Cortex, superior division (L)",dti_brain,17.0,False,white matter (tractography)
Intracalcarine Cortex (L),"Lateral Occipital Cortex, superior division (R)",dti_brain,4.0,False,white matter (tractography)
Intracalcarine Cortex (L),"Lateral Occipital Cortex, inferior division (L)",dti_brain,4.0,False,white matter (tractography)
Intracalcarine Cortex (L),"Lateral Occipital Cortex, inferior division (R)",dti_brain,1.0,False,white matter (tractography)
Intracalcarine Cortex (L),Intracalcarine Cortex (R),dti_brain,1.0,False,white matter (tractography)
Intracalcarine Cortex (L),Paracingulate Gyrus (L),dti_brain,1.0,False,white matter (tractography)
Intracalcarine Cortex (L),Precuneous Cortex (L),dti_brain,17.0,False,white matter (tractography)
Intracalcarine Cortex (L),Precuneous Cortex (R),dti_brain,2.0,False,white matter (tractography)
Intracalcarine Cortex (L),Lingual Gyrus (L),dti_brain,24.0,False,white matter (tractography)
Intracalcarine Cortex (L),Lingual Gyrus (R),dti_brain,2.0,False,white matter (tractography)
Intracalcarine Cortex (L),"Temporal Fusiform Cortex, anterior division (L)",dti_brain,4.0,False,white matter (tractography)
Intracalcarine Cortex (L),"Temporal Fusiform Cortex, posterior division (L)",dti_brain,21.0,False,white matter (tractography)
Intracalcarine Cortex (L),Temporal Occipital Fusiform Cortex (L),dti_brain,20.0,False,white matter (tractography)
Intracalcarine Cortex (L),Occipital Fusiform Gyrus (L),dti_brain,10.0,False,white matter (tractography)
Intracalcarine Cortex (L),Planum Polare (L),dti_brain,4.0,False,white matter (tractography)
Intracalcarine Cortex (L),Planum Temporale (L),dti_brain,3.0,False,white matter (tractography)
Intracalcarine Cortex (L),Supracalcarine Cortex (L),dti_brain,3.0,False,white matter (tractography)
Intracalcarine Cortex (L),Supracalcarine Cortex (R),dti_brain,3.0,False,white matter (tractography)
Intracalcarine Cortex (L),Occipital Pole (L),dti_brain,30.0,False,white matter (tractography)
Intracalcarine Cortex (L),Thalamus (L),dti_brain,39.0,False,white matter (tractography)
Intracalcarine Cortex (L),Putamen (L),dti_brain,4.0,False,white matter (tractography)
Intracalcarine Cortex (L),Pallidum (L),dti_brain,1.0,False,white matter (tractography)
Intracalcarine Cortex (L),Thalamus (R),dti_brain,21.0,False,white matter (tractography)
Intracalcarine Cortex (R),Temporal Pole (R),dti_brain,3.0,False,white matter (tractography)
Intracalcarine Cortex (R),"Superior Temporal Gyrus, anterior division (R)",dti_brain,1.0,False,white matter (tractography)
Intracalcarine Cortex (R),"Middle Temporal Gyrus, posterior division (R)",dti_brain,2.0,False,white matter (tractography)
Intracalcarine Cortex (R),"Middle Temporal Gyrus, temporooccipital part (R)",dti_brain,2.0,False,white matter (tractography)
Intracalcarine Cortex (R),Superior Parietal Lobule (R),dti_brain,2.0,False,white matter (tractography)
Intracalcarine Cortex (R),"Lateral Occipital Cortex, superior division (R)",dti_brain,8.0,False,white matter (tractography)
Intracalcarine Cortex (R),"Lateral Occipital Cortex, inferior division (R)",dti_brain,5.0,False,white matter (tractography)
Intracalcarine Cortex (R),Precuneous Cortex (L),dti_brain,1.0,False,white matter (tractography)
Intracalcarine Cortex (R),Precuneous Cortex (R),dti_brain,5.0,False,white matter (tractography)
Intracalcarine Cortex (R),Lingual Gyrus (R),dti_brain,10.0,False,white matter (tractography)
Intracalcarine Cortex (R),Temporal Occipital Fusiform Cortex (R),dti_brain,8.0,False,white matter (tractography)
Intracalcarine Cortex (R),Occipital Fusiform Gyrus (R),dti_brain,3.0,False,white matter (tractography)
Intracalcarine Cortex (R),Parietal Operculum Cortex (R),dti_brain,2.0,False,white matter (tractography)
Intracalcarine Cortex (R),Planum Polare (R),dti_brain,4.0,False,white matter (tractography)
Intracalcarine Cortex (R),Planum Temporale (R),dti_brain,2.0,False,white matter (tractography)
Intracalcarine Cortex (R),Supracalcarine Cortex (R),dti_brain,1.0,False,white matter (tractography)
Intracalcarine Cortex (R),Occipital Pole (R),dti_brain,9.0,False,white matter (tractography)
Intracalcarine Cortex (R),Thalamus (R),dti_brain,3.0,False,white matter (tractography)
Intracalcarine Cortex (R),Putamen (R),dti_brain,1.0,False,white matter (tractography)
Frontal Medial Cortex (L),Frontal Pole (L),dti_brain,12.0,False,white matter (tractography)
Frontal Medial Cortex (L),Frontal Pole (R),dti_brain,2.0,False,white matter (tractography)
Frontal Medial Cortex (L),"Inferior Frontal Gyrus, pars triangularis (L)",dti_brain,1.0,False,white matter (tractography)
Frontal Medial Cortex (L),Subcallosal Cortex (L),dti_brain,5.0,False,white matter (tractography)
Frontal Medial Cortex (L),Subcallosal Cortex (R),dti_brain,1.0,False,white matter (tractography)
Frontal Medial Cortex (L),Paracingulate Gyrus (L),dti_brain,1.0,False,white matter (tractography)
Frontal Medial Cortex (L),Frontal Orbital Cortex (L),dti_brain,17.0,False,white matter (tractography)
Frontal Medial Cortex (L),Putamen (L),dti_brain,4.0,False,white matter (tractography)
Frontal Medial Cortex (L),Pallidum (L),dti_brain,1.0,False,white matter (tractography)
Frontal Medial Cortex (R),Frontal Pole (L),dti_brain,4.0,False,white matter (tractography)
Frontal Medial Cortex (R),Frontal Pole (R),dti_brain,6.0,False,white matter (tractography)
Frontal Medial Cortex (R),Superior Frontal Gyrus (R),dti_brain,2.0,False,white matter (tractography)
Frontal Medial Cortex (R),Subcallosal Cortex (L),dti_brain,3.0,False,white matter (tractography)
Frontal Medial Cortex (R),Subcallosal Cortex (R),dti_brain,2.0,False,white matter (tractography)
Frontal Medial Cortex (R),Paracingulate Gyrus (R),dti_brain,1.0,False,white matter (tractography)
Frontal Medial Cortex (R),Frontal Orbital Cortex (L),dti_brain,8.0,False,white matter (tractography)
Frontal Medial Cortex (R),Frontal Orbital Cortex (R),dti_brain,1.0,False,white matter (tractography)
Juxtapositional Lobule Cortex (SMA) (L),Superior Frontal Gyrus (L),dti_brain,47.0,False,white matter (tractography)
Juxtapositional Lobule Cortex (SMA) (L),Superior Frontal Gyrus (R),dti_brain,4.0,False,white matter (tractography)
Juxtapositional Lobule Cortex (SMA) (L),Middle Frontal Gyrus (L),dti_brain,8.0,False,white matter (tractography)
Juxtapositional Lobule Cortex (SMA) (L),Middle Frontal Gyrus (R),dti_brain,1.0,False,white matter (tractography)
Juxtapositional Lobule Cortex (SMA) (L),Precentral Gyrus (L),dti_brain,59.0,False,white matter (tractography)
Juxtapositional Lobule Cortex (SMA) (L),Precentral Gyrus (R),dti_brain,2.0,False,white matter (tractography)
Juxtapositional Lobule Cortex (SMA) (L),Temporal Pole (L),dti_brain,1.0,False,white matter (tractography)
Juxtapositional Lobule Cortex (SMA) (L),"Middle Temporal Gyrus, anterior division (L)",dti_brain,1.0,False,white matter (tractography)
Juxtapositional Lobule Cortex (SMA) (L),Postcentral Gyrus (L),dti_brain,13.0,False,white matter (tractography)
Juxtapositional Lobule Cortex (SMA) (L),Superior Parietal Lobule (L),dti_brain,7.0,False,white matter (tractography)
Juxtapositional Lobule Cortex (SMA) (L),"Supramarginal Gyrus, posterior division (L)",dti_brain,1.0,False,white matter (tractography)
Juxtapositional Lobule Cortex (SMA) (L),"Lateral Occipital Cortex, superior division (L)",dti_brain,4.0,False,white matter (tractography)
Juxtapositional Lobule Cortex (SMA) (L),"Lateral Occipital Cortex, inferior division (L)",dti_brain,1.0,False,white matter (tractography)
Juxtapositional Lobule Cortex (SMA) (L),Juxtapositional Lobule Cortex (SMA) (R),dti_brain,7.0,False,white matter (tractography)
Juxtapositional Lobule Cortex (SMA) (L),Paracingulate Gyrus (L),dti_brain,9.0,False,white matter (tractography)
Juxtapositional Lobule Cortex (SMA) (L),Precuneous Cortex (L),dti_brain,10.0,False,white matter (tractography)
Juxtapositional Lobule Cortex (SMA) (L),Precuneous Cortex (R),dti_brain,1.0,False,white matter (tractography)
Juxtapositional Lobule Cortex (SMA) (L),Parietal Operculum Cortex (L),dti_brain,1.0,False,white matter (tractography)
Juxtapositional Lobule Cortex (SMA) (L),Occipital Pole (L),dti_brain,1.0,False,white matter (tractography)
Juxtapositional Lobule Cortex (SMA) (L),Thalamus (L),dti_brain,48.0,False,white matter (tractography)
Juxtapositional Lobule Cortex (SMA) (L),Putamen (L),dti_brain,11.0,False,white matter (tractography)
Juxtapositional Lobule Cortex (SMA) (L),Pallidum (L),dti_brain,17.0,False,white matter (tractography)
Juxtapositional Lobule Cortex (SMA) (L),Thalamus (R),dti_brain,5.0,False,white matter (tractography)
Juxtapositional Lobule Cortex (SMA) (L),Putamen (R),dti_brain,2.0,False,white matter (tractography)
Juxtapositional Lobule Cortex (SMA) (R),Superior Frontal Gyrus (L),dti_brain,16.0,False,white matter (tractography)
Juxtapositional Lobule Cortex (SMA) (R),Superior Frontal Gyrus (R),dti_brain,51.0,False,white matter (tractography)
Juxtapositional Lobule Cortex (SMA) (R),Middle Frontal Gyrus (L),dti_brain,1.0,False,white matter (tractography)
Juxtapositional Lobule Cortex (SMA) (R),Middle Frontal Gyrus (R),dti_brain,45.0,False,white matter (tractography)
Juxtapositional Lobule Cortex (SMA) (R),Precentral Gyrus (L),dti_brain,22.0,False,white matter (tractography)
Juxtapositional Lobule Cortex (SMA) (R),Precentral Gyrus (R),dti_brain,68.0,False,white matter (tractography)
Juxtapositional Lobule Cortex (SMA) (R),Temporal Pole (R),dti_brain,4.0,False,white matter (tractography)
Juxtapositional Lobule Cortex (SMA) (R),Postcentral Gyrus (L),dti_brain,4.0,False,white matter (tractography)
Juxtapositional Lobule Cortex (SMA) (R),Postcentral Gyrus (R),dti_brain,21.0,False,white matter (tractography)
Juxtapositional Lobule Cortex (SMA) (R),Superior Parietal Lobule (R),dti_brain,8.0,False,white matter (tractography)
Juxtapositional Lobule Cortex (SMA) (R),"Supramarginal Gyrus, anterior division (R)",dti_brain,2.0,False,white matter (tractography)
Juxtapositional Lobule Cortex (SMA) (R),"Supramarginal Gyrus, posterior division (R)",dti_brain,3.0,False,white matter (tractography)
Juxtapositional Lobule Cortex (SMA) (R),"Lateral Occipital Cortex, superior division (R)",dti_brain,11.0,False,white matter (tractography)
Juxtapositional Lobule Cortex (SMA) (R),Paracingulate Gyrus (R),dti_brain,13.0,False,white matter (tractography)
Juxtapositional Lobule Cortex (SMA) (R),Precuneous Cortex (R),dti_brain,9.0,False,white matter (tractography)
Juxtapositional Lobule Cortex (SMA) (R),"Parahippocampal Gyrus, anterior division (R)",dti_brain,2.0,False,white matter (tractography)
Juxtapositional Lobule Cortex (SMA) (R),"Temporal Fusiform Cortex, posterior division (R)",dti_brain,1.0,False,white matter (tractography)
Juxtapositional Lobule Cortex (SMA) (R),Parietal Operculum Cortex (R),dti_brain,4.0,False,white matter (tractography)
Juxtapositional Lobule Cortex (SMA) (R),Planum Polare (R),dti_brain,1.0,False,white matter (tractography)
Juxtapositional Lobule Cortex (SMA) (R),Planum Temporale (R),dti_brain,4.0,False,white matter (tractography)
Juxtapositional Lobule Cortex (SMA) (R),Supracalcarine Cortex (L),dti_brain,1.0,False,white matter (tractography)
Juxtapositional Lobule Cortex (SMA) (R),Occipital Pole (L),dti_brain,1.0,False,white matter (tractography)
Juxtapositional Lobule Cortex (SMA) (R),Thalamus (L),dti_brain,10.0,False,white matter (tractography)
Juxtapositional Lobule Cortex (SMA) (R),Putamen (L),dti_brain,1.0,False,white matter (tractography)
Juxtapositional Lobule Cortex (SMA) (R),Pallidum (L),dti_brain,1.0,False,white matter (tractography)
Juxtapositional Lobule Cortex (SMA) (R),Thalamus (R),dti_brain,57.0,False,white matter (tractography)
Juxtapositional Lobule Cortex (SMA) (R),Putamen (R),dti_brain,58.0,False,white matter (tractography)
Juxtapositional Lobule Cortex (SMA) (R),Pallidum (R),dti_brain,18.0,False,white matter (tractography)
Subcallosal Cortex (L),Thalamus (L),dti_brain,7.0,False,white matter (tractography)
Subcallosal Cortex (L),Thalamus (R),dti_brain,2.0,False,white matter (tractography)
Subcallosal Cortex (R),Superior Frontal Gyrus (R),dti_brain,1.0,False,white matter (tractography)
Subcallosal Cortex (R),Temporal Pole (R),dti_brain,1.0,False,white matter (tractography)
Subcallosal Cortex (R),"Supramarginal Gyrus, posterior division (R)",dti_brain,2.0,False,white matter (tractography)
Subcallosal Cortex (R),Thalamus (L),dti_brain,1.0,False,white matter (tractography)
Subcallosal Cortex (R),Thalamus (R),dti_brain,5.0,False,white matter (tractography)
Paracingulate Gyrus (L),Superior Frontal Gyrus (L),dti_brain,40.0,False,white matter (tractography)
Paracingulate Gyrus (L),Superior Frontal Gyrus (R),dti_brain,4.0,False,white matter (tractography)
Paracingulate Gyrus (L),Precentral Gyrus (L),dti_brain,4.0,False,white matter (tractography)
Paracingulate Gyrus (L),Temporal Pole (L),dti_brain,1.0,False,white matter (tractography)
Paracingulate Gyrus (L),Postcentral Gyrus (R),dti_brain,1.0,False,white matter (tractography)
Paracingulate Gyrus (L),Superior Parietal Lobule (L),dti_brain,4.0,False,white matter (tractography)
Paracingulate Gyrus (L),"Supramarginal Gyrus, posterior division (L)",dti_brain,1.0,False,white matter (tractography)
Paracingulate Gyrus (L),"Supramarginal Gyrus, posterior division (R)",dti_brain,1.0,False,white matter (tractography)
Paracingulate Gyrus (L),Paracingulate Gyrus (R),dti_brain,2.0,False,white matter (tractography)
Paracingulate Gyrus (L),Precuneous Cortex (L),dti_brain,5.0,False,white matter (tractography)
Paracingulate Gyrus (L),Precuneous Cortex (R),dti_brain,1.0,False,white matter (tractography)
Paracingulate Gyrus (L),Parietal Operculum Cortex (L),dti_brain,1.0,False,white matter (tractography)
Paracingulate Gyrus (L),Supracalcarine Cortex (L),dti_brain,1.0,False,white matter (tractography)
Paracingulate Gyrus (L),Thalamus (L),dti_brain,24.0,False,white matter (tractography)
Paracingulate Gyrus (L),Putamen (L),dti_brain,7.0,False,white matter (tractography)
Paracingulate Gyrus (L),Putamen (R),dti_brain,2.0,False,white matter (tractography)
Paracingulate Gyrus (R),Superior Frontal Gyrus (L),dti_brain,9.0,False,white matter (tractography)
Paracingulate Gyrus (R),Superior Frontal Gyrus (R),dti_brain,39.0,False,white matter (tractography)
Paracingulate Gyrus (R),Precentral Gyrus (L),dti_brain,4.0,False,white matter (tractography)
Paracingulate Gyrus (R),Precentral Gyrus (R),dti_brain,4.0,False,white matter (tractography)
Paracingulate Gyrus (R),Temporal Pole (R),dti_brain,1.0,False,white matter (tractography)
Paracingulate Gyrus (R),Postcentral Gyrus (L),dti_brain,2.0,False,white matter (tractography)
Paracingulate Gyrus (R),Postcentral Gyrus (R),dti_brain,1.0,False,white matter (tractography)
Paracingulate Gyrus (R),Superior Parietal Lobule (R),dti_brain,1.0,False,white matter (tractography)
Paracingulate Gyrus (R),Subcallosal Cortex (L),dti_brain,1.0,False,white matter (tractography)
Paracingulate Gyrus (R),Subcallosal Cortex (R),dti_brain,1.0,False,white matter (tractography)
Paracingulate Gyrus (R),Precuneous Cortex (R),dti_brain,1.0,False,white matter (tractography)
Paracingulate Gyrus (R),"Parahippocampal Gyrus, posterior division (R)",dti_brain,1.0,False,white matter (tractography)
Paracingulate Gyrus (R),Thalamus (L),dti_brain,2.0,False,white matter (tractography)
Paracingulate Gyrus (R),Thalamus (R),dti_brain,23.0,False,white matter (tractography)
Paracingulate Gyrus (R),Putamen (R),dti_brain,33.0,False,white matter (tractography)
"Cingulate Gyrus, anterior division (L)",Frontal Pole (L),dti_brain,41.0,False,white matter (tractography)
"Cingulate Gyrus, anterior division (L)",Frontal Pole (R),dti_brain,24.0,False,white matter (tractography)
"Cingulate Gyrus, anterior division (L)",Insular Cortex (L),dti_brain,5.0,False,white matter (tractography)
"Cingulate Gyrus, anterior division (L)",Superior Frontal Gyrus (L),dti_brain,68.0,False,white matter (tractography)
"Cingulate Gyrus, anterior division (L)",Superior Frontal Gyrus (R),dti_brain,8.0,False,white matter (tractography)
"Cingulate Gyrus, anterior division (L)",Middle Frontal Gyrus (L),dti_brain,17.0,False,white matter (tractography)
"Cingulate Gyrus, anterior division (L)",Middle Frontal Gyrus (R),dti_brain,4.0,False,white matter (tractography)
"Cingulate Gyrus, anterior division (L)","Inferior Frontal Gyrus, pars triangularis (L)",dti_brain,2.0,False,white matter (tractography)
"Cingulate Gyrus, anterior division (L)","Inferior Frontal Gyrus, pars opercularis (L)",dti_brain,2.0,False,white matter (tractography)
"Cingulate Gyrus, anterior division (L)","Inferior Frontal Gyrus, pars opercularis (R)",dti_brain,1.0,False,white matter (tractography)
"Cingulate Gyrus, anterior division (L)",Precentral Gyrus (L),dti_brain,74.0,False,white matter (tractography)
"Cingulate Gyrus, anterior division (L)",Precentral Gyrus (R),dti_brain,6.0,False,white matter (tractography)
"Cingulate Gyrus, anterior division (L)",Temporal Pole (L),dti_brain,3.0,False,white matter (tractography)
"Cingulate Gyrus, anterior division (L)","Middle Temporal Gyrus, anterior division (L)",dti_brain,2.0,False,white matter (tractography)
"Cingulate Gyrus, anterior division (L)","Inferior Temporal Gyrus, anterior division (L)",dti_brain,1.0,False,white matter (tractography)
"Cingulate Gyrus, anterior division (L)","Inferior Temporal Gyrus, posterior division (L)",dti_brain,3.0,False,white matter (tractography)
"Cingulate Gyrus, anterior division (L)","Inferior Temporal Gyrus, posterior division (R)",dti_brain,1.0,False,white matter (tractography)
"Cingulate Gyrus, anterior division (L)",Postcentral Gyrus (L),dti_brain,12.0,False,white matter (tractography)
"Cingulate Gyrus, anterior division (L)",Postcentral Gyrus (R),dti_brain,1.0,False,white matter (tractography)
"Cingulate Gyrus, anterior division (L)",Superior Parietal Lobule (L),dti_brain,2.0,False,white matter (tractography)
"Cingulate Gyrus, anterior division (L)",Superior Parietal Lobule (R),dti_brain,1.0,False,white matter (tractography)
"Cingulate Gyrus, anterior division (L)","Lateral Occipital Cortex, superior division (L)",dti_brain,13.0,False,white matter (tractography)
"Cingulate Gyrus, anterior division (L)","Lateral Occipital Cortex, superior division (R)",dti_brain,1.0,False,white matter (tractography)
"Cingulate Gyrus, anterior division (L)","Lateral Occipital Cortex, inferior division (L)",dti_brain,1.0,False,white matter (tractography)
"Cingulate Gyrus, anterior division (L)",Juxtapositional Lobule Cortex (SMA) (L),dti_brain,36.0,False,white matter (tractography)
"Cingulate Gyrus, anterior division (L)",Juxtapositional Lobule Cortex (SMA) (R),dti_brain,16.0,False,white matter (tractography)
"Cingulate Gyrus, anterior division (L)",Subcallosal Cortex (L),dti_brain,2.0,False,white matter (tractography)
"Cingulate Gyrus, anterior division (L)",Paracingulate Gyrus (L),dti_brain,29.0,False,white matter (tractography)
"Cingulate Gyrus, anterior division (L)",Paracingulate Gyrus (R),dti_brain,2.0,False,white matter (tractography)
"Cingulate Gyrus, anterior division (L)","Cingulate Gyrus, anterior division (R)",dti_brain,41.0,False,white matter (tractography)
"Cingulate Gyrus, anterior division (L)","Cingulate Gyrus, posterior division (L)",dti_brain,97.0,False,white matter (tractography)
"Cingulate Gyrus, anterior division (L)","Cingulate Gyrus, posterior division (R)",dti_brain,5.0,False,white matter (tractography)
"Cingulate Gyrus, anterior division (L)",Precuneous Cortex (L),dti_brain,14.0,False,white matter (tractography)
"Cingulate Gyrus, anterior division (L)",Precuneous Cortex (R),dti_brain,1.0,False,white matter (tractography)
"Cingulate Gyrus, anterior division (L)",Cuneal Cortex (L),dti_brain,2.0,False,white matter (tractography)
"Cingulate Gyrus, anterior division (L)",Frontal Orbital Cortex (L),dti_brain,8.0,False,white matter (tractography)
"Cingulate Gyrus, anterior division (L)",Frontal Orbital Cortex (R),dti_brain,1.0,False,white matter (tractography)
"Cingulate Gyrus, anterior division (L)","Temporal Fusiform Cortex, anterior division (L)",dti_brain,1.0,False,white matter (tractography)
"Cingulate Gyrus, anterior division (L)",Frontal Operculum Cortex (L),dti_brain,12.0,False,white matter (tractography)
"Cingulate Gyrus, anterior division (L)",Frontal Operculum Cortex (R),dti_brain,2.0,False,white matter (tractography)
"Cingulate Gyrus, anterior division (L)",Parietal Operculum Cortex (R),dti_brain,1.0,False,white matter (tractography)
"Cingulate Gyrus, anterior division (L)",Heschl's Gyrus (includes H1 and H2) (L),dti_brain,1.0,False,white matter (tractography)
"Cingulate Gyrus, anterior division (L)",Supracalcarine Cortex (L),dti_brain,1.0,False,white matter (tractography)
"Cingulate Gyrus, anterior division (L)",Thalamus (L),dti_brain,24.0,False,white matter (tractography)
"Cingulate Gyrus, anterior division (L)",Putamen (L),dti_brain,6.0,False,white matter (tractography)
"Cingulate Gyrus, anterior division (L)",Pallidum (L),dti_brain,6.0,False,white matter (tractography)
"Cingulate Gyrus, anterior division (L)",Hippocampus (L),dti_brain,13.0,False,white matter (tractography)
"Cingulate Gyrus, anterior division (L)",Thalamus (R),dti_brain,7.0,False,white matter (tractography)
"Cingulate Gyrus, anterior division (L)",Putamen (R),dti_brain,2.0,False,white matter (tractography)
"Cingulate Gyrus, anterior division (R)",Frontal Pole (L),dti_brain,18.0,False,white matter (tractography)
"Cingulate Gyrus, anterior division (R)",Frontal Pole (R),dti_brain,90.0,False,white matter (tractography)
"Cingulate Gyrus, anterior division (R)",Insular Cortex (L),dti_brain,5.0,False,white matter (tractography)
"Cingulate Gyrus, anterior division (R)",Insular Cortex (R),dti_brain,10.0,False,white matter (tractography)
"Cingulate Gyrus, anterior division (R)",Superior Frontal Gyrus (L),dti_brain,36.0,False,white matter (tractography)
"Cingulate Gyrus, anterior division (R)",Superior Frontal Gyrus (R),dti_brain,70.0,False,white matter (tractography)
"Cingulate Gyrus, anterior division (R)",Middle Frontal Gyrus (L),dti_brain,8.0,False,white matter (tractography)
"Cingulate Gyrus, anterior division (R)",Middle Frontal Gyrus (R),dti_brain,42.0,False,white matter (tractography)
"Cingulate Gyrus, anterior division (R)","Inferior Frontal Gyrus, pars triangularis (L)",dti_brain,1.0,False,white matter (tractography)
"Cingulate Gyrus, anterior division (R)","Inferior Frontal Gyrus, pars triangularis (R)",dti_brain,2.0,False,white matter (tractography)
"Cingulate Gyrus, anterior division (R)","Inferior Frontal Gyrus, pars opercularis (R)",dti_brain,12.0,False,white matter (tractography)
"Cingulate Gyrus, anterior division (R)",Precentral Gyrus (L),dti_brain,25.0,False,white matter (tractography)
"Cingulate Gyrus, anterior division (R)",Precentral Gyrus (R),dti_brain,42.0,False,white matter (tractography)
"Cingulate Gyrus, anterior division (R)",Temporal Pole (R),dti_brain,2.0,False,white matter (tractography)
"Cingulate Gyrus, anterior division (R)","Middle Temporal Gyrus, anterior division (L)",dti_brain,1.0,False,white matter (tractography)
"Cingulate Gyrus, anterior division (R)","Middle Temporal Gyrus, posterior division (L)",dti_brain,1.0,False,white matter (tractography)
"Cingulate Gyrus, anterior division (R)","Inferior Temporal Gyrus, anterior division (R)",dti_brain,1.0,False,white matter (tractography)
"Cingulate Gyrus, anterior division (R)","Inferior Temporal Gyrus, posterior division (L)",dti_brain,2.0,False,white matter (tractography)
"Cingulate Gyrus, anterior division (R)",Postcentral Gyrus (L),dti_brain,5.0,False,white matter (tractography)
"Cingulate Gyrus, anterior division (R)",Postcentral Gyrus (R),dti_brain,3.0,False,white matter (tractography)
"Cingulate Gyrus, anterior division (R)",Superior Parietal Lobule (L),dti_brain,2.0,False,white matter (tractography)
"Cingulate Gyrus, anterior division (R)",Superior Parietal Lobule (R),dti_brain,2.0,False,white matter (tractography)
"Cingulate Gyrus, anterior division (R)","Supramarginal Gyrus, posterior division (R)",dti_brain,1.0,False,white matter (tractography)
"Cingulate Gyrus, anterior division (R)","Lateral Occipital Cortex, superior division (L)",dti_brain,3.0,False,white matter (tractography)
"Cingulate Gyrus, anterior division (R)","Lateral Occipital Cortex, superior division (R)",dti_brain,3.0,False,white matter (tractography)
"Cingulate Gyrus, anterior division (R)",Frontal Medial Cortex (L),dti_brain,1.0,False,white matter (tractography)
"Cingulate Gyrus, anterior division (R)",Juxtapositional Lobule Cortex (SMA) (L),dti_brain,12.0,False,white matter (tractography)
"Cingulate Gyrus, anterior division (R)",Juxtapositional Lobule Cortex (SMA) (R),dti_brain,54.0,False,white matter (tractography)
"Cingulate Gyrus, anterior division (R)",Subcallosal Cortex (R),dti_brain,1.0,False,white matter (tractography)
"Cingulate Gyrus, anterior division (R)",Paracingulate Gyrus (L),dti_brain,14.0,False,white matter (tractography)
"Cingulate Gyrus, anterior division (R)",Paracingulate Gyrus (R),dti_brain,35.0,False,white matter (tractography)
"Cingulate Gyrus, anterior division (R)","Cingulate Gyrus, posterior division (L)",dti_brain,8.0,False,white matter (tractography)
"Cingulate Gyrus, anterior division (R)","Cingulate Gyrus, posterior division (R)",dti_brain,71.0,False,white matter (tractography)
"Cingulate Gyrus, anterior division (R)",Precuneous Cortex (R),dti_brain,54.0,False,white matter (tractography)
"Cingulate Gyrus, anterior division (R)",Frontal Orbital Cortex (L),dti_brain,5.0,False,white matter (tractography)
"Cingulate Gyrus, anterior division (R)",Frontal Orbital Cortex (R),dti_brain,1.0,False,white matter (tractography)
"Cingulate Gyrus, anterior division (R)","Parahippocampal Gyrus, posterior division (R)",dti_brain,1.0,False,white matter (tractography)
"Cingulate Gyrus, anterior division (R)",Lingual Gyrus (R),dti_brain,1.0,False,white matter (tractography)
"Cingulate Gyrus, anterior division (R)",Frontal Operculum Cortex (L),dti_brain,2.0,False,white matter (tractography)
"Cingulate Gyrus, anterior division (R)",Frontal Operculum Cortex (R),dti_brain,39.0,False,white matter (tractography)
"Cingulate Gyrus, anterior division (R)",Parietal Operculum Cortex (L),dti_brain,1.0,False,white matter (tractography)
"Cingulate Gyrus, anterior division (R)",Parietal Operculum Cortex (R),dti_brain,1.0,False,white matter (tractography)
"Cingulate Gyrus, anterior division (R)",Occipital Pole (R),dti_brain,1.0,False,white matter (tractography)
"Cingulate Gyrus, anterior division (R)",Thalamus (L),dti_brain,5.0,False,white matter (tractography)
"Cingulate Gyrus, anterior division (R)",Putamen (L),dti_brain,2.0,False,white matter (tractography)
"Cingulate Gyrus, anterior division (R)",Pallidum (L),dti_brain,1.0,False,white matter (tractography)
"Cingulate Gyrus, anterior division (R)",Hippocampus (L),dti_brain,4.0,False,white matter (tractography)
"Cingulate Gyrus, anterior division (R)",Thalamus (R),dti_brain,17.0,False,white matter (tractography)
"Cingulate Gyrus, anterior division (R)",Putamen (R),dti_brain,25.0,False,white matter (tractography)
"Cingulate Gyrus, anterior division (R)",Pallidum (R),dti_brain,4.0,False,white matter (tractography)
"Cingulate Gyrus, anterior division (R)",Hippocampus (R),dti_brain,10.0,False,white matter (tractography)
"Cingulate Gyrus, posterior division (L)",Frontal Pole (L),dti_brain,1.0,False,white matter (tractography)
"Cingulate Gyrus, posterior division (L)",Insular Cortex (L),dti_brain,1.0,False,white matter (tractography)
"Cingulate Gyrus, posterior division (L)",Insular Cortex (R),dti_brain,1.0,False,white matter (tractography)
"Cingulate Gyrus, posterior division (L)",Superior Frontal Gyrus (L),dti_brain,4.0,False,white matter (tractography)
"Cingulate Gyrus, posterior division (L)",Superior Frontal Gyrus (R),dti_brain,1.0,False,white matter (tractography)
"Cingulate Gyrus, posterior division (L)",Middle Frontal Gyrus (L),dti_brain,1.0,False,white matter (tractography)
"Cingulate Gyrus, posterior division (L)",Middle Frontal Gyrus (R),dti_brain,2.0,False,white matter (tractography)
"Cingulate Gyrus, posterior division (L)","Inferior Frontal Gyrus, pars triangularis (L)",dti_brain,1.0,False,white matter (tractography)
"Cingulate Gyrus, posterior division (L)",Precentral Gyrus (L),dti_brain,17.0,False,white matter (tractography)
"Cingulate Gyrus, posterior division (L)",Precentral Gyrus (R),dti_brain,4.0,False,white matter (tractography)
"Cingulate Gyrus, posterior division (L)",Temporal Pole (L),dti_brain,5.0,False,white matter (tractography)
"Cingulate Gyrus, posterior division (L)",Temporal Pole (R),dti_brain,1.0,False,white matter (tractography)
"Cingulate Gyrus, posterior division (L)","Middle Temporal Gyrus, anterior division (L)",dti_brain,3.0,False,white matter (tractography)
"Cingulate Gyrus, posterior division (L)","Middle Temporal Gyrus, posterior division (L)",dti_brain,1.0,False,white matter (tractography)
"Cingulate Gyrus, posterior division (L)","Middle Temporal Gyrus, posterior division (R)",dti_brain,1.0,False,white matter (tractography)
"Cingulate Gyrus, posterior division (L)","Inferior Temporal Gyrus, anterior division (L)",dti_brain,1.0,False,white matter (tractography)
"Cingulate Gyrus, posterior division (L)","Inferior Temporal Gyrus, posterior division (L)",dti_brain,6.0,False,white matter (tractography)
"Cingulate Gyrus, posterior division (L)","Inferior Temporal Gyrus, temporooccipital part (L)",dti_brain,1.0,False,white matter (tractography)
"Cingulate Gyrus, posterior division (L)",Postcentral Gyrus (L),dti_brain,21.0,False,white matter (tractography)
"Cingulate Gyrus, posterior division (L)",Postcentral Gyrus (R),dti_brain,8.0,False,white matter (tractography)
"Cingulate Gyrus, posterior division (L)",Superior Parietal Lobule (L),dti_brain,12.0,False,white matter (tractography)
"Cingulate Gyrus, posterior division (L)",Superior Parietal Lobule (R),dti_brain,18.0,False,white matter (tractography)
"Cingulate Gyrus, posterior division (L)","Supramarginal Gyrus, posterior division (L)",dti_brain,2.0,False,white matter (tractography)
"Cingulate Gyrus, posterior division (L)","Supramarginal Gyrus, posterior division (R)",dti_brain,1.0,False,white matter (tractography)
"Cingulate Gyrus, posterior division (L)","Lateral Occipital Cortex, superior division (L)",dti_brain,26.0,False,white matter (tractography)
"Cingulate Gyrus, posterior division (L)","Lateral Occipital Cortex, superior division (R)",dti_brain,10.0,False,white matter (tractography)
"Cingulate Gyrus, posterior division (L)","Lateral Occipital Cortex, inferior division (L)",dti_brain,1.0,False,white matter (tractography)
"Cingulate Gyrus, posterior division (L)","Lateral Occipital Cortex, inferior division (R)",dti_brain,1.0,False,white matter (tractography)
"Cingulate Gyrus, posterior division (L)",Intracalcarine Cortex (L),dti_brain,11.0,False,white matter (tractography)
"Cingulate Gyrus, posterior division (L)",Juxtapositional Lobule Cortex (SMA) (L),dti_brain,1.0,False,white matter (tractography)
"Cingulate Gyrus, posterior division (L)",Juxtapositional Lobule Cortex (SMA) (R),dti_brain,2.0,False,white matter (tractography)
"Cingulate Gyrus, posterior division (L)",Paracingulate Gyrus (L),dti_brain,6.0,False,white matter (tractography)
"Cingulate Gyrus, posterior division (L)","Cingulate Gyrus, posterior division (R)",dti_brain,22.0,False,white matter (tractography)
"Cingulate Gyrus, posterior division (L)",Precuneous Cortex (L),dti_brain,65.0,False,white matter (tractography)
"Cingulate Gyrus, posterior division (L)",Precuneous Cortex (R),dti_brain,20.0,False,white matter (tractography)
"Cingulate Gyrus, posterior division (L)",Cuneal Cortex (L),dti_brain,32.0,False,white matter (tractography)
"Cingulate Gyrus, posterior division (L)",Cuneal Cortex (R),dti_brain,2.0,False,white matter (tractography)
"Cingulate Gyrus, posterior division (L)","Parahippocampal Gyrus, anterior division (L)",dti_brain,1.0,False,white matter (tractography)
"Cingulate Gyrus, posterior division (L)","Parahippocampal Gyrus, posterior division (L)",dti_brain,5.0,False,white matter (tractography)
"Cingulate Gyrus, posterior division (L)",Lingual Gyrus (L),dti_brain,3.0,False,white matter (tractography)
"Cingulate Gyrus, posterior division (L)","Temporal Fusiform Cortex, anterior division (L)",dti_brain,1.0,False,white matter (tractography)
"Cingulate Gyrus, posterior division (L)","Temporal Fusiform Cortex, posterior division (L)",dti_brain,2.0,False,white matter (tractography)
"Cingulate Gyrus, posterior division (L)",Temporal Occipital Fusiform Cortex (L),dti_brain,1.0,False,white matter (tractography)
"Cingulate Gyrus, posterior division (L)",Occipital Fusiform Gyrus (L),dti_brain,1.0,False,white matter (tractography)
"Cingulate Gyrus, posterior division (L)",Occipital Fusiform Gyrus (R),dti_brain,1.0,False,white matter (tractography)
"Cingulate Gyrus, posterior division (L)",Frontal Operculum Cortex (R),dti_brain,1.0,False,white matter (tractography)
"Cingulate Gyrus, posterior division (L)",Parietal Operculum Cortex (L),dti_brain,1.0,False,white matter (tractography)
"Cingulate Gyrus, posterior division (L)",Parietal Operculum Cortex (R),dti_brain,1.0,False,white matter (tractography)
"Cingulate Gyrus, posterior division (L)",Planum Polare (L),dti_brain,3.0,False,white matter (tractography)
"Cingulate Gyrus, posterior division (L)",Heschl's Gyrus (includes H1 and H2) (L),dti_brain,1.0,False,white matter (tractography)
"Cingulate Gyrus, posterior division (L)",Planum Temporale (L),dti_brain,3.0,False,white matter (tractography)
"Cingulate Gyrus, posterior division (L)",Supracalcarine Cortex (L),dti_brain,8.0,False,white matter (tractography)
"Cingulate Gyrus, posterior division (L)",Supracalcarine Cortex (R),dti_brain,2.0,False,white matter (tractography)
"Cingulate Gyrus, posterior division (L)",Occipital Pole (L),dti_brain,9.0,False,white matter (tractography)
"Cingulate Gyrus, posterior division (L)",Thalamus (L),dti_brain,19.0,False,white matter (tractography)
"Cingulate Gyrus, posterior division (L)",Putamen (L),dti_brain,1.0,False,white matter (tractography)
"Cingulate Gyrus, posterior division (L)",Pallidum (L),dti_brain,2.0,False,white matter (tractography)
"Cingulate Gyrus, posterior division (L)",Hippocampus (L),dti_brain,39.0,False,white matter (tractography)
"Cingulate Gyrus, posterior division (L)",Thalamus (R),dti_brain,13.0,False,white matter (tractography)
"Cingulate Gyrus, posterior division (L)",Hippocampus (R),dti_brain,2.0,False,white matter (tractography)
"Cingulate Gyrus, posterior division (R)",Frontal Pole (R),dti_brain,7.0,False,white matter (tractography)
"Cingulate Gyrus, posterior division (R)",Insular Cortex (R),dti_brain,17.0,False,white matter (tractography)
"Cingulate Gyrus, posterior division (R)",Superior Frontal Gyrus (L),dti_brain,4.0,False,white matter (tractography)
"Cingulate Gyrus, posterior division (R)",Superior Frontal Gyrus (R),dti_brain,14.0,False,white matter (tractography)
"Cingulate Gyrus, posterior division (R)",Middle Frontal Gyrus (L),dti_brain,1.0,False,white matter (tractography)
"Cingulate Gyrus, posterior division (R)",Middle Frontal Gyrus (R),dti_brain,4.0,False,white matter (tractography)
"Cingulate Gyrus, posterior division (R)","Inferior Frontal Gyrus, pars triangularis (R)",dti_brain,3.0,False,white matter (tractography)
"Cingulate Gyrus, posterior division (R)","Inferior Frontal Gyrus, pars opercularis (R)",dti_brain,1.0,False,white matter (tractography)
"Cingulate Gyrus, posterior division (R)",Precentral Gyrus (L),dti_brain,3.0,False,white matter (tractography)
"Cingulate Gyrus, posterior division (R)",Precentral Gyrus (R),dti_brain,42.0,False,white matter (tractography)
"Cingulate Gyrus, posterior division (R)",Temporal Pole (L),dti_brain,2.0,False,white matter (tractography)
"Cingulate Gyrus, posterior division (R)",Temporal Pole (R),dti_brain,2.0,False,white matter (tractography)
"Cingulate Gyrus, posterior division (R)","Superior Temporal Gyrus, posterior division (R)",dti_brain,1.0,False,white matter (tractography)
"Cingulate Gyrus, posterior division (R)","Middle Temporal Gyrus, anterior division (L)",dti_brain,1.0,False,white matter (tractography)
"Cingulate Gyrus, posterior division (R)","Middle Temporal Gyrus, anterior division (R)",dti_brain,1.0,False,white matter (tractography)
"Cingulate Gyrus, posterior division (R)","Middle Temporal Gyrus, posterior division (L)",dti_brain,3.0,False,white matter (tractography)
"Cingulate Gyrus, posterior division (R)","Middle Temporal Gyrus, posterior division (R)",dti_brain,11.0,False,white matter (tractography)
"Cingulate Gyrus, posterior division (R)","Inferior Temporal Gyrus, posterior division (L)",dti_brain,2.0,False,white matter (tractography)
"Cingulate Gyrus, posterior division (R)","Inferior Temporal Gyrus, posterior division (R)",dti_brain,13.0,False,white matter (tractography)
"Cingulate Gyrus, posterior division (R)",Postcentral Gyrus (L),dti_brain,14.0,False,white matter (tractography)
"Cingulate Gyrus, posterior division (R)",Postcentral Gyrus (R),dti_brain,27.0,False,white matter (tractography)
"Cingulate Gyrus, posterior division (R)",Superior Parietal Lobule (L),dti_brain,5.0,False,white matter (tractography)
"Cingulate Gyrus, posterior division (R)",Superior Parietal Lobule (R),dti_brain,36.0,False,white matter (tractography)
"Cingulate Gyrus, posterior division (R)","Supramarginal Gyrus, anterior division (R)",dti_brain,4.0,False,white matter (tractography)
"Cingulate Gyrus, posterior division (R)","Supramarginal Gyrus, posterior division (L)",dti_brain,1.0,False,white matter (tractography)
"Cingulate Gyrus, posterior division (R)","Supramarginal Gyrus, posterior division (R)",dti_brain,5.0,False,white matter (tractography)
"Cingulate Gyrus, posterior division (R)","Lateral Occipital Cortex, superior division (L)",dti_brain,19.0,False,white matter (tractography)
"Cingulate Gyrus, posterior division (R)","Lateral Occipital Cortex, superior division (R)",dti_brain,40.0,False,white matter (tractography)
"Cingulate Gyrus, posterior division (R)","Lateral Occipital Cortex, inferior division (L)",dti_brain,1.0,False,white matter (tractography)
"Cingulate Gyrus, posterior division (R)",Intracalcarine Cortex (L),dti_brain,2.0,False,white matter (tractography)
"Cingulate Gyrus, posterior division (R)",Intracalcarine Cortex (R),dti_brain,2.0,False,white matter (tractography)
"Cingulate Gyrus, posterior division (R)",Juxtapositional Lobule Cortex (SMA) (R),dti_brain,10.0,False,white matter (tractography)
"Cingulate Gyrus, posterior division (R)",Subcallosal Cortex (R),dti_brain,2.0,False,white matter (tractography)
"Cingulate Gyrus, posterior division (R)",Paracingulate Gyrus (R),dti_brain,3.0,False,white matter (tractography)
"Cingulate Gyrus, posterior division (R)",Precuneous Cortex (L),dti_brain,39.0,False,white matter (tractography)
"Cingulate Gyrus, posterior division (R)",Precuneous Cortex (R),dti_brain,98.0,False,white matter (tractography)
"Cingulate Gyrus, posterior division (R)",Cuneal Cortex (L),dti_brain,1.0,False,white matter (tractography)
"Cingulate Gyrus, posterior division (R)",Cuneal Cortex (R),dti_brain,8.0,False,white matter (tractography)
"Cingulate Gyrus, posterior division (R)",Frontal Orbital Cortex (R),dti_brain,2.0,False,white matter (tractography)
"Cingulate Gyrus, posterior division (R)","Parahippocampal Gyrus, posterior division (R)",dti_brain,2.0,False,white matter (tractography)
"Cingulate Gyrus, posterior division (R)",Lingual Gyrus (R),dti_brain,7.0,False,white matter (tractography)
"Cingulate Gyrus, posterior division (R)","Temporal Fusiform Cortex, posterior division (L)",dti_brain,1.0,False,white matter (tractography)
"Cingulate Gyrus, posterior division (R)","Temporal Fusiform Cortex, posterior division (R)",dti_brain,4.0,False,white matter (tractography)
"Cingulate Gyrus, posterior division (R)",Frontal Operculum Cortex (R),dti_brain,15.0,False,white matter (tractography)
"Cingulate Gyrus, posterior division (R)",Parietal Operculum Cortex (L),dti_brain,1.0,False,white matter (tractography)
"Cingulate Gyrus, posterior division (R)",Parietal Operculum Cortex (R),dti_brain,5.0,False,white matter (tractography)
"Cingulate Gyrus, posterior division (R)",Planum Polare (L),dti_brain,1.0,False,white matter (tractography)
"Cingulate Gyrus, posterior division (R)",Planum Polare (R),dti_brain,4.0,False,white matter (tractography)
"Cingulate Gyrus, posterior division (R)",Heschl's Gyrus (includes H1 and H2) (R),dti_brain,1.0,False,white matter (tractography)
"Cingulate Gyrus, posterior division (R)",Planum Temporale (L),dti_brain,3.0,False,white matter (tractography)
"Cingulate Gyrus, posterior division (R)",Planum Temporale (R),dti_brain,6.0,False,white matter (tractography)
"Cingulate Gyrus, posterior division (R)",Supracalcarine Cortex (L),dti_brain,2.0,False,white matter (tractography)
"Cingulate Gyrus, posterior division (R)",Supracalcarine Cortex (R),dti_brain,14.0,False,white matter (tractography)
"Cingulate Gyrus, posterior division (R)",Occipital Pole (L),dti_brain,2.0,False,white matter (tractography)
"Cingulate Gyrus, posterior division (R)",Occipital Pole (R),dti_brain,2.0,False,white matter (tractography)
"Cingulate Gyrus, posterior division (R)",Thalamus (L),dti_brain,16.0,False,white matter (tractography)
"Cingulate Gyrus, posterior division (R)",Putamen (L),dti_brain,3.0,False,white matter (tractography)
"Cingulate Gyrus, posterior division (R)",Hippocampus (L),dti_brain,16.0,False,white matter (tractography)
"Cingulate Gyrus, posterior division (R)",Thalamus (R),dti_brain,31.0,False,white matter (tractography)
"Cingulate Gyrus, posterior division (R)",Putamen (R),dti_brain,8.0,False,white matter (tractography)
"Cingulate Gyrus, posterior division (R)",Pallidum (R),dti_brain,5.0,False,white matter (tractography)
"Cingulate Gyrus, posterior division (R)",Hippocampus (R),dti_brain,36.0,False,white matter (tractography)
Precuneous Cortex (L),Superior Frontal Gyrus (L),dti_brain,47.0,False,white matter (tractography)
Precuneous Cortex (L),Temporal Pole (L),dti_brain,38.0,False,white matter (tractography)
Precuneous Cortex (L),"Superior Temporal Gyrus, anterior division (L)",dti_brain,1.0,False,white matter (tractography)
Precuneous Cortex (L),"Superior Temporal Gyrus, posterior division (L)",dti_brain,8.0,False,white matter (tractography)
Precuneous Cortex (L),Superior Parietal Lobule (L),dti_brain,39.0,False,white matter (tractography)
Precuneous Cortex (L),Superior Parietal Lobule (R),dti_brain,30.0,False,white matter (tractography)
Precuneous Cortex (L),"Supramarginal Gyrus, anterior division (L)",dti_brain,1.0,False,white matter (tractography)
Precuneous Cortex (L),"Supramarginal Gyrus, posterior division (L)",dti_brain,11.0,False,white matter (tractography)
Precuneous Cortex (L),"Supramarginal Gyrus, posterior division (R)",dti_brain,1.0,False,white matter (tractography)
Precuneous Cortex (L),Precuneous Cortex (R),dti_brain,18.0,False,white matter (tractography)
Precuneous Cortex (L),"Temporal Fusiform Cortex, anterior division (L)",dti_brain,4.0,False,white matter (tractography)
Precuneous Cortex (L),"Temporal Fusiform Cortex, posterior division (L)",dti_brain,19.0,False,white matter (tractography)
Precuneous Cortex (L),Temporal Occipital Fusiform Cortex (L),dti_brain,21.0,False,white matter (tractography)
Precuneous Cortex (L),Supracalcarine Cortex (L),dti_brain,10.0,False,white matter (tractography)
Precuneous Cortex (L),Supracalcarine Cortex (R),dti_brain,4.0,False,white matter (tractography)
Precuneous Cortex (L),Thalamus (L),dti_brain,131.0,False,white matter (tractography)
Precuneous Cortex (L),Putamen (L),dti_brain,37.0,False,white matter (tractography)
Precuneous Cortex (L),Thalamus (R),dti_brain,39.0,False,white matter (tractography)
Precuneous Cortex (L),Putamen (R),dti_brain,2.0,False,white matter (tractography)
Precuneous Cortex (R),Superior Frontal Gyrus (L),dti_brain,2.0,False,white matter (tractography)
Precuneous Cortex (R),Superior Frontal Gyrus (R),dti_brain,16.0,False,white matter (tractography)
Precuneous Cortex (R),Temporal Pole (L),dti_brain,8.0,False,white matter (tractography)
Precuneous Cortex (R),Temporal Pole (R),dti_brain,1.0,False,white matter (tractography)
Precuneous Cortex (R),"Superior Temporal Gyrus, anterior division (L)",dti_brain,2.0,False,white matter (tractography)
Precuneous Cortex (R),"Superior Temporal Gyrus, posterior division (L)",dti_brain,2.0,False,white matter (tractography)
Precuneous Cortex (R),"Superior Temporal Gyrus, posterior division (R)",dti_brain,1.0,False,white matter (tractography)
Precuneous Cortex (R),Superior Parietal Lobule (L),dti_brain,5.0,False,white matter (tractography)
Precuneous Cortex (R),Superior Parietal Lobule (R),dti_brain,26.0,False,white matter (tractography)
Precuneous Cortex (R),"Supramarginal Gyrus, anterior division (R)",dti_brain,2.0,False,white matter (tractography)
Precuneous Cortex (R),"Supramarginal Gyrus, posterior division (R)",dti_brain,7.0,False,white matter (tractography)
Precuneous Cortex (R),Subcallosal Cortex (R),dti_brain,1.0,False,white matter (tractography)
Precuneous Cortex (R),"Temporal Fusiform Cortex, anterior division (L)",dti_brain,1.0,False,white matter (tractography)
Precuneous Cortex (R),"Temporal Fusiform Cortex, posterior division (L)",dti_brain,2.0,False,white matter (tractography)
Precuneous Cortex (R),Temporal Occipital Fusiform Cortex (R),dti_brain,6.0,False,white matter (tractography)
Precuneous Cortex (R),Supracalcarine Cortex (L),dti_brain,3.0,False,white matter (tractography)
Precuneous Cortex (R),Supracalcarine Cortex (R),dti_brain,16.0,False,white matter (tractography)
Precuneous Cortex (R),Thalamus (L),dti_brain,18.0,False,white matter (tractography)
Precuneous Cortex (R),Thalamus (R),dti_brain,95.0,False,white matter (tractography)
Precuneous Cortex (R),Putamen (R),dti_brain,20.0,False,white matter (tractography)
Cuneal Cortex (L),Frontal Pole (L),dti_brain,4.0,False,white matter (tractography)
Cuneal Cortex (L),Insular Cortex (L),dti_brain,4.0,False,white matter (tractography)
Cuneal Cortex (L),Insular Cortex (R),dti_brain,2.0,False,white matter (tractography)
Cuneal Cortex (L),Middle Frontal Gyrus (L),dti_brain,1.0,False,white matter (tractography)
Cuneal Cortex (L),Precentral Gyrus (L),dti_brain,3.0,False,white matter (tractography)
Cuneal Cortex (L),Temporal Pole (L),dti_brain,13.0,False,white matter (tractography)
Cuneal Cortex (L),"Superior Temporal Gyrus, posterior division (L)",dti_brain,2.0,False,white matter (tractography)
Cuneal Cortex (L),"Middle Temporal Gyrus, anterior division (L)",dti_brain,4.0,False,white matter (tractography)
Cuneal Cortex (L),"Middle Temporal Gyrus, posterior division (L)",dti_brain,7.0,False,white matter (tractography)
Cuneal Cortex (L),"Middle Temporal Gyrus, temporooccipital part (L)",dti_brain,1.0,False,white matter (tractography)
Cuneal Cortex (L),"Inferior Temporal Gyrus, anterior division (L)",dti_brain,1.0,False,white matter (tractography)
Cuneal Cortex (L),"Inferior Temporal Gyrus, posterior division (L)",dti_brain,9.0,False,white matter (tractography)
Cuneal Cortex (L),"Inferior Temporal Gyrus, posterior division (R)",dti_brain,1.0,False,white matter (tractography)
Cuneal Cortex (L),Postcentral Gyrus (L),dti_brain,2.0,False,white matter (tractography)
Cuneal Cortex (L),Postcentral Gyrus (R),dti_brain,2.0,False,white matter (tractography)
Cuneal Cortex (L),Superior Parietal Lobule (L),dti_brain,3.0,False,white matter (tractography)
Cuneal Cortex (L),Superior Parietal Lobule (R),dti_brain,4.0,False,white matter (tractography)
Cuneal Cortex (L),"Lateral Occipital Cortex, superior division (L)",dti_brain,21.0,False,white matter (tractography)
Cuneal Cortex (L),"Lateral Occipital Cortex, superior division (R)",dti_brain,24.0,False,white matter (tractography)
Cuneal Cortex (L),"Lateral Occipital Cortex, inferior division (L)",dti_brain,4.0,False,white matter (tractography)
Cuneal Cortex (L),Intracalcarine Cortex (L),dti_brain,23.0,False,white matter (tractography)
Cuneal Cortex (L),Precuneous Cortex (L),dti_brain,29.0,False,white matter (tractography)
Cuneal Cortex (L),Precuneous Cortex (R),dti_brain,3.0,False,white matter (tractography)
Cuneal Cortex (L),Cuneal Cortex (R),dti_brain,2.0,False,white matter (tractography)
Cuneal Cortex (L),Frontal Orbital Cortex (L),dti_brain,2.0,False,white matter (tractography)
Cuneal Cortex (L),"Parahippocampal Gyrus, anterior division (L)",dti_brain,1.0,False,white matter (tractography)
Cuneal Cortex (L),Lingual Gyrus (L),dti_brain,21.0,False,white matter (tractography)
Cuneal Cortex (L),"Temporal Fusiform Cortex, anterior division (L)",dti_brain,1.0,False,white matter (tractography)
Cuneal Cortex (L),"Temporal Fusiform Cortex, posterior division (L)",dti_brain,3.0,False,white matter (tractography)
Cuneal Cortex (L),Temporal Occipital Fusiform Cortex (L),dti_brain,5.0,False,white matter (tractography)
Cuneal Cortex (L),Occipital Fusiform Gyrus (L),dti_brain,14.0,False,white matter (tractography)
Cuneal Cortex (L),Frontal Operculum Cortex (R),dti_brain,1.0,False,white matter (tractography)
Cuneal Cortex (L),Parietal Operculum Cortex (L),dti_brain,1.0,False,white matter (tractography)
Cuneal Cortex (L),Planum Polare (L),dti_brain,7.0,False,white matter (tractography)
Cuneal Cortex (L),Heschl's Gyrus (includes H1 and H2) (L),dti_brain,8.0,False,white matter (tractography)
Cuneal Cortex (L),Planum Temporale (L),dti_brain,4.0,False,white matter (tractography)
Cuneal Cortex (L),Planum Temporale (R),dti_brain,1.0,False,white matter (tractography)
Cuneal Cortex (L),Supracalcarine Cortex (L),dti_brain,13.0,False,white matter (tractography)
Cuneal Cortex (L),Supracalcarine Cortex (R),dti_brain,7.0,False,white matter (tractography)
Cuneal Cortex (L),Occipital Pole (L),dti_brain,34.0,False,white matter (tractography)
Cuneal Cortex (L),Thalamus (L),dti_brain,46.0,False,white matter (tractography)
Cuneal Cortex (L),Putamen (L),dti_brain,2.0,False,white matter (tractography)
Cuneal Cortex (L),Pallidum (L),dti_brain,5.0,False,white matter (tractography)
Cuneal Cortex (L),Hippocampus (L),dti_brain,13.0,False,white matter (tractography)
Cuneal Cortex (L),Thalamus (R),dti_brain,18.0,False,white matter (tractography)
Cuneal Cortex (L),Hippocampus (R),dti_brain,12.0,False,white matter (tractography)
Cuneal Cortex (R),Insular Cortex (R),dti_brain,9.0,False,white matter (tractography)
Cuneal Cortex (R),Precentral Gyrus (R),dti_brain,2.0,False,white matter (tractography)
Cuneal Cortex (R),Temporal Pole (R),dti_brain,3.0,False,white matter (tractography)
Cuneal Cortex (R),"Middle Temporal Gyrus, posterior division (R)",dti_brain,1.0,False,white matter (tractography)
Cuneal Cortex (R),"Middle Temporal Gyrus, temporooccipital part (R)",dti_brain,2.0,False,white matter (tractography)
Cuneal Cortex (R),"Inferior Temporal Gyrus, posterior division (R)",dti_brain,4.0,False,white matter (tractography)
Cuneal Cortex (R),"Inferior Temporal Gyrus, temporooccipital part (R)",dti_brain,2.0,False,white matter (tractography)
Cuneal Cortex (R),Superior Parietal Lobule (R),dti_brain,9.0,False,white matter (tractography)
Cuneal Cortex (R),"Supramarginal Gyrus, posterior division (R)",dti_brain,1.0,False,white matter (tractography)
Cuneal Cortex (R),"Lateral Occipital Cortex, superior division (L)",dti_brain,9.0,False,white matter (tractography)
Cuneal Cortex (R),"Lateral Occipital Cortex, superior division (R)",dti_brain,6.0,False,white matter (tractography)
Cuneal Cortex (R),"Lateral Occipital Cortex, inferior division (R)",dti_brain,12.0,False,white matter (tractography)
Cuneal Cortex (R),Intracalcarine Cortex (R),dti_brain,2.0,False,white matter (tractography)
Cuneal Cortex (R),Precuneous Cortex (L),dti_brain,5.0,False,white matter (tractography)
Cuneal Cortex (R),Precuneous Cortex (R),dti_brain,17.0,False,white matter (tractography)
Cuneal Cortex (R),"Parahippocampal Gyrus, posterior division (R)",dti_brain,1.0,False,white matter (tractography)
Cuneal Cortex (R),Lingual Gyrus (L),dti_brain,2.0,False,white matter (tractography)
Cuneal Cortex (R),Lingual Gyrus (R),dti_brain,7.0,False,white matter (tractography)
Cuneal Cortex (R),"Temporal Fusiform Cortex, posterior division (R)",dti_brain,2.0,False,white matter (tractography)
Cuneal Cortex (R),Temporal Occipital Fusiform Cortex (R),dti_brain,3.0,False,white matter (tractography)
Cuneal Cortex (R),Occipital Fusiform Gyrus (L),dti_brain,1.0,False,white matter (tractography)
Cuneal Cortex (R),Occipital Fusiform Gyrus (R),dti_brain,2.0,False,white matter (tractography)
Cuneal Cortex (R),Planum Polare (R),dti_brain,3.0,False,white matter (tractography)
Cuneal Cortex (R),Planum Temporale (R),dti_brain,1.0,False,white matter (tractography)
Cuneal Cortex (R),Occipital Pole (L),dti_brain,1.0,False,white matter (tractography)
Cuneal Cortex (R),Occipital Pole (R),dti_brain,2.0,False,white matter (tractography)
Cuneal Cortex (R),Thalamus (L),dti_brain,8.0,False,white matter (tractography)
Cuneal Cortex (R),Hippocampus (L),dti_brain,3.0,False,white matter (tractography)
Cuneal Cortex (R),Thalamus (R),dti_brain,23.0,False,white matter (tractography)
Cuneal Cortex (R),Putamen (R),dti_brain,3.0,False,white matter (tractography)
Cuneal Cortex (R),Pallidum (R),dti_brain,3.0,False,white matter (tractography)
Cuneal Cortex (R),Hippocampus (R),dti_brain,7.0,False,white matter (tractography)
Frontal Orbital Cortex (L),Frontal Pole (L),dti_brain,73.0,False,white matter (tractography)
Frontal Orbital Cortex (L),Frontal Pole (R),dti_brain,32.0,False,white matter (tractography)
Frontal Orbital Cortex (L),Insular Cortex (L),dti_brain,28.0,False,white matter (tractography)
Frontal Orbital Cortex (L),Superior Frontal Gyrus (L),dti_brain,23.0,False,white matter (tractography)
Frontal Orbital Cortex (L),Middle Frontal Gyrus (L),dti_brain,13.0,False,white matter (tractography)
Frontal Orbital Cortex (L),"Inferior Frontal Gyrus, pars triangularis (L)",dti_brain,1.0,False,white matter (tractography)
Frontal Orbital Cortex (L),"Inferior Frontal Gyrus, pars opercularis (L)",dti_brain,1.0,False,white matter (tractography)
Frontal Orbital Cortex (L),Precentral Gyrus (L),dti_brain,19.0,False,white matter (tractography)
Frontal Orbital Cortex (L),Temporal Pole (L),dti_brain,3.0,False,white matter (tractography)
Frontal Orbital Cortex (L),"Superior Temporal Gyrus, anterior division (L)",dti_brain,1.0,False,white matter (tractography)
Frontal Orbital Cortex (L),"Middle Temporal Gyrus, posterior division (L)",dti_brain,3.0,False,white matter (tractography)
Frontal Orbital Cortex (L),"Inferior Temporal Gyrus, anterior division (L)",dti_brain,1.0,False,white matter (tractography)
Frontal Orbital Cortex (L),"Inferior Temporal Gyrus, posterior division (L)",dti_brain,4.0,False,white matter (tractography)
Frontal Orbital Cortex (L),"Inferior Temporal Gyrus, temporooccipital part (L)",dti_brain,1.0,False,white matter (tractography)
Frontal Orbital Cortex (L),Postcentral Gyrus (L),dti_brain,7.0,False,white matter (tractography)
Frontal Orbital Cortex (L),Superior Parietal Lobule (L),dti_brain,3.0,False,white matter (tractography)
Frontal Orbital Cortex (L),"Supramarginal Gyrus, anterior division (L)",dti_brain,1.0,False,white matter (tractography)
Frontal Orbital Cortex (L),"Supramarginal Gyrus, posterior division (L)",dti_brain,3.0,False,white matter (tractography)
Frontal Orbital Cortex (L),"Lateral Occipital Cortex, superior division (L)",dti_brain,11.0,False,white matter (tractography)
Frontal Orbital Cortex (L),"Lateral Occipital Cortex, inferior division (L)",dti_brain,5.0,False,white matter (tractography)
Frontal Orbital Cortex (L),Juxtapositional Lobule Cortex (SMA) (L),dti_brain,1.0,False,white matter (tractography)
Frontal Orbital Cortex (L),Subcallosal Cortex (L),dti_brain,5.0,False,white matter (tractography)
Frontal Orbital Cortex (L),Paracingulate Gyrus (L),dti_brain,13.0,False,white matter (tractography)
Frontal Orbital Cortex (L),Paracingulate Gyrus (R),dti_brain,2.0,False,white matter (tractography)
Frontal Orbital Cortex (L),Precuneous Cortex (L),dti_brain,14.0,False,white matter (tractography)
Frontal Orbital Cortex (L),Precuneous Cortex (R),dti_brain,2.0,False,white matter (tractography)
Frontal Orbital Cortex (L),Frontal Orbital Cortex (R),dti_brain,2.0,False,white matter (tractography)
Frontal Orbital Cortex (L),"Parahippocampal Gyrus, anterior division (L)",dti_brain,2.0,False,white matter (tractography)
Frontal Orbital Cortex (L),Lingual Gyrus (L),dti_brain,4.0,False,white matter (tractography)
Frontal Orbital Cortex (L),"Temporal Fusiform Cortex, posterior division (L)",dti_brain,2.0,False,white matter (tractography)
Frontal Orbital Cortex (L),Temporal Occipital Fusiform Cortex (L),dti_brain,2.0,False,white matter (tractography)
Frontal Orbital Cortex (L),Occipital Fusiform Gyrus (L),dti_brain,3.0,False,white matter (tractography)
Frontal Orbital Cortex (L),Parietal Operculum Cortex (L),dti_brain,5.0,False,white matter (tractography)
Frontal Orbital Cortex (L),Planum Temporale (L),dti_brain,3.0,False,white matter (tractography)
Frontal Orbital Cortex (L),Supracalcarine Cortex (L),dti_brain,1.0,False,white matter (tractography)
Frontal Orbital Cortex (L),Occipital Pole (L),dti_brain,2.0,False,white matter (tractography)
Frontal Orbital Cortex (L),Thalamus (L),dti_brain,34.0,False,white matter (tractography)
Frontal Orbital Cortex (L),Putamen (L),dti_brain,47.0,False,white matter (tractography)
Frontal Orbital Cortex (L),Pallidum (L),dti_brain,11.0,False,white matter (tractography)
Frontal Orbital Cortex (L),Hippocampus (L),dti_brain,9.0,False,white matter (tractography)
Frontal Orbital Cortex (L),Putamen (R),dti_brain,1.0,False,white matter (tractography)
Frontal Orbital Cortex (R),Frontal Pole (L),dti_brain,5.0,False,white matter (tractography)
Frontal Orbital Cortex (R),Frontal Pole (R),dti_brain,54.0,False,white matter (tractography)
Frontal Orbital Cortex (R),Insular Cortex (R),dti_brain,8.0,False,white matter (tractography)
Frontal Orbital Cortex (R),Superior Frontal Gyrus (R),dti_brain,9.0,False,white matter (tractography)
Frontal Orbital Cortex (R),Middle Frontal Gyrus (R),dti_brain,6.0,False,white matter (tractography)
Frontal Orbital Cortex (R),"Inferior Frontal Gyrus, pars triangularis (R)",dti_brain,2.0,False,white matter (tractography)
Frontal Orbital Cortex (R),"Inferior Frontal Gyrus, pars opercularis (R)",dti_brain,2.0,False,white matter (tractography)
Frontal Orbital Cortex (R),Precentral Gyrus (R),dti_brain,13.0,False,white matter (tractography)
Frontal Orbital Cortex (R),Temporal Pole (R),dti_brain,10.0,False,white matter (tractography)
Frontal Orbital Cortex (R),"Superior Temporal Gyrus, anterior division (R)",dti_brain,1.0,False,white matter (tractography)
Frontal Orbital Cortex (R),"Middle Temporal Gyrus, anterior division (R)",dti_brain,2.0,False,white matter (tractography)
Frontal Orbital Cortex (R),"Middle Temporal Gyrus, posterior division (R)",dti_brain,1.0,False,white matter (tractography)
Frontal Orbital Cortex (R),"Inferior Temporal Gyrus, posterior division (R)",dti_brain,3.0,False,white matter (tractography)
Frontal Orbital Cortex (R),Postcentral Gyrus (R),dti_brain,6.0,False,white matter (tractography)
Frontal Orbital Cortex (R),Superior Parietal Lobule (R),dti_brain,12.0,False,white matter (tractography)
Frontal Orbital Cortex (R),"Supramarginal Gyrus, anterior division (R)",dti_brain,1.0,False,white matter (tractography)
Frontal Orbital Cortex (R),"Lateral Occipital Cortex, superior division (R)",dti_brain,8.0,False,white matter (tractography)
Frontal Orbital Cortex (R),"Lateral Occipital Cortex, inferior division (R)",dti_brain,2.0,False,white matter (tractography)
Frontal Orbital Cortex (R),Juxtapositional Lobule Cortex (SMA) (R),dti_brain,2.0,False,white matter (tractography)
Frontal Orbital Cortex (R),Subcallosal Cortex (L),dti_brain,1.0,False,white matter (tractography)
Frontal Orbital Cortex (R),Subcallosal Cortex (R),dti_brain,1.0,False,white matter (tractography)
Frontal Orbital Cortex (R),Paracingulate Gyrus (R),dti_brain,4.0,False,white matter (tractography)
Frontal Orbital Cortex (R),Precuneous Cortex (R),dti_brain,1.0,False,white matter (tractography)
Frontal Orbital Cortex (R),"Parahippocampal Gyrus, posterior division (R)",dti_brain,1.0,False,white matter (tractography)
Frontal Orbital Cortex (R),"Temporal Fusiform Cortex, anterior division (R)",dti_brain,1.0,False,white matter (tractography)
Frontal Orbital Cortex (R),"Temporal Fusiform Cortex, posterior division (R)",dti_brain,2.0,False,white matter (tractography)
Frontal Orbital Cortex (R),Occipital Fusiform Gyrus (R),dti_brain,2.0,False,white matter (tractography)
Frontal Orbital Cortex (R),Parietal Operculum Cortex (R),dti_brain,1.0,False,white matter (tractography)
Frontal Orbital Cortex (R),Planum Polare (R),dti_brain,1.0,False,white matter (tractography)
Frontal Orbital Cortex (R),Supracalcarine Cortex (R),dti_brain,1.0,False,white matter (tractography)
Frontal Orbital Cortex (R),Occipital Pole (R),dti_brain,9.0,False,white matter (tractography)
Frontal Orbital Cortex (R),Pallidum (L),dti_brain,1.0,False,white matter (tractography)
Frontal Orbital Cortex (R),Hippocampus (L),dti_brain,1.0,False,white matter (tractography)
Frontal Orbital Cortex (R),Thalamus (R),dti_brain,24.0,False,white matter (tractography)
Frontal Orbital Cortex (R),Putamen (R),dti_brain,33.0,False,white matter (tractography)
Frontal Orbital Cortex (R),Pallidum (R),dti_brain,2.0,False,white matter (tractography)
Frontal Orbital Cortex (R),Hippocampus (R),dti_brain,15.0,False,white matter (tractography)
"Parahippocampal Gyrus, anterior division (L)",Temporal Pole (L),dti_brain,2.0,False,white matter (tractography)
"Parahippocampal Gyrus, anterior division (L)",Postcentral Gyrus (L),dti_brain,1.0,False,white matter (tractography)
"Parahippocampal Gyrus, anterior division (L)",Precuneous Cortex (L),dti_brain,2.0,False,white matter (tractography)
"Parahippocampal Gyrus, anterior division (L)","Parahippocampal Gyrus, posterior division (L)",dti_brain,15.0,False,white matter (tractography)
"Parahippocampal Gyrus, anterior division (L)","Temporal Fusiform Cortex, anterior division (L)",dti_brain,2.0,False,white matter (tractography)
"Parahippocampal Gyrus, anterior division (L)","Temporal Fusiform Cortex, posterior division (L)",dti_brain,8.0,False,white matter (tractography)
"Parahippocampal Gyrus, anterior division (L)",Thalamus (L),dti_brain,6.0,False,white matter (tractography)
"Parahippocampal Gyrus, anterior division (L)",Thalamus (R),dti_brain,1.0,False,white matter (tractography)
"Parahippocampal Gyrus, anterior division (L)",Putamen (R),dti_brain,1.0,False,white matter (tractography)
"Parahippocampal Gyrus, anterior division (R)",Precentral Gyrus (R),dti_brain,10.0,False,white matter (tractography)
"Parahippocampal Gyrus, anterior division (R)",Temporal Pole (R),dti_brain,3.0,False,white matter (tractography)
"Parahippocampal Gyrus, anterior division (R)","Superior Temporal Gyrus, anterior division (R)",dti_brain,1.0,False,white matter (tractography)
"Parahippocampal Gyrus, anterior division (R)",Postcentral Gyrus (R),dti_brain,2.0,False,white matter (tractography)
"Parahippocampal Gyrus, anterior division (R)",Superior Parietal Lobule (R),dti_brain,1.0,False,white matter (tractography)
"Parahippocampal Gyrus, anterior division (R)",Precuneous Cortex (L),dti_brain,1.0,False,white matter (tractography)
"Parahippocampal Gyrus, anterior division (R)",Precuneous Cortex (R),dti_brain,1.0,False,white matter (tractography)
"Parahippocampal Gyrus, anterior division (R)","Parahippocampal Gyrus, posterior division (R)",dti_brain,5.0,False,white matter (tractography)
"Parahippocampal Gyrus, anterior division (R)","Temporal Fusiform Cortex, anterior division (R)",dti_brain,2.0,False,white matter (tractography)
"Parahippocampal Gyrus, anterior division (R)","Temporal Fusiform Cortex, posterior division (R)",dti_brain,2.0,False,white matter (tractography)
"Parahippocampal Gyrus, anterior division (R)",Temporal Occipital Fusiform Cortex (R),dti_brain,2.0,False,white matter (tractography)
"Parahippocampal Gyrus, anterior division (R)",Thalamus (R),dti_brain,3.0,False,white matter (tractography)
"Parahippocampal Gyrus, anterior division (R)",Putamen (R),dti_brain,2.0,False,white matter (tractography)
"Parahippocampal Gyrus, posterior division (L)",Temporal Pole (L),dti_brain,1.0,False,white matter (tractography)
"Parahippocampal Gyrus, posterior division (L)",Precuneous Cortex (L),dti_brain,2.0,False,white matter (tractography)
"Parahippocampal Gyrus, posterior division (L)","Temporal Fusiform Cortex, posterior division (L)",dti_brain,3.0,False,white matter (tractography)
"Parahippocampal Gyrus, posterior division (L)",Planum Temporale (L),dti_brain,1.0,False,white matter (tractography)
"Parahippocampal Gyrus, posterior division (L)",Thalamus (L),dti_brain,5.0,False,white matter (tractography)
"Parahippocampal Gyrus, posterior division (R)",Temporal Pole (R),dti_brain,2.0,False,white matter (tractography)
"Parahippocampal Gyrus, posterior division (R)",Precuneous Cortex (R),dti_brain,2.0,False,white matter (tractography)
"Parahippocampal Gyrus, posterior division (R)","Temporal Fusiform Cortex, anterior division (R)",dti_brain,1.0,False,white matter (tractography)
"Parahippocampal Gyrus, posterior division (R)","Temporal Fusiform Cortex, posterior division (R)",dti_brain,12.0,False,white matter (tractography)
"Parahippocampal Gyrus, posterior division (R)",Planum Polare (R),dti_brain,1.0,False,white matter (tractography)
"Parahippocampal Gyrus, posterior division (R)",Planum Temporale (R),dti_brain,1.0,False,white matter (tractography)
"Parahippocampal Gyrus, posterior division (R)",Thalamus (R),dti_brain,4.0,False,white matter (tractography)
"Parahippocampal Gyrus, posterior division (R)",Putamen (R),dti_brain,2.0,False,white matter (tractography)
Lingual Gyrus (L),Middle Frontal Gyrus (L),dti_brain,2.0,False,white matter (tractography)
Lingual Gyrus (L),Precentral Gyrus (L),dti_brain,5.0,False,white matter (tractography)
Lingual Gyrus (L),Temporal Pole (L),dti_brain,26.0,False,white matter (tractography)
Lingual Gyrus (L),"Superior Temporal Gyrus, posterior division (L)",dti_brain,1.0,False,white matter (tractography)
Lingual Gyrus (L),"Middle Temporal Gyrus, anterior division (L)",dti_brain,7.0,False,white matter (tractography)
Lingual Gyrus (L),"Middle Temporal Gyrus, posterior division (L)",dti_brain,11.0,False,white matter (tractography)
Lingual Gyrus (L),"Middle Temporal Gyrus, temporooccipital part (L)",dti_brain,1.0,False,white matter (tractography)
Lingual Gyrus (L),Postcentral Gyrus (L),dti_brain,3.0,False,white matter (tractography)
Lingual Gyrus (L),Superior Parietal Lobule (L),dti_brain,1.0,False,white matter (tractography)
Lingual Gyrus (L),Superior Parietal Lobule (R),dti_brain,3.0,False,white matter (tractography)
Lingual Gyrus (L),"Supramarginal Gyrus, posterior division (L)",dti_brain,2.0,False,white matter (tractography)
Lingual Gyrus (L),Paracingulate Gyrus (L),dti_brain,3.0,False,white matter (tractography)
Lingual Gyrus (L),Precuneous Cortex (L),dti_brain,19.0,False,white matter (tractography)
Lingual Gyrus (L),Precuneous Cortex (R),dti_brain,1.0,False,white matter (tractography)
Lingual Gyrus (L),"Parahippocampal Gyrus, posterior division (L)",dti_brain,2.0,False,white matter (tractography)
Lingual Gyrus (L),"Temporal Fusiform Cortex, anterior division (L)",dti_brain,4.0,False,white matter (tractography)
Lingual Gyrus (L),"Temporal Fusiform Cortex, posterior division (L)",dti_brain,21.0,False,white matter (tractography)
Lingual Gyrus (L),Temporal Occipital Fusiform Cortex (L),dti_brain,23.0,False,white matter (tractography)
Lingual Gyrus (L),Occipital Fusiform Gyrus (L),dti_brain,49.0,False,white matter (tractography)
Lingual Gyrus (L),Parietal Operculum Cortex (L),dti_brain,1.0,False,white matter (tractography)
Lingual Gyrus (L),Planum Polare (L),dti_brain,4.0,False,white matter (tractography)
Lingual Gyrus (L),Planum Temporale (L),dti_brain,3.0,False,white matter (tractography)
Lingual Gyrus (L),Supracalcarine Cortex (L),dti_brain,4.0,False,white matter (tractography)
Lingual Gyrus (L),Supracalcarine Cortex (R),dti_brain,2.0,False,white matter (tractography)
Lingual Gyrus (L),Occipital Pole (L),dti_brain,51.0,False,white matter (tractography)
Lingual Gyrus (L),Thalamus (L),dti_brain,42.0,False,white matter (tractography)
Lingual Gyrus (L),Putamen (L),dti_brain,4.0,False,white matter (tractography)
Lingual Gyrus (L),Pallidum (L),dti_brain,5.0,False,white matter (tractography)
Lingual Gyrus (L),Thalamus (R),dti_brain,6.0,False,white matter (tractography)
Lingual Gyrus (R),Precentral Gyrus (R),dti_brain,1.0,False,white matter (tractography)
Lingual Gyrus (R),Temporal Pole (R),dti_brain,1.0,False,white matter (tractography)
Lingual Gyrus (R),"Middle Temporal Gyrus, temporooccipital part (R)",dti_brain,1.0,False,white matter (tractography)
Lingual Gyrus (R),Superior Parietal Lobule (R),dti_brain,3.0,False,white matter (tractography)
Lingual Gyrus (R),"Supramarginal Gyrus, posterior division (R)",dti_brain,2.0,False,white matter (tractography)
Lingual Gyrus (R),Precuneous Cortex (L),dti_brain,3.0,False,white matter (tractography)
Lingual Gyrus (R),Precuneous Cortex (R),dti_brain,16.0,False,white matter (tractography)
Lingual Gyrus (R),"Parahippocampal Gyrus, anterior division (R)",dti_brain,1.0,False,white matter (tractography)
Lingual Gyrus (R),"Parahippocampal Gyrus, posterior division (L)",dti_brain,1.0,False,white matter (tractography)
Lingual Gyrus (R),"Parahippocampal Gyrus, posterior division (R)",dti_brain,4.0,False,white matter (tractography)
Lingual Gyrus (R),"Temporal Fusiform Cortex, posterior division (R)",dti_brain,3.0,False,white matter (tractography)
Lingual Gyrus (R),Temporal Occipital Fusiform Cortex (R),dti_brain,26.0,False,white matter (tractography)
Lingual Gyrus (R),Occipital Fusiform Gyrus (R),dti_brain,24.0,False,white matter (tractography)
Lingual Gyrus (R),Planum Polare (L),dti_brain,1.0,False,white matter (tractography)
Lingual Gyrus (R),Planum Polare (R),dti_brain,3.0,False,white matter (tractography)
Lingual Gyrus (R),Supracalcarine Cortex (L),dti_brain,1.0,False,white matter (tractography)
Lingual Gyrus (R),Supracalcarine Cortex (R),dti_brain,13.0,False,white matter (tractography)
Lingual Gyrus (R),Occipital Pole (L),dti_brain,1.0,False,white matter (tractography)
Lingual Gyrus (R),Occipital Pole (R),dti_brain,14.0,False,white matter (tractography)
Lingual Gyrus (R),Thalamus (L),dti_brain,3.0,False,white matter (tractography)
Lingual Gyrus (R),Thalamus (R),dti_brain,6.0,False,white matter (tractography)
Lingual Gyrus (R),Putamen (R),dti_brain,2.0,False,white matter (tractography)
"Temporal Fusiform Cortex, anterior division (L)",Temporal Pole (L),dti_brain,9.0,False,white matter (tractography)
"Temporal Fusiform Cortex, anterior division (L)","Temporal Fusiform Cortex, posterior division (L)",dti_brain,11.0,False,white matter (tractography)
"Temporal Fusiform Cortex, anterior division (L)",Temporal Occipital Fusiform Cortex (L),dti_brain,2.0,False,white matter (tractography)
"Temporal Fusiform Cortex, anterior division (L)",Thalamus (L),dti_brain,2.0,False,white matter (tractography)
"Temporal Fusiform Cortex, anterior division (R)",Temporal Pole (R),dti_brain,4.0,False,white matter (tractography)
"Temporal Fusiform Cortex, anterior division (R)","Temporal Fusiform Cortex, posterior division (R)",dti_brain,2.0,False,white matter (tractography)
"Temporal Fusiform Cortex, anterior division (R)",Thalamus (R),dti_brain,1.0,False,white matter (tractography)
"Temporal Fusiform Cortex, posterior division (L)",Temporal Pole (L),dti_brain,43.0,False,white matter (tractography)
"Temporal Fusiform Cortex, posterior division (L)",Temporal Pole (R),dti_brain,1.0,False,white matter (tractography)
"Temporal Fusiform Cortex, posterior division (L)",Temporal Occipital Fusiform Cortex (L),dti_brain,15.0,False,white matter (tractography)
"Temporal Fusiform Cortex, posterior division (L)",Thalamus (L),dti_brain,3.0,False,white matter (tractography)
"Temporal Fusiform Cortex, posterior division (L)",Thalamus (R),dti_brain,1.0,False,white matter (tractography)
"Temporal Fusiform Cortex, posterior division (R)",Temporal Pole (R),dti_brain,37.0,False,white matter (tractography)
"Temporal Fusiform Cortex, posterior division (R)",Temporal Occipital Fusiform Cortex (R),dti_brain,4.0,False,white matter (tractography)
"Temporal Fusiform Cortex, posterior division (R)",Thalamus (R),dti_brain,16.0,False,white matter (tractography)
Temporal Occipital Fusiform Cortex (L),Temporal Pole (L),dti_brain,14.0,False,white matter (tractography)
Temporal Occipital Fusiform Cortex (R),Thalamus (R),dti_brain,8.0,False,white matter (tractography)
Occipital Fusiform Gyrus (L),Superior Frontal Gyrus (L),dti_brain,2.0,False,white matter (tractography)
Occipital Fusiform Gyrus (L),Precentral Gyrus (L),dti_brain,9.0,False,white matter (tractography)
Occipital Fusiform Gyrus (L),Temporal Pole (L),dti_brain,23.0,False,white matter (tractography)
Occipital Fusiform Gyrus (L),Postcentral Gyrus (L),dti_brain,7.0,False,white matter (tractography)
Occipital Fusiform Gyrus (L),Superior Parietal Lobule (L),dti_brain,3.0,False,white matter (tractography)
Occipital Fusiform Gyrus (L),"Supramarginal Gyrus, posterior division (L)",dti_brain,6.0,False,white matter (tractography)
Occipital Fusiform Gyrus (L),Paracingulate Gyrus (L),dti_brain,3.0,False,white matter (tractography)
Occipital Fusiform Gyrus (L),Precuneous Cortex (L),dti_brain,14.0,False,white matter (tractography)
Occipital Fusiform Gyrus (L),"Parahippocampal Gyrus, anterior division (L)",dti_brain,2.0,False,white matter (tractography)
Occipital Fusiform Gyrus (L),"Parahippocampal Gyrus, posterior division (L)",dti_brain,1.0,False,white matter (tractography)
Occipital Fusiform Gyrus (L),"Temporal Fusiform Cortex, anterior division (L)",dti_brain,5.0,False,white matter (tractography)
Occipital Fusiform Gyrus (L),"Temporal Fusiform Cortex, posterior division (L)",dti_brain,41.0,False,white matter (tractography)
Occipital Fusiform Gyrus (L),Temporal Occipital Fusiform Cortex (L),dti_brain,91.0,False,white matter (tractography)
Occipital Fusiform Gyrus (L),Parietal Operculum Cortex (L),dti_brain,1.0,False,white matter (tractography)
Occipital Fusiform Gyrus (L),Planum Polare (L),dti_brain,7.0,False,white matter (tractography)
Occipital Fusiform Gyrus (L),Planum Temporale (L),dti_brain,2.0,False,white matter (tractography)
Occipital Fusiform Gyrus (L),Supracalcarine Cortex (L),dti_brain,5.0,False,white matter (tractography)
Occipital Fusiform Gyrus (L),Supracalcarine Cortex (R),dti_brain,1.0,False,white matter (tractography)
Occipital Fusiform Gyrus (L),Occipital Pole (L),dti_brain,45.0,False,white matter (tractography)
Occipital Fusiform Gyrus (L),Thalamus (L),dti_brain,28.0,False,white matter (tractography)
Occipital Fusiform Gyrus (L),Putamen (L),dti_brain,8.0,False,white matter (tractography)
Occipital Fusiform Gyrus (L),Pallidum (L),dti_brain,5.0,False,white matter (tractography)
Occipital Fusiform Gyrus (L),Thalamus (R),dti_brain,4.0,False,white matter (tractography)
Occipital Fusiform Gyrus (R),Temporal Pole (R),dti_brain,6.0,False,white matter (tractography)
Occipital Fusiform Gyrus (R),"Superior Temporal Gyrus, anterior division (R)",dti_brain,1.0,False,white matter (tractography)
Occipital Fusiform Gyrus (R),Postcentral Gyrus (R),dti_brain,2.0,False,white matter (tractography)
Occipital Fusiform Gyrus (R),"Supramarginal Gyrus, posterior division (R)",dti_brain,1.0,False,white matter (tractography)
Occipital Fusiform Gyrus (R),Precuneous Cortex (R),dti_brain,13.0,False,white matter (tractography)
Occipital Fusiform Gyrus (R),"Temporal Fusiform Cortex, posterior division (R)",dti_brain,2.0,False,white matter (tractography)
Occipital Fusiform Gyrus (R),Temporal Occipital Fusiform Cortex (R),dti_brain,154.0,False,white matter (tractography)
Occipital Fusiform Gyrus (R),Planum Polare (R),dti_brain,14.0,False,white matter (tractography)
Occipital Fusiform Gyrus (R),Planum Temporale (R),dti_brain,3.0,False,white matter (tractography)
Occipital Fusiform Gyrus (R),Supracalcarine Cortex (R),dti_brain,4.0,False,white matter (tractography)
Occipital Fusiform Gyrus (R),Occipital Pole (R),dti_brain,54.0,False,white matter (tractography)
Occipital Fusiform Gyrus (R),Thalamus (L),dti_brain,1.0,False,white matter (tractography)
Occipital Fusiform Gyrus (R),Thalamus (R),dti_brain,7.0,False,white matter (tractography)
Occipital Fusiform Gyrus (R),Putamen (R),dti_brain,8.0,False,white matter (tractography)
Frontal Operculum Cortex (L),Frontal Pole (L),dti_brain,7.0,False,white matter (tractography)
Frontal Operculum Cortex (L),Frontal Pole (R),dti_brain,8.0,False,white matter (tractography)
Frontal Operculum Cortex (L),Insular Cortex (L),dti_brain,1.0,False,white matter (tractography)
Frontal Operculum Cortex (L),Superior Frontal Gyrus (L),dti_brain,75.0,False,white matter (tractography)
Frontal Operculum Cortex (L),Superior Frontal Gyrus (R),dti_brain,2.0,False,white matter (tractography)
Frontal Operculum Cortex (L),Middle Frontal Gyrus (L),dti_brain,27.0,False,white matter (tractography)
Frontal Operculum Cortex (L),Middle Frontal Gyrus (R),dti_brain,1.0,False,white matter (tractography)
Frontal Operculum Cortex (L),"Inferior Frontal Gyrus, pars opercularis (L)",dti_brain,2.0,False,white matter (tractography)
Frontal Operculum Cortex (L),Precentral Gyrus (L),dti_brain,40.0,False,white matter (tractography)
Frontal Operculum Cortex (L),Temporal Pole (L),dti_brain,1.0,False,white matter (tractography)
Frontal Operculum Cortex (L),"Superior Temporal Gyrus, posterior division (L)",dti_brain,1.0,False,white matter (tractography)
Frontal Operculum Cortex (L),"Middle Temporal Gyrus, anterior division (L)",dti_brain,3.0,False,white matter (tractography)
Frontal Operculum Cortex (L),"Middle Temporal Gyrus, posterior division (L)",dti_brain,7.0,False,white matter (tractography)
Frontal Operculum Cortex (L),"Middle Temporal Gyrus, temporooccipital part (L)",dti_brain,5.0,False,white matter (tractography)
Frontal Operculum Cortex (L),"Inferior Temporal Gyrus, anterior division (L)",dti_brain,4.0,False,white matter (tractography)
Frontal Operculum Cortex (L),"Inferior Temporal Gyrus, posterior division (L)",dti_brain,14.0,False,white matter (tractography)
Frontal Operculum Cortex (L),"Inferior Temporal Gyrus, posterior division (R)",dti_brain,1.0,False,white matter (tractography)
Frontal Operculum Cortex (L),"Inferior Temporal Gyrus, temporooccipital part (L)",dti_brain,9.0,False,white matter (tractography)
Frontal Operculum Cortex (L),Postcentral Gyrus (L),dti_brain,22.0,False,white matter (tractography)
Frontal Operculum Cortex (L),Postcentral Gyrus (R),dti_brain,1.0,False,white matter (tractography)
Frontal Operculum Cortex (L),Superior Parietal Lobule (L),dti_brain,10.0,False,white matter (tractography)
Frontal Operculum Cortex (L),"Supramarginal Gyrus, anterior division (L)",dti_brain,1.0,False,white matter (tractography)
Frontal Operculum Cortex (L),"Supramarginal Gyrus, posterior division (L)",dti_brain,18.0,False,white matter (tractography)
Frontal Operculum Cortex (L),"Lateral Occipital Cortex, superior division (L)",dti_brain,5.0,False,white matter (tractography)
Frontal Operculum Cortex (L),"Lateral Occipital Cortex, inferior division (L)",dti_brain,9.0,False,white matter (tractography)
Frontal Operculum Cortex (L),Juxtapositional Lobule Cortex (SMA) (L),dti_brain,12.0,False,white matter (tractography)
Frontal Operculum Cortex (L),Juxtapositional Lobule Cortex (SMA) (R),dti_brain,1.0,False,white matter (tractography)
Frontal Operculum Cortex (L),Paracingulate Gyrus (L),dti_brain,4.0,False,white matter (tractography)
Frontal Operculum Cortex (L),Precuneous Cortex (L),dti_brain,2.0,False,white matter (tractography)
Frontal Operculum Cortex (L),Frontal Orbital Cortex (L),dti_brain,3.0,False,white matter (tractography)
Frontal Operculum Cortex (L),Occipital Fusiform Gyrus (L),dti_brain,2.0,False,white matter (tractography)
Frontal Operculum Cortex (L),Frontal Operculum Cortex (R),dti_brain,2.0,False,white matter (tractography)
Frontal Operculum Cortex (L),Parietal Operculum Cortex (L),dti_brain,9.0,False,white matter (tractography)
Frontal Operculum Cortex (L),Planum Temporale (L),dti_brain,12.0,False,white matter (tractography)
Frontal Operculum Cortex (L),Thalamus (L),dti_brain,13.0,False,white matter (tractography)
Frontal Operculum Cortex (L),Putamen (L),dti_brain,10.0,False,white matter (tractography)
Frontal Operculum Cortex (L),Pallidum (L),dti_brain,3.0,False,white matter (tractography)
Frontal Operculum Cortex (L),Hippocampus (L),dti_brain,2.0,False,white matter (tractography)
Frontal Operculum Cortex (L),Thalamus (R),dti_brain,1.0,False,white matter (tractography)
Frontal Operculum Cortex (L),Putamen (R),dti_brain,1.0,False,white matter (tractography)
Frontal Operculum Cortex (R),Frontal Pole (L),dti_brain,2.0,False,white matter (tractography)
Frontal Operculum Cortex (R),Frontal Pole (R),dti_brain,25.0,False,white matter (tractography)
Frontal Operculum Cortex (R),Insular Cortex (L),dti_brain,1.0,False,white matter (tractography)
Frontal Operculum Cortex (R),Insular Cortex (R),dti_brain,9.0,False,white matter (tractography)
Frontal Operculum Cortex (R),Superior Frontal Gyrus (L),dti_brain,6.0,False,white matter (tractography)
Frontal Operculum Cortex (R),Superior Frontal Gyrus (R),dti_brain,144.0,False,white matter (tractography)
Frontal Operculum Cortex (R),Middle Frontal Gyrus (L),dti_brain,1.0,False,white matter (tractography)
Frontal Operculum Cortex (R),Middle Frontal Gyrus (R),dti_brain,48.0,False,white matter (tractography)
Frontal Operculum Cortex (R),"Inferior Frontal Gyrus, pars triangularis (R)",dti_brain,1.0,False,white matter (tractography)
Frontal Operculum Cortex (R),"Inferior Frontal Gyrus, pars opercularis (R)",dti_brain,4.0,False,white matter (tractography)
Frontal Operculum Cortex (R),Precentral Gyrus (L),dti_brain,2.0,False,white matter (tractography)
Frontal Operculum Cortex (R),Precentral Gyrus (R),dti_brain,58.0,False,white matter (tractography)
Frontal Operculum Cortex (R),Temporal Pole (L),dti_brain,1.0,False,white matter (tractography)
Frontal Operculum Cortex (R),Temporal Pole (R),dti_brain,1.0,False,white matter (tractography)
Frontal Operculum Cortex (R),"Middle Temporal Gyrus, posterior division (L)",dti_brain,1.0,False,white matter (tractography)
Frontal Operculum Cortex (R),Postcentral Gyrus (L),dti_brain,1.0,False,white matter (tractography)
Frontal Operculum Cortex (R),Postcentral Gyrus (R),dti_brain,11.0,False,white matter (tractography)
Frontal Operculum Cortex (R),Superior Parietal Lobule (L),dti_brain,1.0,False,white matter (tractography)
Frontal Operculum Cortex (R),Superior Parietal Lobule (R),dti_brain,5.0,False,white matter (tractography)
Frontal Operculum Cortex (R),"Supramarginal Gyrus, anterior division (R)",dti_brain,7.0,False,white matter (tractography)
Frontal Operculum Cortex (R),"Supramarginal Gyrus, posterior division (R)",dti_brain,6.0,False,white matter (tractography)
Frontal Operculum Cortex (R),"Lateral Occipital Cortex, superior division (L)",dti_brain,1.0,False,white matter (tractography)
Frontal Operculum Cortex (R),"Lateral Occipital Cortex, superior division (R)",dti_brain,10.0,False,white matter (tractography)
Frontal Operculum Cortex (R),Juxtapositional Lobule Cortex (SMA) (L),dti_brain,3.0,False,white matter (tractography)
Frontal Operculum Cortex (R),Juxtapositional Lobule Cortex (SMA) (R),dti_brain,31.0,False,white matter (tractography)
Frontal Operculum Cortex (R),Paracingulate Gyrus (R),dti_brain,42.0,False,white matter (tractography)
Frontal Operculum Cortex (R),Precuneous Cortex (L),dti_brain,1.0,False,white matter (tractography)
Frontal Operculum Cortex (R),Precuneous Cortex (R),dti_brain,5.0,False,white matter (tractography)
Frontal Operculum Cortex (R),Frontal Orbital Cortex (L),dti_brain,1.0,False,white matter (tractography)
Frontal Operculum Cortex (R),Frontal Orbital Cortex (R),dti_brain,1.0,False,white matter (tractography)
Frontal Operculum Cortex (R),Parietal Operculum Cortex (R),dti_brain,13.0,False,white matter (tractography)
Frontal Operculum Cortex (R),Heschl's Gyrus (includes H1 and H2) (R),dti_brain,8.0,False,white matter (tractography)
Frontal Operculum Cortex (R),Planum Temporale (L),dti_brain,1.0,False,white matter (tractography)
Frontal Operculum Cortex (R),Thalamus (L),dti_brain,2.0,False,white matter (tractography)
Frontal Operculum Cortex (R),Thalamus (R),dti_brain,31.0,False,white matter (tractography)
Frontal Operculum Cortex (R),Putamen (R),dti_brain,23.0,False,white matter (tractography)
Frontal Operculum Cortex (R),Pallidum (R),dti_brain,5.0,False,white matter (tractography)
Frontal Operculum Cortex (R),Hippocampus (R),dti_brain,4.0,False,white matter (tractography)
Central Opercular Cortex (L),Frontal Pole (L),dti_brain,2.0,False,white matter (tractography)
Central Opercular Cortex (L),Insular Cortex (L),dti_brain,9.0,False,white matter (tractography)
Central Opercular Cortex (L),Insular Cortex (R),dti_brain,1.0,False,white matter (tractography)
Central Opercular Cortex (L),Superior Frontal Gyrus (L),dti_brain,23.0,False,white matter (tractography)
Central Opercular Cortex (L),Middle Frontal Gyrus (L),dti_brain,9.0,False,white matter (tractography)
Central Opercular Cortex (L),"Inferior Frontal Gyrus, pars opercularis (L)",dti_brain,1.0,False,white matter (tractography)
Central Opercular Cortex (L),Precentral Gyrus (L),dti_brain,48.0,False,white matter (tractography)
Central Opercular Cortex (L),Temporal Pole (L),dti_brain,1.0,False,white matter (tractography)
Central Opercular Cortex (L),"Superior Temporal Gyrus, anterior division (L)",dti_brain,1.0,False,white matter (tractography)
Central Opercular Cortex (L),"Middle Temporal Gyrus, anterior division (L)",dti_brain,1.0,False,white matter (tractography)
Central Opercular Cortex (L),"Middle Temporal Gyrus, posterior division (L)",dti_brain,4.0,False,white matter (tractography)
Central Opercular Cortex (L),"Middle Temporal Gyrus, temporooccipital part (L)",dti_brain,1.0,False,white matter (tractography)
Central Opercular Cortex (L),"Inferior Temporal Gyrus, anterior division (L)",dti_brain,3.0,False,white matter (tractography)
Central Opercular Cortex (L),"Inferior Temporal Gyrus, posterior division (L)",dti_brain,6.0,False,white matter (tractography)
Central Opercular Cortex (L),"Inferior Temporal Gyrus, temporooccipital part (L)",dti_brain,3.0,False,white matter (tractography)
Central Opercular Cortex (L),Postcentral Gyrus (L),dti_brain,24.0,False,white matter (tractography)
Central Opercular Cortex (L),Postcentral Gyrus (R),dti_brain,1.0,False,white matter (tractography)
Central Opercular Cortex (L),Superior Parietal Lobule (L),dti_brain,6.0,False,white matter (tractography)
Central Opercular Cortex (L),"Supramarginal Gyrus, anterior division (L)",dti_brain,10.0,False,white matter (tractography)
Central Opercular Cortex (L),"Supramarginal Gyrus, posterior division (L)",dti_brain,6.0,False,white matter (tractography)
Central Opercular Cortex (L),"Lateral Occipital Cortex, superior division (L)",dti_brain,6.0,False,white matter (tractography)
Central Opercular Cortex (L),"Lateral Occipital Cortex, inferior division (L)",dti_brain,2.0,False,white matter (tractography)
Central Opercular Cortex (L),Juxtapositional Lobule Cortex (SMA) (L),dti_brain,8.0,False,white matter (tractography)
Central Opercular Cortex (L),"Cingulate Gyrus, anterior division (L)",dti_brain,6.0,False,white matter (tractography)
Central Opercular Cortex (L),"Cingulate Gyrus, posterior division (R)",dti_brain,1.0,False,white matter (tractography)
Central Opercular Cortex (L),Precuneous Cortex (L),dti_brain,4.0,False,white matter (tractography)
Central Opercular Cortex (L),Precuneous Cortex (R),dti_brain,2.0,False,white matter (tractography)
Central Opercular Cortex (L),Frontal Orbital Cortex (L),dti_brain,1.0,False,white matter (tractography)
Central Opercular Cortex (L),Temporal Occipital Fusiform Cortex (L),dti_brain,3.0,False,white matter (tractography)
Central Opercular Cortex (L),Occipital Fusiform Gyrus (L),dti_brain,2.0,False,white matter (tractography)
Central Opercular Cortex (L),Frontal Operculum Cortex (L),dti_brain,18.0,False,white matter (tractography)
Central Opercular Cortex (L),Parietal Operculum Cortex (L),dti_brain,12.0,False,white matter (tractography)
Central Opercular Cortex (L),Planum Polare (L),dti_brain,3.0,False,white matter (tractography)
Central Opercular Cortex (L),Planum Temporale (L),dti_brain,6.0,False,white matter (tractography)
Central Opercular Cortex (L),Planum Temporale (R),dti_brain,1.0,False,white matter (tractography)
Central Opercular Cortex (L),Occipital Pole (L),dti_brain,1.0,False,white matter (tractography)
Central Opercular Cortex (L),Thalamus (L),dti_brain,6.0,False,white matter (tractography)
Central Opercular Cortex (L),Putamen (L),dti_brain,12.0,False,white matter (tractography)
Central Opercular Cortex (L),Pallidum (L),dti_brain,4.0,False,white matter (tractography)
Central Opercular Cortex (L),Hippocampus (L),dti_brain,3.0,False,white matter (tractography)
Central Opercular Cortex (L),Thalamus (R),dti_brain,1.0,False,white matter (tractography)
Central Opercular Cortex (L),Putamen (R),dti_brain,1.0,False,white matter (tractography)
Central Opercular Cortex (R),Frontal Pole (R),dti_brain,7.0,False,white matter (tractography)
Central Opercular Cortex (R),Insular Cortex (R),dti_brain,17.0,False,white matter (tractography)
Central Opercular Cortex (R),Superior Frontal Gyrus (R),dti_brain,8.0,False,white matter (tractography)
Central Opercular Cortex (R),Middle Frontal Gyrus (R),dti_brain,15.0,False,white matter (tractography)
Central Opercular Cortex (R),"Inferior Frontal Gyrus, pars triangularis (R)",dti_brain,14.0,False,white matter (tractography)
Central Opercular Cortex (R),"Inferior Frontal Gyrus, pars opercularis (R)",dti_brain,17.0,False,white matter (tractography)
Central Opercular Cortex (R),Precentral Gyrus (L),dti_brain,1.0,False,white matter (tractography)
Central Opercular Cortex (R),Precentral Gyrus (R),dti_brain,64.0,False,white matter (tractography)
Central Opercular Cortex (R),Temporal Pole (R),dti_brain,1.0,False,white matter (tractography)
Central Opercular Cortex (R),"Inferior Temporal Gyrus, posterior division (R)",dti_brain,2.0,False,white matter (tractography)
Central Opercular Cortex (R),Postcentral Gyrus (R),dti_brain,20.0,False,white matter (tractography)
Central Opercular Cortex (R),Superior Parietal Lobule (R),dti_brain,4.0,False,white matter (tractography)
Central Opercular Cortex (R),"Supramarginal Gyrus, anterior division (R)",dti_brain,5.0,False,white matter (tractography)
Central Opercular Cortex (R),"Supramarginal Gyrus, posterior division (R)",dti_brain,10.0,False,white matter (tractography)
Central Opercular Cortex (R),"Lateral Occipital Cortex, superior division (R)",dti_brain,8.0,False,white matter (tractography)
Central Opercular Cortex (R),Juxtapositional Lobule Cortex (SMA) (R),dti_brain,10.0,False,white matter (tractography)
Central Opercular Cortex (R),Paracingulate Gyrus (R),dti_brain,3.0,False,white matter (tractography)
Central Opercular Cortex (R),"Cingulate Gyrus, anterior division (R)",dti_brain,1.0,False,white matter (tractography)
Central Opercular Cortex (R),"Cingulate Gyrus, posterior division (R)",dti_brain,1.0,False,white matter (tractography)
Central Opercular Cortex (R),Precuneous Cortex (R),dti_brain,1.0,False,white matter (tractography)
Central Opercular Cortex (R),Frontal Orbital Cortex (R),dti_brain,1.0,False,white matter (tractography)
Central Opercular Cortex (R),Frontal Operculum Cortex (R),dti_brain,27.0,False,white matter (tractography)
Central Opercular Cortex (R),Parietal Operculum Cortex (R),dti_brain,21.0,False,white matter (tractography)
Central Opercular Cortex (R),Planum Polare (R),dti_brain,1.0,False,white matter (tractography)
Central Opercular Cortex (R),Heschl's Gyrus (includes H1 and H2) (R),dti_brain,9.0,False,white matter (tractography)
Central Opercular Cortex (R),Planum Temporale (R),dti_brain,3.0,False,white matter (tractography)
Central Opercular Cortex (R),Thalamus (L),dti_brain,1.0,False,white matter (tractography)
Central Opercular Cortex (R),Thalamus (R),dti_brain,21.0,False,white matter (tractography)
Central Opercular Cortex (R),Putamen (R),dti_brain,17.0,False,white matter (tractography)
Central Opercular Cortex (R),Pallidum (R),dti_brain,5.0,False,white matter (tractography)
Central Opercular Cortex (R),Hippocampus (R),dti_brain,7.0,False,white matter (tractography)
Parietal Operculum Cortex (L),Superior Frontal Gyrus (L),dti_brain,6.0,False,white matter (tractography)
Parietal Operculum Cortex (L),Precentral Gyrus (L),dti_brain,17.0,False,white matter (tractography)
Parietal Operculum Cortex (L),Temporal Pole (L),dti_brain,16.0,False,white matter (tractography)
Parietal Operculum Cortex (L),"Superior Temporal Gyrus, anterior division (L)",dti_brain,3.0,False,white matter (tractography)
Parietal Operculum Cortex (L),"Superior Temporal Gyrus, posterior division (L)",dti_brain,3.0,False,white matter (tractography)
Parietal Operculum Cortex (L),Postcentral Gyrus (L),dti_brain,57.0,False,white matter (tractography)
Parietal Operculum Cortex (L),Postcentral Gyrus (R),dti_brain,3.0,False,white matter (tractography)
Parietal Operculum Cortex (L),Superior Parietal Lobule (L),dti_brain,18.0,False,white matter (tractography)
Parietal Operculum Cortex (L),Superior Parietal Lobule (R),dti_brain,3.0,False,white matter (tractography)
Parietal Operculum Cortex (L),"Supramarginal Gyrus, anterior division (L)",dti_brain,5.0,False,white matter (tractography)
Parietal Operculum Cortex (L),"Supramarginal Gyrus, posterior division (L)",dti_brain,19.0,False,white matter (tractography)
Parietal Operculum Cortex (L),Precuneous Cortex (L),dti_brain,13.0,False,white matter (tractography)
Parietal Operculum Cortex (L),Precuneous Cortex (R),dti_brain,1.0,False,white matter (tractography)
Parietal Operculum Cortex (L),"Temporal Fusiform Cortex, posterior division (L)",dti_brain,5.0,False,white matter (tractography)
Parietal Operculum Cortex (L),Parietal Operculum Cortex (R),dti_brain,2.0,False,white matter (tractography)
Parietal Operculum Cortex (L),Planum Polare (L),dti_brain,2.0,False,white matter (tractography)
Parietal Operculum Cortex (L),Planum Temporale (L),dti_brain,11.0,False,white matter (tractography)
Parietal Operculum Cortex (L),Thalamus (L),dti_brain,10.0,False,white matter (tractography)
Parietal Operculum Cortex (L),Putamen (L),dti_brain,17.0,False,white matter (tractography)
Parietal Operculum Cortex (L),Thalamus (R),dti_brain,2.0,False,white matter (tractography)
Parietal Operculum Cortex (R),Superior Frontal Gyrus (R),dti_brain,7.0,False,white matter (tractography)
Parietal Operculum Cortex (R),Precentral Gyrus (R),dti_brain,35.0,False,white matter (tractography)
Parietal Operculum Cortex (R),Temporal Pole (R),dti_brain,8.0,False,white matter (tractography)
Parietal Operculum Cortex (R),"Superior Temporal Gyrus, anterior division (R)",dti_brain,4.0,False,white matter (tractography)
Parietal Operculum Cortex (R),"Superior Temporal Gyrus, posterior division (R)",dti_brain,3.0,False,white matter (tractography)
Parietal Operculum Cortex (R),Postcentral Gyrus (L),dti_brain,1.0,False,white matter (tractography)
Parietal Operculum Cortex (R),Postcentral Gyrus (R),dti_brain,33.0,False,white matter (tractography)
Parietal Operculum Cortex (R),Superior Parietal Lobule (R),dti_brain,15.0,False,white matter (tractography)
Parietal Operculum Cortex (R),"Supramarginal Gyrus, anterior division (R)",dti_brain,10.0,False,white matter (tractography)
Parietal Operculum Cortex (R),"Supramarginal Gyrus, posterior division (R)",dti_brain,11.0,False,white matter (tractography)
Parietal Operculum Cortex (R),Precuneous Cortex (L),dti_brain,2.0,False,white matter (tractography)
Parietal Operculum Cortex (R),Precuneous Cortex (R),dti_brain,7.0,False,white matter (tractography)
Parietal Operculum Cortex (R),"Temporal Fusiform Cortex, posterior division (R)",dti_brain,1.0,False,white matter (tractography)
Parietal Operculum Cortex (R),Planum Polare (R),dti_brain,9.0,False,white matter (tractography)
Parietal Operculum Cortex (R),Planum Temporale (R),dti_brain,7.0,False,white matter (tractography)
Parietal Operculum Cortex (R),Supracalcarine Cortex (R),dti_brain,1.0,False,white matter (tractography)
Parietal Operculum Cortex (R),Thalamus (L),dti_brain,8.0,False,white matter (tractography)
Parietal Operculum Cortex (R),Thalamus (R),dti_brain,22.0,False,white matter (tractography)
Parietal Operculum Cortex (R),Putamen (R),dti_brain,14.0,False,white matter (tractography)
Planum Polare (L),Superior Frontal Gyrus (L),dti_brain,1.0,False,white matter (tractography)
Planum Polare (L),Precentral Gyrus (L),dti_brain,5.0,False,white matter (tractography)
Planum Polare (L),Temporal Pole (L),dti_brain,47.0,False,white matter (tractography)
Planum Polare (L),"Superior Temporal Gyrus, anterior division (L)",dti_brain,5.0,False,white matter (tractography)
Planum Polare (L),"Superior Temporal Gyrus, posterior division (L)",dti_brain,4.0,False,white matter (tractography)
Planum Polare (L),Postcentral Gyrus (L),dti_brain,5.0,False,white matter (tractography)
Planum Polare (L),Superior Parietal Lobule (L),dti_brain,6.0,False,white matter (tractography)
Planum Polare (L),Superior Parietal Lobule (R),dti_brain,1.0,False,white matter (tractography)
Planum Polare (L),Precuneous Cortex (L),dti_brain,14.0,False,white matter (tractography)
Planum Polare (L),Precuneous Cortex (R),dti_brain,2.0,False,white matter (tractography)
Planum Polare (L),"Temporal Fusiform Cortex, anterior division (L)",dti_brain,2.0,False,white matter (tractography)
Planum Polare (L),"Temporal Fusiform Cortex, posterior division (L)",dti_brain,2.0,False,white matter (tractography)
Planum Polare (L),Temporal Occipital Fusiform Cortex (L),dti_brain,2.0,False,white matter (tractography)
Planum Polare (L),Planum Temporale (L),dti_brain,13.0,False,white matter (tractography)
Planum Polare (L),Thalamus (L),dti_brain,13.0,False,white matter (tractography)
Planum Polare (L),Putamen (L),dti_brain,10.0,False,white matter (tractography)
Planum Polare (R),Precentral Gyrus (L),dti_brain,1.0,False,white matter (tractography)
Planum Polare (R),Precentral Gyrus (R),dti_brain,1.0,False,white matter (tractography)
Planum Polare (R),Temporal Pole (R),dti_brain,22.0,False,white matter (tractography)
Planum Polare (R),"Superior Temporal Gyrus, posterior division (R)",dti_brain,4.0,False,white matter (tractography)
Planum Polare (R),Postcentral Gyrus (R),dti_brain,2.0,False,white matter (tractography)
Planum Polare (R),Superior Parietal Lobule (R),dti_brain,10.0,False,white matter (tractography)
Planum Polare (R),"Supramarginal Gyrus, anterior division (R)",dti_brain,5.0,False,white matter (tractography)
Planum Polare (R),"Supramarginal Gyrus, posterior division (R)",dti_brain,5.0,False,white matter (tractography)
Planum Polare (R),Precuneous Cortex (R),dti_brain,3.0,False,white matter (tractography)
Planum Polare (R),Temporal Occipital Fusiform Cortex (R),dti_brain,1.0,False,white matter (tractography)
Planum Polare (R),Planum Temporale (R),dti_brain,8.0,False,white matter (tractography)
Planum Polare (R),Supracalcarine Cortex (R),dti_brain,8.0,False,white matter (tractography)
Planum Polare (R),Thalamus (L),dti_brain,1.0,False,white matter (tractography)
Planum Polare (R),Thalamus (R),dti_brain,34.0,False,white matter (tractography)
Planum Polare (R),Putamen (R),dti_brain,2.0,False,white matter (tractography)
Heschl's Gyrus (includes H1 and H2) (L),Precentral Gyrus (L),dti_brain,3.0,False,white matter (tractography)
Heschl's Gyrus (includes H1 and H2) (L),Temporal Pole (L),dti_brain,8.0,False,white matter (tractography)
Heschl's Gyrus (includes H1 and H2) (L),"Superior Temporal Gyrus, anterior division (L)",dti_brain,3.0,False,white matter (tractography)
Heschl's Gyrus (includes H1 and H2) (L),"Superior Temporal Gyrus, posterior division (L)",dti_brain,6.0,False,white matter (tractography)
Heschl's Gyrus (includes H1 and H2) (L),"Middle Temporal Gyrus, anterior division (L)",dti_brain,1.0,False,white matter (tractography)
Heschl's Gyrus (includes H1 and H2) (L),"Middle Temporal Gyrus, posterior division (L)",dti_brain,4.0,False,white matter (tractography)
Heschl's Gyrus (includes H1 and H2) (L),"Middle Temporal Gyrus, temporooccipital part (L)",dti_brain,1.0,False,white matter (tractography)
Heschl's Gyrus (includes H1 and H2) (L),"Inferior Temporal Gyrus, posterior division (L)",dti_brain,1.0,False,white matter (tractography)
Heschl's Gyrus (includes H1 and H2) (L),Postcentral Gyrus (L),dti_brain,2.0,False,white matter (tractography)
Heschl's Gyrus (includes H1 and H2) (L),Superior Parietal Lobule (L),dti_brain,13.0,False,white matter (tractography)
Heschl's Gyrus (includes H1 and H2) (L),Superior Parietal Lobule (R),dti_brain,3.0,False,white matter (tractography)
Heschl's Gyrus (includes H1 and H2) (L),"Supramarginal Gyrus, anterior division (R)",dti_brain,1.0,False,white matter (tractography)
Heschl's Gyrus (includes H1 and H2) (L),"Supramarginal Gyrus, posterior division (L)",dti_brain,8.0,False,white matter (tractography)
Heschl's Gyrus (includes H1 and H2) (L),"Lateral Occipital Cortex, superior division (L)",dti_brain,48.0,False,white matter (tractography)
Heschl's Gyrus (includes H1 and H2) (L),"Lateral Occipital Cortex, superior division (R)",dti_brain,1.0,False,white matter (tractography)
Heschl's Gyrus (includes H1 and H2) (L),"Lateral Occipital Cortex, inferior division (L)",dti_brain,10.0,False,white matter (tractography)
Heschl's Gyrus (includes H1 and H2) (L),Intracalcarine Cortex (L),dti_brain,1.0,False,white matter (tractography)
Heschl's Gyrus (includes H1 and H2) (L),Juxtapositional Lobule Cortex (SMA) (L),dti_brain,1.0,False,white matter (tractography)
Heschl's Gyrus (includes H1 and H2) (L),Precuneous Cortex (L),dti_brain,15.0,False,white matter (tractography)
Heschl's Gyrus (includes H1 and H2) (L),Precuneous Cortex (R),dti_brain,2.0,False,white matter (tractography)
Heschl's Gyrus (includes H1 and H2) (L),"Temporal Fusiform Cortex, posterior division (L)",dti_brain,2.0,False,white matter (tractography)
Heschl's Gyrus (includes H1 and H2) (L),Occipital Fusiform Gyrus (L),dti_brain,7.0,False,white matter (tractography)
Heschl's Gyrus (includes H1 and H2) (L),Parietal Operculum Cortex (L),dti_brain,7.0,False,white matter (tractography)
Heschl's Gyrus (includes H1 and H2) (L),Planum Polare (L),dti_brain,2.0,False,white matter (tractography)
Heschl's Gyrus (includes H1 and H2) (L),Planum Temporale (L),dti_brain,6.0,False,white matter (tractography)
Heschl's Gyrus (includes H1 and H2) (L),Supracalcarine Cortex (L),dti_brain,1.0,False,white matter (tractography)
Heschl's Gyrus (includes H1 and H2) (L),Occipital Pole (L),dti_brain,13.0,False,white matter (tractography)
Heschl's Gyrus (includes H1 and H2) (L),Thalamus (L),dti_brain,16.0,False,white matter (tractography)
Heschl's Gyrus (includes H1 and H2) (L),Putamen (L),dti_brain,4.0,False,white matter (tractography)
Heschl's Gyrus (includes H1 and H2) (L),Pallidum (L),dti_brain,1.0,False,white matter (tractography)
Heschl's Gyrus (includes H1 and H2) (L),Hippocampus (L),dti_brain,9.0,False,white matter (tractography)
Heschl's Gyrus (includes H1 and H2) (L),Pallidum (R),dti_brain,2.0,False,white matter (tractography)
Heschl's Gyrus (includes H1 and H2) (L),Hippocampus (R),dti_brain,2.0,False,white matter (tractography)
Heschl's Gyrus (includes H1 and H2) (R),Insular Cortex (R),dti_brain,9.0,False,white matter (tractography)
Heschl's Gyrus (includes H1 and H2) (R),Superior Frontal Gyrus (R),dti_brain,3.0,False,white matter (tractography)
Heschl's Gyrus (includes H1 and H2) (R),Middle Frontal Gyrus (R),dti_brain,3.0,False,white matter (tractography)
Heschl's Gyrus (includes H1 and H2) (R),"Inferior Frontal Gyrus, pars triangularis (R)",dti_brain,1.0,False,white matter (tractography)
Heschl's Gyrus (includes H1 and H2) (R),"Inferior Frontal Gyrus, pars opercularis (R)",dti_brain,4.0,False,white matter (tractography)
Heschl's Gyrus (includes H1 and H2) (R),Precentral Gyrus (R),dti_brain,4.0,False,white matter (tractography)
Heschl's Gyrus (includes H1 and H2) (R),Temporal Pole (R),dti_brain,8.0,False,white matter (tractography)
Heschl's Gyrus (includes H1 and H2) (R),"Superior Temporal Gyrus, anterior division (R)",dti_brain,6.0,False,white matter (tractography)
Heschl's Gyrus (includes H1 and H2) (R),"Superior Temporal Gyrus, posterior division (R)",dti_brain,5.0,False,white matter (tractography)
Heschl's Gyrus (includes H1 and H2) (R),"Middle Temporal Gyrus, anterior division (R)",dti_brain,1.0,False,white matter (tractography)
Heschl's Gyrus (includes H1 and H2) (R),"Middle Temporal Gyrus, posterior division (R)",dti_brain,8.0,False,white matter (tractography)
Heschl's Gyrus (includes H1 and H2) (R),"Middle Temporal Gyrus, temporooccipital part (R)",dti_brain,2.0,False,white matter (tractography)
Heschl's Gyrus (includes H1 and H2) (R),"Inferior Temporal Gyrus, anterior division (R)",dti_brain,1.0,False,white matter (tractography)
Heschl's Gyrus (includes H1 and H2) (R),"Inferior Temporal Gyrus, posterior division (R)",dti_brain,2.0,False,white matter (tractography)
Heschl's Gyrus (includes H1 and H2) (R),Postcentral Gyrus (R),dti_brain,1.0,False,white matter (tractography)
Heschl's Gyrus (includes H1 and H2) (R),Superior Parietal Lobule (R),dti_brain,6.0,False,white matter (tractography)
Heschl's Gyrus (includes H1 and H2) (R),"Supramarginal Gyrus, anterior division (R)",dti_brain,1.0,False,white matter (tractography)
Heschl's Gyrus (includes H1 and H2) (R),"Supramarginal Gyrus, posterior division (R)",dti_brain,4.0,False,white matter (tractography)
Heschl's Gyrus (includes H1 and H2) (R),"Lateral Occipital Cortex, superior division (R)",dti_brain,17.0,False,white matter (tractography)
Heschl's Gyrus (includes H1 and H2) (R),Intracalcarine Cortex (R),dti_brain,3.0,False,white matter (tractography)
Heschl's Gyrus (includes H1 and H2) (R),"Temporal Fusiform Cortex, posterior division (R)",dti_brain,1.0,False,white matter (tractography)
Heschl's Gyrus (includes H1 and H2) (R),Occipital Fusiform Gyrus (R),dti_brain,1.0,False,white matter (tractography)
Heschl's Gyrus (includes H1 and H2) (R),Parietal Operculum Cortex (R),dti_brain,13.0,False,white matter (tractography)
Heschl's Gyrus (includes H1 and H2) (R),Planum Polare (R),dti_brain,4.0,False,white matter (tractography)
Heschl's Gyrus (includes H1 and H2) (R),Planum Temporale (R),dti_brain,15.0,False,white matter (tractography)
Heschl's Gyrus (includes H1 and H2) (R),Supracalcarine Cortex (R),dti_brain,1.0,False,white matter (tractography)
Heschl's Gyrus (includes H1 and H2) (R),Occipital Pole (R),dti_brain,5.0,False,white matter (tractography)
Heschl's Gyrus (includes H1 and H2) (R),Thalamus (R),dti_brain,10.0,False,white matter (tractography)
Heschl's Gyrus (includes H1 and H2) (R),Putamen (R),dti_brain,4.0,False,white matter (tractography)
Heschl's Gyrus (includes H1 and H2) (R),Hippocampus (R),dti_brain,11.0,False,white matter (tractography)
Planum Temporale (L),Superior Frontal Gyrus (L),dti_brain,2.0,False,white matter (tractography)
Planum Temporale (L),Precentral Gyrus (L),dti_brain,7.0,False,white matter (tractography)
Planum Temporale (L),Precentral Gyrus (R),dti_brain,4.0,False,white matter (tractography)
Planum Temporale (L),Temporal Pole (L),dti_brain,25.0,False,white matter (tractography)
Planum Temporale (L),"Superior Temporal Gyrus, anterior division (L)",dti_brain,4.0,False,white matter (tractography)
Planum Temporale (L),"Superior Temporal Gyrus, posterior division (L)",dti_brain,9.0,False,white matter (tractography)
Planum Temporale (L),Postcentral Gyrus (L),dti_brain,15.0,False,white matter (tractography)
Planum Temporale (L),Postcentral Gyrus (R),dti_brain,3.0,False,white matter (tractography)
Planum Temporale (L),Superior Parietal Lobule (L),dti_brain,16.0,False,white matter (tractography)
Planum Temporale (L),Superior Parietal Lobule (R),dti_brain,7.0,False,white matter (tractography)
Planum Temporale (L),"Supramarginal Gyrus, anterior division (L)",dti_brain,1.0,False,white matter (tractography)
Planum Temporale (L),"Supramarginal Gyrus, posterior division (L)",dti_brain,13.0,False,white matter (tractography)
Planum Temporale (L),Subcallosal Cortex (L),dti_brain,1.0,False,white matter (tractography)
Planum Temporale (L),Precuneous Cortex (L),dti_brain,30.0,False,white matter (tractography)
Planum Temporale (L),Precuneous Cortex (R),dti_brain,2.0,False,white matter (tractography)
Planum Temporale (L),"Temporal Fusiform Cortex, anterior division (L)",dti_brain,1.0,False,white matter (tractography)
Planum Temporale (L),"Temporal Fusiform Cortex, posterior division (L)",dti_brain,3.0,False,white matter (tractography)
Planum Temporale (L),Temporal Occipital Fusiform Cortex (L),dti_brain,1.0,False,white matter (tractography)
Planum Temporale (L),Supracalcarine Cortex (L),dti_brain,3.0,False,white matter (tractography)
Planum Temporale (L),Thalamus (L),dti_brain,31.0,False,white matter (tractography)
Planum Temporale (L),Putamen (L),dti_brain,13.0,False,white matter (tractography)
Planum Temporale (L),Thalamus (R),dti_brain,3.0,False,white matter (tractography)
Planum Temporale (R),Precentral Gyrus (R),dti_brain,10.0,False,white matter (tractography)
Planum Temporale (R),Temporal Pole (L),dti_brain,1.0,False,white matter (tractography)
Planum Temporale (R),Temporal Pole (R),dti_brain,4.0,False,white matter (tractography)
Planum Temporale (R),"Superior Temporal Gyrus, anterior division (R)",dti_brain,4.0,False,white matter (tractography)
Planum Temporale (R),"Superior Temporal Gyrus, posterior division (R)",dti_brain,2.0,False,white matter (tractography)
Planum Temporale (R),Postcentral Gyrus (R),dti_brain,8.0,False,white matter (tractography)
Planum Temporale (R),"Supramarginal Gyrus, anterior division (R)",dti_brain,5.0,False,white matter (tractography)
Planum Temporale (R),"Supramarginal Gyrus, posterior division (R)",dti_brain,6.0,False,white matter (tractography)
Planum Temporale (R),Precuneous Cortex (L),dti_brain,2.0,False,white matter (tractography)
Planum Temporale (R),Precuneous Cortex (R),dti_brain,3.0,False,white matter (tractography)
Planum Temporale (R),"Temporal Fusiform Cortex, posterior division (R)",dti_brain,4.0,False,white matter (tractography)
Planum Temporale (R),Temporal Occipital Fusiform Cortex (R),dti_brain,1.0,False,white matter (tractography)
Planum Temporale (R),Supracalcarine Cortex (R),dti_brain,1.0,False,white matter (tractography)
Planum Temporale (R),Thalamus (L),dti_brain,3.0,False,white matter (tractography)
Planum Temporale (R),Thalamus (R),dti_brain,14.0,False,white matter (tractography)
Planum Temporale (R),Putamen (R),dti_brain,5.0,False,white matter (tractography)
Supracalcarine Cortex (L),Temporal Pole (L),dti_brain,4.0,False,white matter (tractography)
Supracalcarine Cortex (L),Supracalcarine Cortex (R),dti_brain,1.0,False,white matter (tractography)
Supracalcarine Cortex (L),Thalamus (L),dti_brain,5.0,False,white matter (tractography)
Supracalcarine Cortex (L),Thalamus (R),dti_brain,10.0,False,white matter (tractography)
Supracalcarine Cortex (R),Temporal Pole (R),dti_brain,3.0,False,white matter (tractography)
Supracalcarine Cortex (R),"Supramarginal Gyrus, posterior division (R)",dti_brain,2.0,False,white matter (tractography)
Supracalcarine Cortex (R),Temporal Occipital Fusiform Cortex (R),dti_brain,4.0,False,white matter (tractography)
Supracalcarine Cortex (R),Thalamus (L),dti_brain,6.0,False,white matter (tractography)
Supracalcarine Cortex (R),Thalamus (R),dti_brain,21.0,False,white matter (tractography)
Occipital Pole (L),Superior Frontal Gyrus (L),dti_brain,2.0,False,white matter (tractography)
Occipital Pole (L),Precentral Gyrus (L),dti_brain,11.0,False,white matter (tractography)
Occipital Pole (L),Temporal Pole (L),dti_brain,52.0,False,white matter (tractography)
Occipital Pole (L),"Superior Temporal Gyrus, anterior division (L)",dti_brain,5.0,False,white matter (tractography)
Occipital Pole (L),"Superior Temporal Gyrus, posterior division (L)",dti_brain,2.0,False,white matter (tractography)
Occipital Pole (L),Postcentral Gyrus (L),dti_brain,3.0,False,white matter (tractography)
Occipital Pole (L),Postcentral Gyrus (R),dti_brain,5.0,False,white matter (tractography)
Occipital Pole (L),Superior Parietal Lobule (L),dti_brain,8.0,False,white matter (tractography)
Occipital Pole (L),Superior Parietal Lobule (R),dti_brain,4.0,False,white matter (tractography)
Occipital Pole (L),"Supramarginal Gyrus, posterior division (L)",dti_brain,3.0,False,white matter (tractography)
Occipital Pole (L),"Supramarginal Gyrus, posterior division (R)",dti_brain,1.0,False,white matter (tractography)
Occipital Pole (L),Paracingulate Gyrus (L),dti_brain,1.0,False,white matter (tractography)
Occipital Pole (L),Precuneous Cortex (L),dti_brain,34.0,False,white matter (tractography)
Occipital Pole (L),Precuneous Cortex (R),dti_brain,5.0,False,white matter (tractography)
Occipital Pole (L),"Temporal Fusiform Cortex, anterior division (L)",dti_brain,5.0,False,white matter (tractography)
Occipital Pole (L),"Temporal Fusiform Cortex, posterior division (L)",dti_brain,31.0,False,white matter (tractography)
Occipital Pole (L),Temporal Occipital Fusiform Cortex (L),dti_brain,22.0,False,white matter (tractography)
Occipital Pole (L),Parietal Operculum Cortex (L),dti_brain,1.0,False,white matter (tractography)
Occipital Pole (L),Planum Polare (L),dti_brain,11.0,False,white matter (tractography)
Occipital Pole (L),Planum Temporale (L),dti_brain,8.0,False,white matter (tractography)
Occipital Pole (L),Planum Temporale (R),dti_brain,1.0,False,white matter (tractography)
Occipital Pole (L),Supracalcarine Cortex (L),dti_brain,9.0,False,white matter (tractography)
Occipital Pole (L),Supracalcarine Cortex (R),dti_brain,11.0,False,white matter (tractography)
Occipital Pole (L),Occipital Pole (R),dti_brain,1.0,False,white matter (tractography)
Occipital Pole (L),Thalamus (L),dti_brain,109.0,False,white matter (tractography)
Occipital Pole (L),Putamen (L),dti_brain,2.0,False,white matter (tractography)
Occipital Pole (L),Pallidum (L),dti_brain,4.0,False,white matter (tractography)
Occipital Pole (L),Thalamus (R),dti_brain,19.0,False,white matter (tractography)
Occipital Pole (R),Superior Frontal Gyrus (R),dti_brain,3.0,False,white matter (tractography)
Occipital Pole (R),Precentral Gyrus (R),dti_brain,5.0,False,white matter (tractography)
Occipital Pole (R),Temporal Pole (L),dti_brain,1.0,False,white matter (tractography)
Occipital Pole (R),Temporal Pole (R),dti_brain,23.0,False,white matter (tractography)
Occipital Pole (R),"Superior Temporal Gyrus, anterior division (R)",dti_brain,1.0,False,white matter (tractography)
Occipital Pole (R),"Superior Temporal Gyrus, posterior division (R)",dti_brain,2.0,False,white matter (tractography)
Occipital Pole (R),Postcentral Gyrus (R),dti_brain,2.0,False,white matter (tractography)
Occipital Pole (R),Superior Parietal Lobule (R),dti_brain,1.0,False,white matter (tractography)
Occipital Pole (R),"Supramarginal Gyrus, posterior division (R)",dti_brain,1.0,False,white matter (tractography)
Occipital Pole (R),Precuneous Cortex (R),dti_brain,6.0,False,white matter (tractography)
Occipital Pole (R),"Temporal Fusiform Cortex, posterior division (R)",dti_brain,5.0,False,white matter (tractography)
Occipital Pole (R),Temporal Occipital Fusiform Cortex (R),dti_brain,31.0,False,white matter (tractography)
Occipital Pole (R),Parietal Operculum Cortex (R),dti_brain,2.0,False,white matter (tractography)
Occipital Pole (R),Planum Polare (R),dti_brain,44.0,False,white matter (tractography)
Occipital Pole (R),Planum Temporale (R),dti_brain,9.0,False,white matter (tractography)
Occipital Pole (R),Supracalcarine Cortex (R),dti_brain,6.0,False,white matter (tractography)
Occipital Pole (R),Thalamus (L),dti_brain,1.0,False,white matter (tractography)
Occipital Pole (R),Thalamus (R),dti_brain,19.0,False,white matter (tractography)
Occipital Pole (R),Putamen (R),dti_brain,18.0,False,white matter (tractography)
Occipital Pole (R),Pallidum (R),dti_brain,4.0,False,white matter (tractography)
Thalamus (L),Precentral Gyrus (L),anatomy,1.0,True,VL -> M1 thalamocortical
Thalamus (L),Postcentral Gyrus (L),anatomy,1.0,True,VPL -> S1 thalamocortical
Thalamus (L),Thalamus (R),dti_brain,25.0,False,white matter (tractography)
Thalamus (L),Reticular formation (L),anatomy,1.0,True,spinoreticular collateral relay
Caudate (L),Frontal Pole (L),dti_brain,138.0,False,white matter (tractography)
Caudate (L),Frontal Pole (R),dti_brain,118.0,False,white matter (tractography)
Caudate (L),Insular Cortex (L),dti_brain,27.0,False,white matter (tractography)
Caudate (L),Insular Cortex (R),dti_brain,4.0,False,white matter (tractography)
Caudate (L),Superior Frontal Gyrus (L),dti_brain,338.0,False,white matter (tractography)
Caudate (L),Superior Frontal Gyrus (R),dti_brain,23.0,False,white matter (tractography)
Caudate (L),Middle Frontal Gyrus (L),dti_brain,86.0,False,white matter (tractography)
Caudate (L),Middle Frontal Gyrus (R),dti_brain,22.0,False,white matter (tractography)
Caudate (L),"Inferior Frontal Gyrus, pars triangularis (L)",dti_brain,8.0,False,white matter (tractography)
Caudate (L),"Inferior Frontal Gyrus, pars opercularis (L)",dti_brain,7.0,False,white matter (tractography)
Caudate (L),"Inferior Frontal Gyrus, pars opercularis (R)",dti_brain,2.0,False,white matter (tractography)
Caudate (L),Precentral Gyrus (L),dti_brain,370.0,False,white matter (tractography)
Caudate (L),Precentral Gyrus (R),dti_brain,18.0,False,white matter (tractography)
Caudate (L),Temporal Pole (L),dti_brain,8.0,False,white matter (tractography)
Caudate (L),"Middle Temporal Gyrus, anterior division (L)",dti_brain,8.0,False,white matter (tractography)
Caudate (L),"Middle Temporal Gyrus, anterior division (R)",dti_brain,1.0,False,white matter (tractography)
Caudate (L),"Middle Temporal Gyrus, posterior division (L)",dti_brain,4.0,False,white matter (tractography)
Caudate (L),"Middle Temporal Gyrus, posterior division (R)",dti_brain,2.0,False,white matter (tractography)
Caudate (L),"Middle Temporal Gyrus, temporooccipital part (L)",dti_brain,4.0,False,white matter (tractography)
Caudate (L),"Inferior Temporal Gyrus, anterior division (L)",dti_brain,4.0,False,white matter (tractography)
Caudate (L),"Inferior Temporal Gyrus, posterior division (L)",dti_brain,9.0,False,white matter (tractography)
Caudate (L),"Inferior Temporal Gyrus, temporooccipital part (L)",dti_brain,2.0,False,white matter (tractography)
Caudate (L),Postcentral Gyrus (L),dti_brain,76.0,False,white matter (tractography)
Caudate (L),Postcentral Gyrus (R),dti_brain,4.0,False,white matter (tractography)
Caudate (L),Superior Parietal Lobule (L),dti_brain,31.0,False,white matter (tractography)
Caudate (L),Superior Parietal Lobule (R),dti_brain,3.0,False,white matter (tractography)
Caudate (L),"Supramarginal Gyrus, anterior division (L)",dti_brain,2.0,False,white matter (tractography)
Caudate (L),"Supramarginal Gyrus, anterior division (R)",dti_brain,2.0,False,white matter (tractography)
Caudate (L),"Supramarginal Gyrus, posterior division (L)",dti_brain,5.0,False,white matter (tractography)
Caudate (L),"Lateral Occipital Cortex, superior division (L)",dti_brain,36.0,False,white matter (tractography)
Caudate (L),"Lateral Occipital Cortex, inferior division (L)",dti_brain,7.0,False,white matter (tractography)
Caudate (L),Intracalcarine Cortex (L),dti_brain,5.0,False,white matter (tractography)
Caudate (L),Frontal Medial Cortex (L),dti_brain,11.0,False,white matter (tractography)
Caudate (L),Frontal Medial Cortex (R),dti_brain,3.0,False,white matter (tractography)
Caudate (L),Juxtapositional Lobule Cortex (SMA) (L),dti_brain,139.0,False,white matter (tractography)
Caudate (L),Juxtapositional Lobule Cortex (SMA) (R),dti_brain,22.0,False,white matter (tractography)
Caudate (L),Subcallosal Cortex (L),dti_brain,7.0,False,white matter (tractography)
Caudate (L),Subcallosal Cortex (R),dti_brain,1.0,False,white matter (tractography)
Caudate (L),Paracingulate Gyrus (L),dti_brain,58.0,False,white matter (tractography)
Caudate (L),Paracingulate Gyrus (R),dti_brain,29.0,False,white matter (tractography)
Caudate (L),"Cingulate Gyrus, anterior division (L)",dti_brain,70.0,False,white matter (tractography)
Caudate (L),"Cingulate Gyrus, anterior division (R)",dti_brain,39.0,False,white matter (tractography)
Caudate (L),"Cingulate Gyrus, posterior division (L)",dti_brain,39.0,False,white matter (tractography)
Caudate (L),"Cingulate Gyrus, posterior division (R)",dti_brain,5.0,False,white matter (tractography)
Caudate (L),Precuneous Cortex (L),dti_brain,41.0,False,white matter (tractography)
Caudate (L),Precuneous Cortex (R),dti_brain,9.0,False,white matter (tractography)
Caudate (L),Cuneal Cortex (L),dti_brain,5.0,False,white matter (tractography)
Caudate (L),Frontal Orbital Cortex (L),dti_brain,37.0,False,white matter (tractography)
Caudate (L),Frontal Orbital Cortex (R),dti_brain,7.0,False,white matter (tractography)
Caudate (L),"Parahippocampal Gyrus, anterior division (L)",dti_brain,1.0,False,white matter (tractography)
Caudate (L),Lingual Gyrus (L),dti_brain,8.0,False,white matter (tractography)
Caudate (L),"Temporal Fusiform Cortex, anterior division (L)",dti_brain,1.0,False,white matter (tractography)
Caudate (L),"Temporal Fusiform Cortex, posterior division (L)",dti_brain,4.0,False,white matter (tractography)
Caudate (L),Temporal Occipital Fusiform Cortex (L),dti_brain,6.0,False,white matter (tractography)
Caudate (L),Occipital Fusiform Gyrus (L),dti_brain,5.0,False,white matter (tractography)
Caudate (L),Frontal Operculum Cortex (L),dti_brain,27.0,False,white matter (tractography)
Caudate (L),Frontal Operculum Cortex (R),dti_brain,17.0,False,white matter (tractography)
Caudate (L),Central Opercular Cortex (L),dti_brain,15.0,False,white matter (tractography)
Caudate (L),Parietal Operculum Cortex (L),dti_brain,6.0,False,white matter (tractography)
Caudate (L),Planum Polare (L),dti_brain,2.0,False,white matter (tractography)
Caudate (L),Planum Temporale (L),dti_brain,2.0,False,white matter (tractography)
Caudate (L),Occipital Pole (L),dti_brain,5.0,False,white matter (tractography)
Caudate (L),Occipital Pole (R),dti_brain,1.0,False,white matter (tractography)
Caudate (L),Thalamus (L),dti_brain,112.0,False,white matter (tractography)
Caudate (L),Putamen (L),dti_brain,64.0,False,white matter (tractography)
Caudate (L),Pallidum (L),dti_brain,18.0,False,white matter (tractography)
Caudate (L),Hippocampus (L),dti_brain,23.0,False,white matter (tractography)
Caudate (L),Thalamus (R),dti_brain,11.0,False,white matter (tractography)
Caudate (L),Caudate (R),dti_brain,11.0,False,white matter (tractography)
Caudate (L),Putamen (R),dti_brain,6.0,False,white matter (tractography)
Putamen (L),Superior Frontal Gyrus (L),dti_brain,84.0,False,white matter (tractography)
Putamen (L),Temporal Pole (L),dti_brain,23.0,False,white matter (tractography)
Putamen (L),"Superior Temporal Gyrus, anterior division (L)",dti_brain,3.0,False,white matter (tractography)
Putamen (L),"Superior Temporal Gyrus, posterior division (L)",dti_brain,3.0,False,white matter (tractography)
Putamen (L),Superior Parietal Lobule (L),dti_brain,27.0,False,white matter (tractography)
Putamen (L),Superior Parietal Lobule (R),dti_brain,1.0,False,white matter (tractography)
Putamen (L),"Supramarginal Gyrus, anterior division (L)",dti_brain,8.0,False,white matter (tractography)
Putamen (L),"Supramarginal Gyrus, posterior division (L)",dti_brain,11.0,False,white matter (tractography)
Putamen (L),Subcallosal Cortex (L),dti_brain,5.0,False,white matter (tractography)
Putamen (L),"Temporal Fusiform Cortex, anterior division (L)",dti_brain,11.0,False,white matter (tractography)
Putamen (L),"Temporal Fusiform Cortex, posterior division (L)",dti_brain,10.0,False,white matter (tractography)
Putamen (L),Temporal Occipital Fusiform Cortex (L),dti_brain,4.0,False,white matter (tractography)
Putamen (L),Supracalcarine Cortex (L),dti_brain,2.0,False,white matter (tractography)
Putamen (L),Thalamus (L),dti_brain,96.0,False,white matter (tractography)
Putamen (L),Thalamus (R),dti_brain,3.0,False,white matter (tractography)
Putamen (L),Putamen (R),dti_brain,2.0,False,white matter (tractography)
Pallidum (L),Superior Frontal Gyrus (L),dti_brain,35.0,False,white matter (tractography)
Pallidum (L),Superior Frontal Gyrus (R),dti_brain,2.0,False,white matter (tractography)
Pallidum (L),Precentral Gyrus (L),dti_brain,200.0,False,white matter (tractography)
Pallidum (L),Precentral Gyrus (R),dti_brain,1.0,False,white matter (tractography)
Pallidum (L),Temporal Pole (L),dti_brain,4.0,False,white matter (tractography)
Pallidum (L),Postcentral Gyrus (L),dti_brain,42.0,False,white matter (tractography)
Pallidum (L),Postcentral Gyrus (R),dti_brain,1.0,False,white matter (tractography)
Pallidum (L),Superior Parietal Lobule (L),dti_brain,7.0,False,white matter (tractography)
Pallidum (L),Superior Parietal Lobule (R),dti_brain,2.0,False,white matter (tractography)
Pallidum (L),"Supramarginal Gyrus, anterior division (L)",dti_brain,2.0,False,white matter (tractography)
Pallidum (L),"Supramarginal Gyrus, posterior division (L)",dti_brain,3.0,False,white matter (tractography)
Pallidum (L),Subcallosal Cortex (L),dti_brain,2.0,False,white matter (tractography)
Pallidum (L),Precuneous Cortex (L),dti_brain,17.0,False,white matter (tractography)
Pallidum (L),Precuneous Cortex (R),dti_brain,2.0,False,white matter (tractography)
Pallidum (L),"Parahippocampal Gyrus, anterior division (L)",dti_brain,1.0,False,white matter (tractography)
Pallidum (L),"Temporal Fusiform Cortex, anterior division (L)",dti_brain,2.0,False,white matter (tractography)
Pallidum (L),"Temporal Fusiform Cortex, posterior division (L)",dti_brain,2.0,False,white matter (tractography)
Pallidum (L),Temporal Occipital Fusiform Cortex (L),dti_brain,5.0,False,white matter (tractography)
Pallidum (L),Parietal Operculum Cortex (L),dti_brain,4.0,False,white matter (tractography)
Pallidum (L),Planum Polare (L),dti_brain,2.0,False,white matter (tractography)
Pallidum (L),Planum Temporale (L),dti_brain,3.0,False,white matter (tractography)
Pallidum (L),Supracalcarine Cortex (L),dti_brain,1.0,False,white matter (tractography)
Pallidum (L),Thalamus (L),dti_brain,31.0,False,white matter (tractography)
Pallidum (L),Putamen (L),dti_brain,19.0,False,white matter (tractography)
Brain-Stem,Frontal Pole (L),dti_brain,28.0,False,white matter (tractography)
Brain-Stem,Frontal Pole (R),dti_brain,19.0,False,white matter (tractography)
Brain-Stem,Insular Cortex (L),dti_brain,48.0,False,white matter (tractography)
Brain-Stem,Insular Cortex (R),dti_brain,16.0,False,white matter (tractography)
Brain-Stem,Superior Frontal Gyrus (L),dti_brain,69.0,False,white matter (tractography)
Brain-Stem,Superior Frontal Gyrus (R),dti_brain,27.0,False,white matter (tractography)
Brain-Stem,Middle Frontal Gyrus (L),dti_brain,32.0,False,white matter (tractography)
Brain-Stem,Middle Frontal Gyrus (R),dti_brain,18.0,False,white matter (tractography)
Brain-Stem,"Inferior Frontal Gyrus, pars triangularis (L)",dti_brain,3.0,False,white matter (tractography)
Brain-Stem,"Inferior Frontal Gyrus, pars opercularis (L)",dti_brain,5.0,False,white matter (tractography)
Brain-Stem,"Inferior Frontal Gyrus, pars opercularis (R)",dti_brain,8.0,False,white matter (tractography)
Brain-Stem,Precentral Gyrus (L),dti_brain,354.0,False,white matter (tractography)
Brain-Stem,Precentral Gyrus (R),dti_brain,245.0,False,white matter (tractography)
Brain-Stem,Temporal Pole (L),dti_brain,6.0,False,white matter (tractography)
Brain-Stem,Temporal Pole (R),dti_brain,11.0,False,white matter (tractography)
Brain-Stem,"Superior Temporal Gyrus, anterior division (L)",dti_brain,1.0,False,white matter (tractography)
Brain-Stem,"Middle Temporal Gyrus, anterior division (L)",dti_brain,2.0,False,white matter (tractography)
Brain-Stem,"Middle Temporal Gyrus, anterior division (R)",dti_brain,5.0,False,white matter (tractography)
Brain-Stem,"Middle Temporal Gyrus, posterior division (L)",dti_brain,2.0,False,white matter (tractography)
Brain-Stem,"Middle Temporal Gyrus, posterior division (R)",dti_brain,4.0,False,white matter (tractography)
Brain-Stem,"Middle Temporal Gyrus, temporooccipital part (L)",dti_brain,2.0,False,white matter (tractography)
Brain-Stem,"Middle Temporal Gyrus, temporooccipital part (R)",dti_brain,2.0,False,white matter (tractography)
Brain-Stem,"Inferior Temporal Gyrus, anterior division (L)",dti_brain,2.0,False,white matter (tractography)
Brain-Stem,"Inferior Temporal Gyrus, posterior division (L)",dti_brain,8.0,False,white matter (tractography)
Brain-Stem,"Inferior Temporal Gyrus, temporooccipital part (L)",dti_brain,13.0,False,white matter (tractography)
Brain-Stem,Postcentral Gyrus (L),dti_brain,165.0,False,white matter (tractography)
Brain-Stem,Postcentral Gyrus (R),dti_brain,82.0,False,white matter (tractography)
Brain-Stem,Superior Parietal Lobule (L),dti_brain,36.0,False,white matter (tractography)
Brain-Stem,Superior Parietal Lobule (R),dti_brain,38.0,False,white matter (tractography)
Brain-Stem,"Supramarginal Gyrus, anterior division (R)",dti_brain,2.0,False,white matter (tractography)
Brain-Stem,"Supramarginal Gyrus, posterior division (L)",dti_brain,2.0,False,white matter (tractography)
Brain-Stem,"Supramarginal Gyrus, posterior division (R)",dti_brain,9.0,False,white matter (tractography)
Brain-Stem,"Lateral Occipital Cortex, superior division (L)",dti_brain,59.0,False,white matter (tractography)
Brain-Stem,"Lateral Occipital Cortex, superior division (R)",dti_brain,22.0,False,white matter (tractography)
Brain-Stem,"Lateral Occipital Cortex, inferior division (L)",dti_brain,13.0,False,white matter (tractography)
Brain-Stem,Intracalcarine Cortex (L),dti_brain,5.0,False,white matter (tractography)
Brain-Stem,Frontal Medial Cortex (R),dti_brain,1.0,False,white matter (tractography)
Brain-Stem,Juxtapositional Lobule Cortex (SMA) (L),dti_brain,27.0,False,white matter (tractography)
Brain-Stem,Juxtapositional Lobule Cortex (SMA) (R),dti_brain,41.0,False,white matter (tractography)
Brain-Stem,Subcallosal Cortex (R),dti_brain,4.0,False,white matter (tractography)
Brain-Stem,Paracingulate Gyrus (L),dti_brain,2.0,False,white matter (tractography)
Brain-Stem,Paracingulate Gyrus (R),dti_brain,9.0,False,white matter (tractography)
Brain-Stem,"Cingulate Gyrus, anterior division (L)",dti_brain,7.0,False,white matter (tractography)
Brain-Stem,"Cingulate Gyrus, anterior division (R)",dti_brain,2.0,False,white matter (tractography)
Brain-Stem,"Cingulate Gyrus, posterior division (L)",dti_brain,8.0,False,white matter (tractography)
Brain-Stem,"Cingulate Gyrus, posterior division (R)",dti_brain,11.0,False,white matter (tractography)
Brain-Stem,Precuneous Cortex (L),dti_brain,127.0,False,white matter (tractography)
Brain-Stem,Precuneous Cortex (R),dti_brain,23.0,False,white matter (tractography)
Brain-Stem,Cuneal Cortex (L),dti_brain,10.0,False,white matter (tractography)
Brain-Stem,Cuneal Cortex (R),dti_brain,1.0,False,white matter (tractography)
Brain-Stem,Frontal Orbital Cortex (L),dti_brain,15.0,False,white matter (tractography)
Brain-Stem,Frontal Orbital Cortex (R),dti_brain,1.0,False,white matter (tractography)
Brain-Stem,"Parahippocampal Gyrus, anterior division (L)",dti_brain,1.0,False,white matter (tractography)
Brain-Stem,"Parahippocampal Gyrus, anterior division (R)",dti_brain,3.0,False,white matter (tractography)
Brain-Stem,"Parahippocampal Gyrus, posterior division (R)",dti_brain,1.0,False,white matter (tractography)
Brain-Stem,Lingual Gyrus (L),dti_brain,35.0,False,white matter (tractography)
Brain-Stem,Lingual Gyrus (R),dti_brain,33.0,False,white matter (tractography)
Brain-Stem,"Temporal Fusiform Cortex, anterior division (L)",dti_brain,3.0,False,white matter (tractography)
Brain-Stem,"Temporal Fusiform Cortex, anterior division (R)",dti_brain,2.0,False,white matter (tractography)
Brain-Stem,"Temporal Fusiform Cortex, posterior division (L)",dti_brain,8.0,False,white matter (tractography)
Brain-Stem,Temporal Occipital Fusiform Cortex (L),dti_brain,39.0,False,white matter (tractography)
Brain-Stem,Temporal Occipital Fusiform Cortex (R),dti_brain,6.0,False,white matter (tractography)
Brain-Stem,Occipital Fusiform Gyrus (L),dti_brain,9.0,False,white matter (tractography)
Brain-Stem,Occipital Fusiform Gyrus (R),dti_brain,1.0,False,white matter (tractography)
Brain-Stem,Frontal Operculum Cortex (L),dti_brain,9.0,False,white matter (tractography)
Brain-Stem,Frontal Operculum Cortex (R),dti_brain,9.0,False,white matter (tractography)
Brain-Stem,Central Opercular Cortex (L),dti_brain,6.0,False,white matter (tractography)
Brain-Stem,Central Opercular Cortex (R),dti_brain,6.0,False,white matter (tractography)
Brain-Stem,Parietal Operculum Cortex (L),dti_brain,8.0,False,white matter (tractography)
Brain-Stem,Parietal Operculum Cortex (R),dti_brain,5.0,False,white matter (tractography)
Brain-Stem,Planum Polare (L),dti_brain,2.0,False,white matter (tractography)
Brain-Stem,Planum Polare (R),dti_brain,9.0,False,white matter (tractography)
Brain-Stem,Heschl's Gyrus (includes H1 and H2) (L),dti_brain,5.0,False,white matter (tractography)
Brain-Stem,Heschl's Gyrus (includes H1 and H2) (R),dti_brain,12.0,False,white matter (tractography)
Brain-Stem,Planum Temporale (L),dti_brain,15.0,False,white matter (tractography)
Brain-Stem,Planum Temporale (R),dti_brain,3.0,False,white matter (tractography)
Brain-Stem,Supracalcarine Cortex (L),dti_brain,1.0,False,white matter (tractography)
Brain-Stem,Supracalcarine Cortex (R),dti_brain,3.0,False,white matter (tractography)
Brain-Stem,Occipital Pole (L),dti_brain,7.0,False,white matter (tractography)
Brain-Stem,Occipital Pole (R),dti_brain,5.0,False,white matter (tractography)
Brain-Stem,Thalamus (L),dti_brain,246.0,False,white matter (tractography)
Brain-Stem,Caudate (L),dti_brain,44.0,False,white matter (tractography)
Brain-Stem,Putamen (L),dti_brain,68.0,False,white matter (tractography)
Brain-Stem,Pallidum (L),dti_brain,62.0,False,white matter (tractography)
Brain-Stem,Hippocampus (L),dti_brain,46.0,False,white matter (tractography)
Brain-Stem,Thalamus (R),dti_brain,139.0,False,white matter (tractography)
Brain-Stem,Caudate (R),dti_brain,53.0,False,white matter (tractography)
Brain-Stem,Putamen (R),dti_brain,37.0,False,white matter (tractography)
Brain-Stem,Pallidum (R),dti_brain,26.0,False,white matter (tractography)
Brain-Stem,Hippocampus (R),dti_brain,165.0,False,white matter (tractography)
Brain-Stem,CN III/IV/VI motor neurons (eye muscles),anatomy,1.0,True,cranial nerve efferent
Brain-Stem,"CN V/VII/IX/X/XI/XII motor neurons (jaw, face, pharynx, larynx, neck, tongue)",anatomy,1.0,True,cranial nerve efferent
Brain-Stem,"CN III/VII/IX/X parasympathetic preganglionic (pupil, glands, heart, gut)",anatomy,1.0,True,cranial nerve efferent
Hippocampus (L),Insular Cortex (L),dti_brain,21.0,False,white matter (tractography)
Hippocampus (L),Insular Cortex (R),dti_brain,3.0,False,white matter (tractography)
Hippocampus (L),Superior Frontal Gyrus (L),dti_brain,17.0,False,white matter (tractography)
Hippocampus (L),Middle Frontal Gyrus (L),dti_brain,8.0,False,white matter (tractography)
Hippocampus (L),"Inferior Frontal Gyrus, pars triangularis (L)",dti_brain,1.0,False,white matter (tractography)
Hippocampus (L),"Inferior Frontal Gyrus, pars triangularis (R)",dti_brain,1.0,False,white matter (tractography)
Hippocampus (L),"Inferior Frontal Gyrus, pars opercularis (L)",dti_brain,1.0,False,white matter (tractography)
Hippocampus (L),Precentral Gyrus (L),dti_brain,50.0,False,white matter (tractography)
Hippocampus (L),Precentral Gyrus (R),dti_brain,1.0,False,white matter (tractography)
Hippocampus (L),Temporal Pole (L),dti_brain,50.0,False,white matter (tractography)
Hippocampus (L),Temporal Pole (R),dti_brain,1.0,False,white matter (tractography)
Hippocampus (L),"Superior Temporal Gyrus, anterior division (L)",dti_brain,5.0,False,white matter (tractography)
Hippocampus (L),"Superior Temporal Gyrus, posterior division (L)",dti_brain,9.0,False,white matter (tractography)
Hippocampus (L),"Middle Temporal Gyrus, anterior division (L)",dti_brain,21.0,False,white matter (tractography)
Hippocampus (L),"Middle Temporal Gyrus, posterior division (L)",dti_brain,15.0,False,white matter (tractography)
Hippocampus (L),"Middle Temporal Gyrus, posterior division (R)",dti_brain,4.0,False,white matter (tractography)
Hippocampus (L),"Middle Temporal Gyrus, temporooccipital part (L)",dti_brain,4.0,False,white matter (tractography)
Hippocampus (L),"Middle Temporal Gyrus, temporooccipital part (R)",dti_brain,1.0,False,white matter (tractography)
Hippocampus (L),"Inferior Temporal Gyrus, anterior division (L)",dti_brain,11.0,False,white matter (tractography)
Hippocampus (L),"Inferior Temporal Gyrus, posterior division (L)",dti_brain,41.0,False,white matter (tractography)
Hippocampus (L),"Inferior Temporal Gyrus, posterior division (R)",dti_brain,1.0,False,white matter (tractography)
Hippocampus (L),"Inferior Temporal Gyrus, temporooccipital part (L)",dti_brain,4.0,False,white matter (tractography)
Hippocampus (L),Postcentral Gyrus (L),dti_brain,31.0,False,white matter (tractography)
Hippocampus (L),Postcentral Gyrus (R),dti_brain,4.0,False,white matter (tractography)
Hippocampus (L),Superior Parietal Lobule (L),dti_brain,22.0,False,white matter (tractography)
Hippocampus (L),Superior Parietal Lobule (R),dti_brain,29.0,False,white matter (tractography)
Hippocampus (L),"Supramarginal Gyrus, anterior division (L)",dti_brain,2.0,False,white matter (tractography)
Hippocampus (L),"Supramarginal Gyrus, posterior division (L)",dti_brain,10.0,False,white matter (tractography)
Hippocampus (L),"Supramarginal Gyrus, posterior division (R)",dti_brain,2.0,False,white matter (tractography)
Hippocampus (L),"Lateral Occipital Cortex, superior division (L)",dti_brain,96.0,False,white matter (tractography)
Hippocampus (L),"Lateral Occipital Cortex, superior division (R)",dti_brain,30.0,False,white matter (tractography)
Hippocampus (L),"Lateral Occipital Cortex, inferior division (L)",dti_brain,14.0,False,white matter (tractography)
Hippocampus (L),Intracalcarine Cortex (L),dti_brain,9.0,False,white matter (tractography)
Hippocampus (L),Juxtapositional Lobule Cortex (SMA) (L),dti_brain,2.0,False,white matter (tractography)
Hippocampus (L),Paracingulate Gyrus (L),dti_brain,4.0,False,white matter (tractography)
Hippocampus (L),Paracingulate Gyrus (R),dti_brain,1.0,False,white matter (tractography)
Hippocampus (L),Precuneous Cortex (L),dti_brain,133.0,False,white matter (tractography)
Hippocampus (L),Precuneous Cortex (R),dti_brain,22.0,False,white matter (tractography)
Hippocampus (L),"Parahippocampal Gyrus, anterior division (L)",dti_brain,11.0,False,white matter (tractography)
Hippocampus (L),"Parahippocampal Gyrus, posterior division (L)",dti_brain,21.0,False,white matter (tractography)
Hippocampus (L),Lingual Gyrus (L),dti_brain,32.0,False,white matter (tractography)
Hippocampus (L),Lingual Gyrus (R),dti_brain,1.0,False,white matter (tractography)
Hippocampus (L),"Temporal Fusiform Cortex, anterior division (L)",dti_brain,6.0,False,white matter (tractography)
Hippocampus (L),"Temporal Fusiform Cortex, posterior division (L)",dti_brain,27.0,False,white matter (tractography)
Hippocampus (L),"Temporal Fusiform Cortex, posterior division (R)",dti_brain,1.0,False,white matter (tractography)
Hippocampus (L),Temporal Occipital Fusiform Cortex (L),dti_brain,5.0,False,white matter (tractography)
Hippocampus (L),Occipital Fusiform Gyrus (L),dti_brain,12.0,False,white matter (tractography)
Hippocampus (L),Parietal Operculum Cortex (L),dti_brain,15.0,False,white matter (tractography)
Hippocampus (L),Parietal Operculum Cortex (R),dti_brain,2.0,False,white matter (tractography)
Hippocampus (L),Planum Polare (L),dti_brain,17.0,False,white matter (tractography)
Hippocampus (L),Planum Polare (R),dti_brain,1.0,False,white matter (tractography)
Hippocampus (L),Planum Temporale (L),dti_brain,12.0,False,white matter (tractography)
Hippocampus (L),Planum Temporale (R),dti_brain,1.0,False,white matter (tractography)
Hippocampus (L),Supracalcarine Cortex (L),dti_brain,4.0,False,white matter (tractography)
Hippocampus (L),Supracalcarine Cortex (R),dti_brain,2.0,False,white matter (tractography)
Hippocampus (L),Occipital Pole (L),dti_brain,24.0,False,white matter (tractography)
Hippocampus (L),Occipital Pole (R),dti_brain,1.0,False,white matter (tractography)
Hippocampus (L),Thalamus (L),dti_brain,134.0,False,white matter (tractography)
Hippocampus (L),Putamen (L),dti_brain,26.0,False,white matter (tractography)
Hippocampus (L),Pallidum (L),dti_brain,13.0,False,white matter (tractography)
Hippocampus (L),Thalamus (R),dti_brain,9.0,False,white matter (tractography)
Hippocampus (L),Putamen (R),dti_brain,5.0,False,white matter (tractography)
Hippocampus (L),Hippocampus (R),dti_brain,12.0,False,white matter (tractography)
Amygdala (L),Frontal Pole (L),dti_brain,56.0,False,white matter (tractography)
Amygdala (L),Frontal Pole (R),dti_brain,1.0,False,white matter (tractography)
Amygdala (L),Insular Cortex (L),dti_brain,28.0,False,white matter (tractography)
Amygdala (L),Insular Cortex (R),dti_brain,1.0,False,white matter (tractography)
Amygdala (L),Superior Frontal Gyrus (L),dti_brain,29.0,False,white matter (tractography)
Amygdala (L),Superior Frontal Gyrus (R),dti_brain,1.0,False,white matter (tractography)
Amygdala (L),Middle Frontal Gyrus (L),dti_brain,11.0,False,white matter (tractography)
Amygdala (L),Middle Frontal Gyrus (R),dti_brain,1.0,False,white matter (tractography)
Amygdala (L),"Inferior Frontal Gyrus, pars triangularis (L)",dti_brain,1.0,False,white matter (tractography)
Amygdala (L),Precentral Gyrus (L),dti_brain,279.0,False,white matter (tractography)
Amygdala (L),Temporal Pole (L),dti_brain,13.0,False,white matter (tractography)
Amygdala (L),"Superior Temporal Gyrus, anterior division (L)",dti_brain,3.0,False,white matter (tractography)
Amygdala (L),"Superior Temporal Gyrus, posterior division (L)",dti_brain,2.0,False,white matter (tractography)
Amygdala (L),"Middle Temporal Gyrus, anterior division (L)",dti_brain,3.0,False,white matter (tractography)
Amygdala (L),"Middle Temporal Gyrus, posterior division (L)",dti_brain,11.0,False,white matter (tractography)
Amygdala (L),"Middle Temporal Gyrus, temporooccipital part (L)",dti_brain,3.0,False,white matter (tractography)
Amygdala (L),"Inferior Temporal Gyrus, anterior division (L)",dti_brain,12.0,False,white matter (tractography)
Amygdala (L),"Inferior Temporal Gyrus, posterior division (L)",dti_brain,25.0,False,white matter (tractography)
Amygdala (L),"Inferior Temporal Gyrus, temporooccipital part (L)",dti_brain,16.0,False,white matter (tractography)
Amygdala (L),Postcentral Gyrus (L),dti_brain,89.0,False,white matter (tractography)
Amygdala (L),Postcentral Gyrus (R),dti_brain,1.0,False,white matter (tractography)
Amygdala (L),Superior Parietal Lobule (L),dti_brain,25.0,False,white matter (tractography)
Amygdala (L),Superior Parietal Lobule (R),dti_brain,5.0,False,white matter (tractography)
Amygdala (L),"Supramarginal Gyrus, anterior division (L)",dti_brain,1.0,False,white matter (tractography)
Amygdala (L),"Supramarginal Gyrus, posterior division (L)",dti_brain,15.0,False,white matter (tractography)
Amygdala (L),"Supramarginal Gyrus, posterior division (R)",dti_brain,1.0,False,white matter (tractography)
Amygdala (L),Angular Gyrus (L),dti_brain,7.0,False,white matter (tractography)
Amygdala (L),"Lateral Occipital Cortex, superior division (L)",dti_brain,106.0,False,white matter (tractography)
Amygdala (L),"Lateral Occipital Cortex, superior division (R)",dti_brain,1.0,False,white matter (tractography)
Amygdala (L),"Lateral Occipital Cortex, inferior division (L)",dti_brain,27.0,False,white matter (tractography)
Amygdala (L),Intracalcarine Cortex (L),dti_brain,8.0,False,white matter (tractography)
Amygdala (L),Juxtapositional Lobule Cortex (SMA) (L),dti_brain,8.0,False,white matter (tractography)
Amygdala (L),Juxtapositional Lobule Cortex (SMA) (R),dti_brain,2.0,False,white matter (tractography)
Amygdala (L),Paracingulate Gyrus (L),dti_brain,3.0,False,white matter (tractography)
Amygdala (L),"Cingulate Gyrus, anterior division (L)",dti_brain,6.0,False,white matter (tractography)
Amygdala (L),"Cingulate Gyrus, anterior division (R)",dti_brain,1.0,False,white matter (tractography)
Amygdala (L),"Cingulate Gyrus, posterior division (L)",dti_brain,5.0,False,white matter (tractography)
Amygdala (L),"Cingulate Gyrus, posterior division (R)",dti_brain,2.0,False,white matter (tractography)
Amygdala (L),Precuneous Cortex (L),dti_brain,74.0,False,white matter (tractography)
Amygdala (L),Precuneous Cortex (R),dti_brain,6.0,False,white matter (tractography)
Amygdala (L),Cuneal Cortex (L),dti_brain,15.0,False,white matter (tractography)
Amygdala (L),Frontal Orbital Cortex (L),dti_brain,9.0,False,white matter (tractography)
Amygdala (L),"Parahippocampal Gyrus, anterior division (L)",dti_brain,1.0,False,white matter (tractography)
Amygdala (L),"Parahippocampal Gyrus, posterior division (L)",dti_brain,2.0,False,white matter (tractography)
Amygdala (L),Lingual Gyrus (L),dti_brain,19.0,False,white matter (tractography)
Amygdala (L),"Temporal Fusiform Cortex, anterior division (L)",dti_brain,6.0,False,white matter (tractography)
Amygdala (L),"Temporal Fusiform Cortex, posterior division (L)",dti_brain,3.0,False,white matter (tractography)
Amygdala (L),Temporal Occipital Fusiform Cortex (L),dti_brain,4.0,False,white matter (tractography)
Amygdala (L),Occipital Fusiform Gyrus (L),dti_brain,12.0,False,white matter (tractography)
Amygdala (L),Frontal Operculum Cortex (L),dti_brain,2.0,False,white matter (tractography)
Amygdala (L),Central Opercular Cortex (L),dti_brain,4.0,False,white matter (tractography)
Amygdala (L),Parietal Operculum Cortex (L),dti_brain,8.0,False,white matter (tractography)
Amygdala (L),Parietal Operculum Cortex (R),dti_brain,2.0,False,white matter (tractography)
Amygdala (L),Planum Polare (L),dti_brain,7.0,False,white matter (tractography)
Amygdala (L),Planum Polare (R),dti_brain,1.0,False,white matter (tractography)
Amygdala (L),Heschl's Gyrus (includes H1 and H2) (L),dti_brain,2.0,False,white matter (tractography)
Amygdala (L),Planum Temporale (L),dti_brain,9.0,False,white matter (tractography)
Amygdala (L),Supracalcarine Cortex (L),dti_brain,5.0,False,white matter (tractography)
Amygdala (L),Occipital Pole (L),dti_brain,38.0,False,white matter (tractography)
Amygdala (L),Thalamus (L),dti_brain,77.0,False,white matter (tractography)
Amygdala (L),Caudate (L),dti_brain,46.0,False,white matter (tractography)
Amygdala (L),Putamen (L),dti_brain,46.0,False,white matter (tractography)
Amygdala (L),Pallidum (L),dti_brain,15.0,False,white matter (tractography)
Amygdala (L),Brain-Stem,dti_brain,40.0,False,white matter (tractography)
Amygdala (L),Hippocampus (L),dti_brain,46.0,False,white matter (tractography)
Amygdala (L),Thalamus (R),dti_brain,3.0,False,white matter (tractography)
Amygdala (L),Caudate (R),dti_brain,1.0,False,white matter (tractography)
Amygdala (L),Putamen (R),dti_brain,1.0,False,white matter (tractography)
Amygdala (L),Pallidum (R),dti_brain,1.0,False,white matter (tractography)
Amygdala (L),Hippocampus (R),dti_brain,3.0,False,white matter (tractography)
Accumbens (L),Frontal Pole (L),dti_brain,27.0,False,white matter (tractography)
Accumbens (L),Insular Cortex (L),dti_brain,2.0,False,white matter (tractography)
Accumbens (L),Superior Frontal Gyrus (L),dti_brain,3.0,False,white matter (tractography)
Accumbens (L),Middle Frontal Gyrus (L),dti_brain,3.0,False,white matter (tractography)
Accumbens (L),Precentral Gyrus (L),dti_brain,5.0,False,white matter (tractography)
Accumbens (L),Superior Parietal Lobule (L),dti_brain,1.0,False,white matter (tractography)
Accumbens (L),"Lateral Occipital Cortex, superior division (L)",dti_brain,1.0,False,white matter (tractography)
Accumbens (L),Frontal Medial Cortex (L),dti_brain,4.0,False,white matter (tractography)
Accumbens (L),Frontal Medial Cortex (R),dti_brain,1.0,False,white matter (tractography)
Accumbens (L),Subcallosal Cortex (L),dti_brain,3.0,False,white matter (tractography)
Accumbens (L),Paracingulate Gyrus (L),dti_brain,3.0,False,white matter (tractography)
Accumbens (L),Precuneous Cortex (L),dti_brain,3.0,False,white matter (tractography)
Accumbens (L),Frontal Orbital Cortex (L),dti_brain,10.0,False,white matter (tractography)
Accumbens (L),Planum Polare (L),dti_brain,1.0,False,white matter (tractography)
Accumbens (L),Thalamus (L),dti_brain,34.0,False,white matter (tractography)
Accumbens (L),Caudate (L),dti_brain,12.0,False,white matter (tractography)
Accumbens (L),Putamen (L),dti_brain,11.0,False,white matter (tractography)
Accumbens (L),Pallidum (L),dti_brain,3.0,False,white matter (tractography)
Accumbens (L),Brain-Stem,dti_brain,1.0,False,white matter (tractography)
Accumbens (L),Hippocampus (L),dti_brain,5.0,False,white matter (tractography)
Accumbens (L),Amygdala (L),dti_brain,5.0,False,white matter (tractography)
Accumbens (L),Thalamus (R),dti_brain,7.0,False,white matter (tractography)
Accumbens (L),Caudate (R),dti_brain,1.0,False,white matter (tractography)
Accumbens (L),Amygdala (R),dti_brain,2.0,False,white matter (tractography)
Thalamus (R),Precentral Gyrus (R),anatomy,1.0,True,VL -> M1 thalamocortical
Thalamus (R),Postcentral Gyrus (R),anatomy,1.0,True,VPL -> S1 thalamocortical
Thalamus (R),Reticular formation (R),anatomy,1.0,True,spinoreticular collateral relay
Caudate (R),Frontal Pole (L),dti_brain,14.0,False,white matter (tractography)
Caudate (R),Frontal Pole (R),dti_brain,247.0,False,white matter (tractography)
Caudate (R),Insular Cortex (L),dti_brain,3.0,False,white matter (tractography)
Caudate (R),Insular Cortex (R),dti_brain,53.0,False,white matter (tractography)
Caudate (R),Superior Frontal Gyrus (L),dti_brain,14.0,False,white matter (tractography)
Caudate (R),Superior Frontal Gyrus (R),dti_brain,141.0,False,white matter (tractography)
Caudate (R),Middle Frontal Gyrus (L),dti_brain,3.0,False,white matter (tractography)
Caudate (R),Middle Frontal Gyrus (R),dti_brain,128.0,False,white matter (tractography)
Caudate (R),"Inferior Frontal Gyrus, pars triangularis (R)",dti_brain,4.0,False,white matter (tractography)
Caudate (R),"Inferior Frontal Gyrus, pars opercularis (R)",dti_brain,22.0,False,white matter (tractography)
Caudate (R),Precentral Gyrus (L),dti_brain,8.0,False,white matter (tractography)
Caudate (R),Precentral Gyrus (R),dti_brain,255.0,False,white matter (tractography)
Caudate (R),Temporal Pole (L),dti_brain,1.0,False,white matter (tractography)
Caudate (R),Temporal Pole (R),dti_brain,8.0,False,white matter (tractography)
Caudate (R),"Middle Temporal Gyrus, posterior division (R)",dti_brain,1.0,False,white matter (tractography)
Caudate (R),"Inferior Temporal Gyrus, posterior division (L)",dti_brain,3.0,False,white matter (tractography)
Caudate (R),"Inferior Temporal Gyrus, posterior division (R)",dti_brain,1.0,False,white matter (tractography)
Caudate (R),Postcentral Gyrus (L),dti_brain,1.0,False,white matter (tractography)
Caudate (R),Postcentral Gyrus (R),dti_brain,78.0,False,white matter (tractography)
Caudate (R),Superior Parietal Lobule (R),dti_brain,42.0,False,white matter (tractography)
Caudate (R),"Supramarginal Gyrus, anterior division (R)",dti_brain,10.0,False,white matter (tractography)
Caudate (R),"Supramarginal Gyrus, posterior division (R)",dti_brain,14.0,False,white matter (tractography)
Caudate (R),"Lateral Occipital Cortex, superior division (L)",dti_brain,2.0,False,white matter (tractography)
Caudate (R),"Lateral Occipital Cortex, superior division (R)",dti_brain,12.0,False,white matter (tractography)
Caudate (R),"Lateral Occipital Cortex, inferior division (L)",dti_brain,1.0,False,white matter (tractography)
Caudate (R),Frontal Medial Cortex (R),dti_brain,2.0,False,white matter (tractography)
Caudate (R),Juxtapositional Lobule Cortex (SMA) (L),dti_brain,2.0,False,white matter (tractography)
Caudate (R),Juxtapositional Lobule Cortex (SMA) (R),dti_brain,169.0,False,white matter (tractography)
Caudate (R),Subcallosal Cortex (L),dti_brain,1.0,False,white matter (tractography)
Caudate (R),Subcallosal Cortex (R),dti_brain,2.0,False,white matter (tractography)
Caudate (R),Paracingulate Gyrus (L),dti_brain,4.0,False,white matter (tractography)
Caudate (R),Paracingulate Gyrus (R),dti_brain,106.0,False,white matter (tractography)
Caudate (R),"Cingulate Gyrus, anterior division (L)",dti_brain,14.0,False,white matter (tractography)
Caudate (R),"Cingulate Gyrus, anterior division (R)",dti_brain,47.0,False,white matter (tractography)
Caudate (R),"Cingulate Gyrus, posterior division (R)",dti_brain,23.0,False,white matter (tractography)
Caudate (R),Precuneous Cortex (L),dti_brain,2.0,False,white matter (tractography)
Caudate (R),Precuneous Cortex (R),dti_brain,50.0,False,white matter (tractography)
Caudate (R),Frontal Orbital Cortex (L),dti_brain,2.0,False,white matter (tractography)
Caudate (R),Frontal Orbital Cortex (R),dti_brain,21.0,False,white matter (tractography)
Caudate (R),"Parahippocampal Gyrus, anterior division (R)",dti_brain,1.0,False,white matter (tractography)
Caudate (R),"Temporal Fusiform Cortex, anterior division (R)",dti_brain,1.0,False,white matter (tractography)
Caudate (R),"Temporal Fusiform Cortex, posterior division (R)",dti_brain,2.0,False,white matter (tractography)
Caudate (R),Frontal Operculum Cortex (L),dti_brain,3.0,False,white matter (tractography)
Caudate (R),Frontal Operculum Cortex (R),dti_brain,77.0,False,white matter (tractography)
Caudate (R),Central Opercular Cortex (R),dti_brain,9.0,False,white matter (tractography)
Caudate (R),Parietal Operculum Cortex (R),dti_brain,16.0,False,white matter (tractography)
Caudate (R),Heschl's Gyrus (includes H1 and H2) (R),dti_brain,1.0,False,white matter (tractography)
Caudate (R),Planum Temporale (R),dti_brain,1.0,False,white matter (tractography)
Caudate (R),Occipital Pole (R),dti_brain,2.0,False,white matter (tractography)
Caudate (R),Thalamus (L),dti_brain,13.0,False,white matter (tractography)
Caudate (R),Thalamus (R),dti_brain,138.0,False,white matter (tractography)
Caudate (R),Putamen (R),dti_brain,67.0,False,white matter (tractography)
Caudate (R),Pallidum (R),dti_brain,16.0,False,white matter (tractography)
Caudate (R),Hippocampus (R),dti_brain,31.0,False,white matter (tractography)
Putamen (R),Superior Frontal Gyrus (L),dti_brain,6.0,False,white matter (tractography)
Putamen (R),Superior Frontal Gyrus (R),dti_brain,107.0,False,white matter (tractography)
Putamen (R),Temporal Pole (L),dti_brain,3.0,False,white matter (tractography)
Putamen (R),Temporal Pole (R),dti_brain,40.0,False,white matter (tractography)
Putamen (R),"Superior Temporal Gyrus, anterior division (L)",dti_brain,2.0,False,white matter (tractography)
Putamen (R),Superior Parietal Lobule (R),dti_brain,32.0,False,white matter (tractography)
Putamen (R),"Supramarginal Gyrus, anterior division (R)",dti_brain,20.0,False,white matter (tractography)
Putamen (R),"Supramarginal Gyrus, posterior division (R)",dti_brain,14.0,False,white matter (tractography)
Putamen (R),"Temporal Fusiform Cortex, anterior division (R)",dti_brain,3.0,False,white matter (tractography)
Putamen (R),"Temporal Fusiform Cortex, posterior division (R)",dti_brain,5.0,False,white matter (tractography)
Putamen (R),Temporal Occipital Fusiform Cortex (R),dti_brain,4.0,False,white matter (tractography)
Putamen (R),Supracalcarine Cortex (R),dti_brain,4.0,False,white matter (tractography)
Putamen (R),Thalamus (L),dti_brain,6.0,False,white matter (tractography)
Putamen (R),Thalamus (R),dti_brain,94.0,False,white matter (tractography)
Pallidum (R),Superior Frontal Gyrus (R),dti_brain,18.0,False,white matter (tractography)
Pallidum (R),Precentral Gyrus (R),dti_brain,62.0,False,white matter (tractography)
Pallidum (R),Temporal Pole (R),dti_brain,24.0,False,white matter (tractography)
Pallidum (R),"Superior Temporal Gyrus, anterior division (L)",dti_brain,1.0,False,white matter (tractography)
Pallidum (R),Postcentral Gyrus (L),dti_brain,3.0,False,white matter (tractography)
Pallidum (R),Postcentral Gyrus (R),dti_brain,18.0,False,white matter (tractography)
Pallidum (R),Superior Parietal Lobule (L),dti_brain,3.0,False,white matter (tractography)
Pallidum (R),Superior Parietal Lobule (R),dti_brain,15.0,False,white matter (tractography)
Pallidum (R),"Supramarginal Gyrus, posterior division (R)",dti_brain,3.0,False,white matter (tractography)
Pallidum (R),Subcallosal Cortex (R),dti_brain,1.0,False,white matter (tractography)
Pallidum (R),Paracingulate Gyrus (R),dti_brain,3.0,False,white matter (tractography)
Pallidum (R),Precuneous Cortex (L),dti_brain,4.0,False,white matter (tractography)
Pallidum (R),Precuneous Cortex (R),dti_brain,4.0,False,white matter (tractography)
Pallidum (R),"Parahippocampal Gyrus, anterior division (R)",dti_brain,1.0,False,white matter (tractography)
Pallidum (R),"Parahippocampal Gyrus, posterior division (R)",dti_brain,1.0,False,white matter (tractography)
Pallidum (R),"Temporal Fusiform Cortex, anterior division (L)",dti_brain,1.0,False,white matter (tractography)
Pallidum (R),"Temporal Fusiform Cortex, anterior division (R)",dti_brain,1.0,False,white matter (tractography)
Pallidum (R),"Temporal Fusiform Cortex, posterior division (L)",dti_brain,1.0,False,white matter (tractography)
Pallidum (R),"Temporal Fusiform Cortex, posterior division (R)",dti_brain,4.0,False,white matter (tractography)
Pallidum (R),Temporal Occipital Fusiform Cortex (R),dti_brain,1.0,False,white matter (tractography)
Pallidum (R),Parietal Operculum Cortex (L),dti_brain,1.0,False,white matter (tractography)
Pallidum (R),Parietal Operculum Cortex (R),dti_brain,8.0,False,white matter (tractography)
Pallidum (R),Planum Polare (R),dti_brain,1.0,False,white matter (tractography)
Pallidum (R),Planum Temporale (L),dti_brain,2.0,False,white matter (tractography)
Pallidum (R),Planum Temporale (R),dti_brain,4.0,False,white matter (tractography)
Pallidum (R),Supracalcarine Cortex (R),dti_brain,1.0,False,white matter (tractography)
Pallidum (R),Thalamus (L),dti_brain,2.0,False,white matter (tractography)
Pallidum (R),Putamen (L),dti_brain,1.0,False,white matter (tractography)
Pallidum (R),Thalamus (R),dti_brain,49.0,False,white matter (tractography)
Pallidum (R),Putamen (R),dti_brain,14.0,False,white matter (tractography)
Hippocampus (R),Insular Cortex (R),dti_brain,62.0,False,white matter (tractography)
Hippocampus (R),Superior Frontal Gyrus (L),dti_brain,1.0,False,white matter (tractography)
Hippocampus (R),Superior Frontal Gyrus (R),dti_brain,23.0,False,white matter (tractography)
Hippocampus (R),Middle Frontal Gyrus (L),dti_brain,1.0,False,white matter (tractography)
Hippocampus (R),Middle Frontal Gyrus (R),dti_brain,7.0,False,white matter (tractography)
Hippocampus (R),"Inferior Frontal Gyrus, pars opercularis (R)",dti_brain,11.0,False,white matter (tractography)
Hippocampus (R),Precentral Gyrus (L),dti_brain,4.0,False,white matter (tractography)
Hippocampus (R),Precentral Gyrus (R),dti_brain,124.0,False,white matter (tractography)
Hippocampus (R),Temporal Pole (L),dti_brain,1.0,False,white matter (tractography)
Hippocampus (R),Temporal Pole (R),dti_brain,71.0,False,white matter (tractography)
Hippocampus (R),"Superior Temporal Gyrus, anterior division (L)",dti_brain,2.0,False,white matter (tractography)
Hippocampus (R),"Superior Temporal Gyrus, posterior division (R)",dti_brain,1.0,False,white matter (tractography)
Hippocampus (R),"Middle Temporal Gyrus, anterior division (L)",dti_brain,4.0,False,white matter (tractography)
Hippocampus (R),"Middle Temporal Gyrus, anterior division (R)",dti_brain,13.0,False,white matter (tractography)
Hippocampus (R),"Middle Temporal Gyrus, posterior division (L)",dti_brain,1.0,False,white matter (tractography)
Hippocampus (R),"Middle Temporal Gyrus, posterior division (R)",dti_brain,18.0,False,white matter (tractography)
Hippocampus (R),"Middle Temporal Gyrus, temporooccipital part (R)",dti_brain,6.0,False,white matter (tractography)
Hippocampus (R),"Inferior Temporal Gyrus, anterior division (L)",dti_brain,3.0,False,white matter (tractography)
Hippocampus (R),"Inferior Temporal Gyrus, anterior division (R)",dti_brain,7.0,False,white matter (tractography)
Hippocampus (R),"Inferior Temporal Gyrus, posterior division (L)",dti_brain,6.0,False,white matter (tractography)
Hippocampus (R),"Inferior Temporal Gyrus, posterior division (R)",dti_brain,16.0,False,white matter (tractography)
Hippocampus (R),"Inferior Temporal Gyrus, temporooccipital part (R)",dti_brain,4.0,False,white matter (tractography)
Hippocampus (R),Postcentral Gyrus (L),dti_brain,2.0,False,white matter (tractography)
Hippocampus (R),Postcentral Gyrus (R),dti_brain,76.0,False,white matter (tractography)
Hippocampus (R),Superior Parietal Lobule (L),dti_brain,3.0,False,white matter (tractography)
Hippocampus (R),Superior Parietal Lobule (R),dti_brain,70.0,False,white matter (tractography)
Hippocampus (R),"Supramarginal Gyrus, anterior division (R)",dti_brain,8.0,False,white matter (tractography)
Hippocampus (R),"Supramarginal Gyrus, posterior division (R)",dti_brain,14.0,False,white matter (tractography)
Hippocampus (R),"Lateral Occipital Cortex, superior division (L)",dti_brain,13.0,False,white matter (tractography)
Hippocampus (R),"Lateral Occipital Cortex, superior division (R)",dti_brain,85.0,False,white matter (tractography)
Hippocampus (R),"Lateral Occipital Cortex, inferior division (R)",dti_brain,13.0,False,white matter (tractography)
Hippocampus (R),Intracalcarine Cortex (L),dti_brain,7.0,False,white matter (tractography)
Hippocampus (R),Intracalcarine Cortex (R),dti_brain,5.0,False,white matter (tractography)
Hippocampus (R),Juxtapositional Lobule Cortex (SMA) (R),dti_brain,35.0,False,white matter (tractography)
Hippocampus (R),Subcallosal Cortex (R),dti_brain,3.0,False,white matter (tractography)
Hippocampus (R),Paracingulate Gyrus (R),dti_brain,4.0,False,white matter (tractography)
Hippocampus (R),Precuneous Cortex (L),dti_brain,19.0,False,white matter (tractography)
Hippocampus (R),Precuneous Cortex (R),dti_brain,43.0,False,white matter (tractography)
Hippocampus (R),"Parahippocampal Gyrus, anterior division (R)",dti_brain,3.0,False,white matter (tractography)
Hippocampus (R),"Parahippocampal Gyrus, posterior division (R)",dti_brain,6.0,False,white matter (tractography)
Hippocampus (R),Lingual Gyrus (L),dti_brain,1.0,False,white matter (tractography)
Hippocampus (R),Lingual Gyrus (R),dti_brain,13.0,False,white matter (tractography)
Hippocampus (R),"Temporal Fusiform Cortex, anterior division (R)",dti_brain,2.0,False,white matter (tractography)
Hippocampus (R),"Temporal Fusiform Cortex, posterior division (R)",dti_brain,10.0,False,white matter (tractography)
Hippocampus (R),Temporal Occipital Fusiform Cortex (L),dti_brain,2.0,False,white matter (tractography)
Hippocampus (R),Temporal Occipital Fusiform Cortex (R),dti_brain,13.0,False,white matter (tractography)
Hippocampus (R),Occipital Fusiform Gyrus (L),dti_brain,1.0,False,white matter (tractography)
Hippocampus (R),Occipital Fusiform Gyrus (R),dti_brain,14.0,False,white matter (tractography)
Hippocampus (R),Parietal Operculum Cortex (L),dti_brain,1.0,False,white matter (tractography)
Hippocampus (R),Parietal Operculum Cortex (R),dti_brain,15.0,False,white matter (tractography)
Hippocampus (R),Planum Polare (R),dti_brain,29.0,False,white matter (tractography)
Hippocampus (R),Planum Temporale (L),dti_brain,4.0,False,white matter (tractography)
Hippocampus (R),Planum Temporale (R),dti_brain,16.0,False,white matter (tractography)
Hippocampus (R),Supracalcarine Cortex (L),dti_brain,6.0,False,white matter (tractography)
Hippocampus (R),Supracalcarine Cortex (R),dti_brain,21.0,False,white matter (tractography)
Hippocampus (R),Occipital Pole (L),dti_brain,11.0,False,white matter (tractography)
Hippocampus (R),Occipital Pole (R),dti_brain,21.0,False,white matter (tractography)
Hippocampus (R),Thalamus (L),dti_brain,19.0,False,white matter (tractography)
Hippocampus (R),Putamen (L),dti_brain,3.0,False,white matter (tractography)
Hippocampus (R),Pallidum (L),dti_brain,2.0,False,white matter (tractography)
Hippocampus (R),Thalamus (R),dti_brain,137.0,False,white matter (tractography)
Hippocampus (R),Putamen (R),dti_brain,47.0,False,white matter (tractography)
Hippocampus (R),Pallidum (R),dti_brain,15.0,False,white matter (tractography)
Amygdala (R),Frontal Pole (L),dti_brain,1.0,False,white matter (tractography)
Amygdala (R),Frontal Pole (R),dti_brain,48.0,False,white matter (tractography)
Amygdala (R),Insular Cortex (R),dti_brain,13.0,False,white matter (tractography)
Amygdala (R),Superior Frontal Gyrus (R),dti_brain,45.0,False,white matter (tractography)
Amygdala (R),Middle Frontal Gyrus (R),dti_brain,12.0,False,white matter (tractography)
Amygdala (R),"Inferior Frontal Gyrus, pars triangularis (R)",dti_brain,1.0,False,white matter (tractography)
Amygdala (R),"Inferior Frontal Gyrus, pars opercularis (R)",dti_brain,12.0,False,white matter (tractography)
Amygdala (R),Precentral Gyrus (L),dti_brain,1.0,False,white matter (tractography)
Amygdala (R),Precentral Gyrus (R),dti_brain,105.0,False,white matter (tractography)
Amygdala (R),Temporal Pole (R),dti_brain,62.0,False,white matter (tractography)
Amygdala (R),"Superior Temporal Gyrus, anterior division (R)",dti_brain,2.0,False,white matter (tractography)
Amygdala (R),"Middle Temporal Gyrus, anterior division (L)",dti_brain,1.0,False,white matter (tractography)
Amygdala (R),"Middle Temporal Gyrus, anterior division (R)",dti_brain,4.0,False,white matter (tractography)
Amygdala (R),"Middle Temporal Gyrus, posterior division (R)",dti_brain,1.0,False,white matter (tractography)
Amygdala (R),"Middle Temporal Gyrus, temporooccipital part (R)",dti_brain,2.0,False,white matter (tractography)
Amygdala (R),"Inferior Temporal Gyrus, anterior division (R)",dti_brain,2.0,False,white matter (tractography)
Amygdala (R),"Inferior Temporal Gyrus, posterior division (L)",dti_brain,1.0,False,white matter (tractography)
Amygdala (R),"Inferior Temporal Gyrus, temporooccipital part (R)",dti_brain,2.0,False,white matter (tractography)
Amygdala (R),Postcentral Gyrus (L),dti_brain,2.0,False,white matter (tractography)
Amygdala (R),Postcentral Gyrus (R),dti_brain,44.0,False,white matter (tractography)
Amygdala (R),Superior Parietal Lobule (L),dti_brain,2.0,False,white matter (tractography)
Amygdala (R),Superior Parietal Lobule (R),dti_brain,16.0,False,white matter (tractography)
Amygdala (R),"Supramarginal Gyrus, anterior division (R)",dti_brain,6.0,False,white matter (tractography)
Amygdala (R),"Supramarginal Gyrus, posterior division (R)",dti_brain,5.0,False,white matter (tractography)
Amygdala (R),Angular Gyrus (R),dti_brain,9.0,False,white matter (tractography)
Amygdala (R),"Lateral Occipital Cortex, superior division (L)",dti_brain,2.0,False,white matter (tractography)
Amygdala (R),"Lateral Occipital Cortex, superior division (R)",dti_brain,19.0,False,white matter (tractography)
Amygdala (R),Juxtapositional Lobule Cortex (SMA) (R),dti_brain,20.0,False,white matter (tractography)
Amygdala (R),Subcallosal Cortex (L),dti_brain,1.0,False,white matter (tractography)
Amygdala (R),Subcallosal Cortex (R),dti_brain,6.0,False,white matter (tractography)
Amygdala (R),Paracingulate Gyrus (R),dti_brain,13.0,False,white matter (tractography)
Amygdala (R),"Cingulate Gyrus, anterior division (R)",dti_brain,5.0,False,white matter (tractography)
Amygdala (R),"Cingulate Gyrus, posterior division (R)",dti_brain,5.0,False,white matter (tractography)
Amygdala (R),Precuneous Cortex (R),dti_brain,14.0,False,white matter (tractography)
Amygdala (R),Frontal Orbital Cortex (L),dti_brain,1.0,False,white matter (tractography)
Amygdala (R),Frontal Orbital Cortex (R),dti_brain,7.0,False,white matter (tractography)
Amygdala (R),"Parahippocampal Gyrus, anterior division (R)",dti_brain,1.0,False,white matter (tractography)
Amygdala (R),"Parahippocampal Gyrus, posterior division (R)",dti_brain,1.0,False,white matter (tractography)
Amygdala (R),Lingual Gyrus (R),dti_brain,1.0,False,white matter (tractography)
Amygdala (R),"Temporal Fusiform Cortex, anterior division (L)",dti_brain,1.0,False,white matter (tractography)
Amygdala (R),"Temporal Fusiform Cortex, anterior division (R)",dti_brain,1.0,False,white matter (tractography)
Amygdala (R),"Temporal Fusiform Cortex, posterior division (R)",dti_brain,9.0,False,white matter (tractography)
Amygdala (R),Occipital Fusiform Gyrus (R),dti_brain,1.0,False,white matter (tractography)
Amygdala (R),Frontal Operculum Cortex (R),dti_brain,10.0,False,white matter (tractography)
Amygdala (R),Central Opercular Cortex (R),dti_brain,5.0,False,white matter (tractography)
Amygdala (R),Parietal Operculum Cortex (R),dti_brain,7.0,False,white matter (tractography)
Amygdala (R),Planum Polare (R),dti_brain,7.0,False,white matter (tractography)
Amygdala (R),Heschl's Gyrus (includes H1 and H2) (R),dti_brain,1.0,False,white matter (tractography)
Amygdala (R),Planum Temporale (R),dti_brain,1.0,False,white matter (tractography)
Amygdala (R),Occipital Pole (R),dti_brain,5.0,False,white matter (tractography)
Amygdala (R),Thalamus (L),dti_brain,2.0,False,white matter (tractography)
Amygdala (R),Caudate (L),dti_brain,1.0,False,white matter (tractography)
Amygdala (R),Pallidum (L),dti_brain,1.0,False,white matter (tractography)
Amygdala (R),Brain-Stem,dti_brain,48.0,False,white matter (tractography)
Amygdala (R),Thalamus (R),dti_brain,51.0,False,white matter (tractography)
Amygdala (R),Caudate (R),dti_brain,71.0,False,white matter (tractography)
Amygdala (R),Putamen (R),dti_brain,41.0,False,white matter (tractography)
Amygdala (R),Pallidum (R),dti_brain,8.0,False,white matter (tractography)
Amygdala (R),Hippocampus (R),dti_brain,23.0,False,white matter (tractography)
Accumbens (R),Frontal Pole (R),dti_brain,41.0,False,white matter (tractography)
Accumbens (R),Insular Cortex (R),dti_brain,4.0,False,white matter (tractography)
Accumbens (R),Superior Frontal Gyrus (R),dti_brain,1.0,False,white matter (tractography)
Accumbens (R),Middle Frontal Gyrus (R),dti_brain,10.0,False,white matter (tractography)
Accumbens (R),"Inferior Frontal Gyrus, pars opercularis (R)",dti_brain,3.0,False,white matter (tractography)
Accumbens (R),Precentral Gyrus (R),dti_brain,15.0,False,white matter (tractography)
Accumbens (R),"Middle Temporal Gyrus, posterior division (R)",dti_brain,1.0,False,white matter (tractography)
Accumbens (R),Postcentral Gyrus (R),dti_brain,1.0,False,white matter (tractography)
Accumbens (R),Superior Parietal Lobule (R),dti_brain,1.0,False,white matter (tractography)
Accumbens (R),"Supramarginal Gyrus, posterior division (R)",dti_brain,1.0,False,white matter (tractography)
Accumbens (R),"Lateral Occipital Cortex, superior division (R)",dti_brain,1.0,False,white matter (tractography)
Accumbens (R),"Lateral Occipital Cortex, inferior division (R)",dti_brain,1.0,False,white matter (tractography)
Accumbens (R),Frontal Medial Cortex (R),dti_brain,2.0,False,white matter (tractography)
Accumbens (R),Juxtapositional Lobule Cortex (SMA) (R),dti_brain,7.0,False,white matter (tractography)
Accumbens (R),Subcallosal Cortex (L),dti_brain,1.0,False,white matter (tractography)
Accumbens (R),Subcallosal Cortex (R),dti_brain,2.0,False,white matter (tractography)
Accumbens (R),Paracingulate Gyrus (R),dti_brain,4.0,False,white matter (tractography)
Accumbens (R),"Cingulate Gyrus, anterior division (R)",dti_brain,3.0,False,white matter (tractography)
Accumbens (R),Frontal Orbital Cortex (R),dti_brain,5.0,False,white matter (tractography)
Accumbens (R),Occipital Fusiform Gyrus (R),dti_brain,1.0,False,white matter (tractography)
Accumbens (R),Frontal Operculum Cortex (R),dti_brain,5.0,False,white matter (tractography)
Accumbens (R),Central Opercular Cortex (R),dti_brain,1.0,False,white matter (tractography)
Accumbens (R),Parietal Operculum Cortex (R),dti_brain,1.0,False,white matter (tractography)
Accumbens (R),Heschl's Gyrus (includes H1 and H2) (R),dti_brain,1.0,False,white matter (tractography)
Accumbens (R),Occipital Pole (R),dti_brain,2.0,False,white matter (tractography)
Accumbens (R),Thalamus (L),dti_brain,1.0,False,white matter (tractography)
Accumbens (R),Caudate (L),dti_brain,1.0,False,white matter (tractography)
Accumbens (R),Brain-Stem,dti_brain,13.0,False,white matter (tractography)
Accumbens (R),Thalamus (R),dti_brain,28.0,False,white matter (tractography)
Accumbens (R),Caudate (R),dti_brain,30.0,False,white matter (tractography)
Accumbens (R),Putamen (R),dti_brain,8.0,False,white matter (tractography)
Accumbens (R),Pallidum (R),dti_brain,10.0,False,white matter (tractography)
Accumbens (R),Hippocampus (R),dti_brain,7.0,False,white matter (tractography)
Accumbens (R),Amygdala (R),dti_brain,11.0,False,white matter (tractography)
Gracile nucleus (L),Thalamus (R),anatomy,1.0,True,medial lemniscus (decussates in medulla)
Cuneate nucleus (L),Thalamus (R),anatomy,1.0,True,medial lemniscus (decussates in medulla)
Red nucleus (L),C1 R intermediate zone,pam50_tract,2.295,True,rubrospinal tract (R cord)
Red nucleus (L),C1 R ventral horn,pam50_tract,2.295,True,rubrospinal tract (R cord)
Red nucleus (L),C2 R intermediate zone,pam50_tract,2.0047,True,rubrospinal tract (R cord)
Red nucleus (L),C2 R ventral horn,pam50_tract,2.0047,True,rubrospinal tract (R cord)
Red nucleus (L),C3 R intermediate zone,pam50_tract,2.05,True,rubrospinal tract (R cord)
Red nucleus (L),C3 R ventral horn,pam50_tract,2.05,True,rubrospinal tract (R cord)
Red nucleus (L),C4 R intermediate zone,pam50_tract,1.9574,True,rubrospinal tract (R cord)
Red nucleus (L),C4 R ventral horn,pam50_tract,1.9574,True,rubrospinal tract (R cord)
Red nucleus (L),C5 R intermediate zone,pam50_tract,1.9548,True,rubrospinal tract (R cord)
Red nucleus (L),C5 R ventral horn,pam50_tract,1.9548,True,rubrospinal tract (R cord)
Red nucleus (L),C6 R intermediate zone,pam50_tract,1.9952,True,rubrospinal tract (R cord)
Red nucleus (L),C6 R ventral horn,pam50_tract,1.9952,True,rubrospinal tract (R cord)
Red nucleus (L),C7 R intermediate zone,pam50_tract,1.8325,True,rubrospinal tract (R cord)
Red nucleus (L),C7 R ventral horn,pam50_tract,1.8325,True,rubrospinal tract (R cord)
Red nucleus (L),C8 R intermediate zone,pam50_tract,1.5001,True,rubrospinal tract (R cord)
Red nucleus (L),C8 R ventral horn,pam50_tract,1.5001,True,rubrospinal tract (R cord)
Reticular formation (L),C1 L intermediate zone,pam50_tract,0.1259,True,lateral reticulospinal tract (L cord)
Reticular formation (L),C1 L intermediate zone,pam50_tract,0.3315,True,ventrolateral reticulospinal tract (L cord)
Reticular formation (L),C1 L ventral horn,pam50_tract,0.1259,True,lateral reticulospinal tract (L cord)
Reticular formation (L),C1 L ventral horn,pam50_tract,0.3315,True,ventrolateral reticulospinal tract (L cord)
Reticular formation (L),C1 L ventral horn,pam50_tract,0.5004,True,ventral reticulospinal tract (L cord)
Reticular formation (L),C1 L ventral horn,pam50_tract,0.3174,True,medial reticulospinal tract (L cord)
Reticular formation (L),C2 L intermediate zone,pam50_tract,0.0974,True,lateral reticulospinal tract (L cord)
Reticular formation (L),C2 L intermediate zone,pam50_tract,0.3187,True,ventrolateral reticulospinal tract (L cord)
Reticular formation (L),C2 L ventral horn,pam50_tract,0.0974,True,lateral reticulospinal tract (L cord)
Reticular formation (L),C2 L ventral horn,pam50_tract,0.3187,True,ventrolateral reticulospinal tract (L cord)
Reticular formation (L),C2 L ventral horn,pam50_tract,0.3768,True,ventral reticulospinal tract (L cord)
Reticular formation (L),C2 L ventral horn,pam50_tract,0.2852,True,medial reticulospinal tract (L cord)
Reticular formation (L),C3 L intermediate zone,pam50_tract,0.1128,True,lateral reticulospinal tract (L cord)
Reticular formation (L),C3 L intermediate zone,pam50_tract,0.3417,True,ventrolateral reticulospinal tract (L cord)
Reticular formation (L),C3 L ventral horn,pam50_tract,0.1128,True,lateral reticulospinal tract (L cord)
Reticular formation (L),C3 L ventral horn,pam50_tract,0.3417,True,ventrolateral reticulospinal tract (L cord)
Reticular formation (L),C3 L ventral horn,pam50_tract,0.4227,True,ventral reticulospinal tract (L cord)
Reticular formation (L),C3 L ventral horn,pam50_tract,0.2846,True,medial reticulospinal tract (L cord)
Reticular formation (L),C4 L intermediate zone,pam50_tract,0.1144,True,lateral reticulospinal tract (L cord)
Reticular formation (L),C4 L intermediate zone,pam50_tract,0.4598,True,ventrolateral reticulospinal tract (L cord)
Reticular formation (L),C4 L ventral horn,pam50_tract,0.1144,True,lateral reticulospinal tract (L cord)
Reticular formation (L),C4 L ventral horn,pam50_tract,0.4598,True,ventrolateral reticulospinal tract (L cord)
Reticular formation (L),C4 L ventral horn,pam50_tract,0.5176,True,ventral reticulospinal tract (L cord)
Reticular formation (L),C4 L ventral horn,pam50_tract,0.2945,True,medial reticulospinal tract (L cord)
Reticular formation (L),C5 L intermediate zone,pam50_tract,0.136,True,lateral reticulospinal tract (L cord)
Reticular formation (L),C5 L intermediate zone,pam50_tract,0.7341,True,ventrolateral reticulospinal tract (L cord)
Reticular formation (L),C5 L ventral horn,pam50_tract,0.136,True,lateral reticulospinal tract (L cord)
Reticular formation (L),C5 L ventral horn,pam50_tract,0.7341,True,ventrolateral reticulospinal tract (L cord)
Reticular formation (L),C5 L ventral horn,pam50_tract,0.6792,True,ventral reticulospinal tract (L cord)
Reticular formation (L),C5 L ventral horn,pam50_tract,0.3178,True,medial reticulospinal tract (L cord)
Reticular formation (L),C6 L intermediate zone,pam50_tract,0.1436,True,lateral reticulospinal tract (L cord)
Reticular formation (L),C6 L intermediate zone,pam50_tract,0.893,True,ventrolateral reticulospinal tract (L cord)
Reticular formation (L),C6 L ventral horn,pam50_tract,0.1436,True,lateral reticulospinal tract (L cord)
Reticular formation (L),C6 L ventral horn,pam50_tract,0.893,True,ventrolateral reticulospinal tract (L cord)
Reticular formation (L),C6 L ventral horn,pam50_tract,0.8533,True,ventral reticulospinal tract (L cord)
Reticular formation (L),C6 L ventral horn,pam50_tract,0.35,True,medial reticulospinal tract (L cord)
Reticular formation (L),C7 L intermediate zone,pam50_tract,0.1248,True,lateral reticulospinal tract (L cord)
Reticular formation (L),C7 L intermediate zone,pam50_tract,0.8206,True,ventrolateral reticulospinal tract (L cord)
Reticular formation (L),C7 L ventral horn,pam50_tract,0.1248,True,lateral reticulospinal tract (L cord)
Reticular formation (L),C7 L ventral horn,pam50_tract,0.8206,True,ventrolateral reticulospinal tract (L cord)
Reticular formation (L),C7 L ventral horn,pam50_tract,0.8555,True,ventral reticulospinal tract (L cord)
Reticular formation (L),C7 L ventral horn,pam50_tract,0.3445,True,medial reticulospinal tract (L cord)
Reticular formation (L),C8 L intermediate zone,pam50_tract,0.1022,True,lateral reticulospinal tract (L cord)
Reticular formation (L),C8 L intermediate zone,pam50_tract,0.7219,True,ventrolateral reticulospinal tract (L cord)
Reticular formation (L),C8 L ventral horn,pam50_tract,0.1022,True,lateral reticulospinal tract (L cord)
Reticular formation (L),C8 L ventral horn,pam50_tract,0.7219,True,ventrolateral reticulospinal tract (L cord)
Reticular formation (L),C8 L ventral horn,pam50_tract,0.7991,True,ventral reticulospinal tract (L cord)
Reticular formation (L),C8 L ventral horn,pam50_tract,0.2697,True,medial reticulospinal tract (L cord)
Reticular formation (L),T1 L intermediate zone,pam50_tract,0.0639,True,lateral reticulospinal tract (L cord)
Reticular formation (L),T1 L intermediate zone,pam50_tract,0.4776,True,ventrolateral reticulospinal tract (L cord)
Reticular formation (L),T1 L ventral horn,pam50_tract,0.0639,True,lateral reticulospinal tract (L cord)
Reticular formation (L),T1 L ventral horn,pam50_tract,0.4776,True,ventrolateral reticulospinal tract (L cord)
Reticular formation (L),T1 L ventral horn,pam50_tract,0.6346,True,ventral reticulospinal tract (L cord)
Reticular formation (L),T1 L ventral horn,pam50_tract,0.2545,True,medial reticulospinal tract (L cord)
Reticular formation (L),T2 L intermediate zone,pam50_tract,0.0564,True,lateral reticulospinal tract (L cord)
Reticular formation (L),T2 L intermediate zone,pam50_tract,0.302,True,ventrolateral reticulospinal tract (L cord)
Reticular formation (L),T2 L ventral horn,pam50_tract,0.0564,True,lateral reticulospinal tract (L cord)
Reticular formation (L),T2 L ventral horn,pam50_tract,0.302,True,ventrolateral reticulospinal tract (L cord)
Reticular formation (L),T2 L ventral horn,pam50_tract,0.5476,True,ventral reticulospinal tract (L cord)
Reticular formation (L),T2 L ventral horn,pam50_tract,0.2427,True,medial reticulospinal tract (L cord)
Reticular formation (L),T3 L intermediate zone,pam50_tract,0.0513,True,lateral reticulospinal tract (L cord)
Reticular formation (L),T3 L intermediate zone,pam50_tract,0.2587,True,ventrolateral reticulospinal tract (L cord)
Reticular formation (L),T3 L ventral horn,pam50_tract,0.0513,True,lateral reticulospinal tract (L cord)
Reticular formation (L),T3 L ventral horn,pam50_tract,0.2587,True,ventrolateral reticulospinal tract (L cord)
Reticular formation (L),T3 L ventral horn,pam50_tract,0.527,True,ventral reticulospinal tract (L cord)
Reticular formation (L),T3 L ventral horn,pam50_tract,0.2111,True,medial reticulospinal tract (L cord)
Reticular formation (L),L3 L intermediate zone,pam50_tract,0.0596,True,lateral reticulospinal tract (L cord)
Reticular formation (L),L3 L intermediate zone,pam50_tract,0.3095,True,ventrolateral reticulospinal tract (L cord)
Reticular formation (L),L3 L ventral horn,pam50_tract,0.0596,True,lateral reticulospinal tract (L cord)
Reticular formation (L),L3 L ventral horn,pam50_tract,0.3095,True,ventrolateral reticulospinal tract (L cord)
Reticular formation (L),L3 L ventral horn,pam50_tract,0.1338,True,ventral reticulospinal tract (L cord)
Reticular formation (L),L3 L ventral horn,pam50_tract,0.3461,True,medial reticulospinal tract (L cord)
Reticular formation (L),T4 L intermediate zone,pam50_tract,0.234,True,ventrolateral reticulospinal tract (L cord)
Reticular formation (L),T4 L ventral horn,pam50_tract,0.234,True,ventrolateral reticulospinal tract (L cord)
Reticular formation (L),T4 L ventral horn,pam50_tract,0.5192,True,ventral reticulospinal tract (L cord)
Reticular formation (L),T4 L ventral horn,pam50_tract,0.1848,True,medial reticulospinal tract (L cord)
Reticular formation (L),T5 L intermediate zone,pam50_tract,0.196,True,ventrolateral reticulospinal tract (L cord)
Reticular formation (L),T5 L ventral horn,pam50_tract,0.196,True,ventrolateral reticulospinal tract (L cord)
Reticular formation (L),T5 L ventral horn,pam50_tract,0.4506,True,ventral reticulospinal tract (L cord)
Reticular formation (L),T5 L ventral horn,pam50_tract,0.1468,True,medial reticulospinal tract (L cord)
Reticular formation (L),T6 L intermediate zone,pam50_tract,0.1913,True,ventrolateral reticulospinal tract (L cord)
Reticular formation (L),T6 L ventral horn,pam50_tract,0.1913,True,ventrolateral reticulospinal tract (L cord)
Reticular formation (L),T6 L ventral horn,pam50_tract,0.4153,True,ventral reticulospinal tract (L cord)
Reticular formation (L),T6 L ventral horn,pam50_tract,0.1285,True,medial reticulospinal tract (L cord)
Reticular formation (L),T7 L intermediate zone,pam50_tract,0.2413,True,ventrolateral reticulospinal tract (L cord)
Reticular formation (L),T7 L ventral horn,pam50_tract,0.2413,True,ventrolateral reticulospinal tract (L cord)
Reticular formation (L),T7 L ventral horn,pam50_tract,0.4195,True,ventral reticulospinal tract (L cord)
Reticular formation (L),T7 L ventral horn,pam50_tract,0.1638,True,medial reticulospinal tract (L cord)
Reticular formation (L),T8 L intermediate zone,pam50_tract,0.3119,True,ventrolateral reticulospinal tract (L cord)
Reticular formation (L),T8 L ventral horn,pam50_tract,0.3119,True,ventrolateral reticulospinal tract (L cord)
Reticular formation (L),T8 L ventral horn,pam50_tract,0.4177,True,ventral reticulospinal tract (L cord)
Reticular formation (L),T8 L ventral horn,pam50_tract,0.1847,True,medial reticulospinal tract (L cord)
Reticular formation (L),T9 L intermediate zone,pam50_tract,0.3897,True,ventrolateral reticulospinal tract (L cord)
Reticular formation (L),T9 L ventral horn,pam50_tract,0.3897,True,ventrolateral reticulospinal tract (L cord)
Reticular formation (L),T9 L ventral horn,pam50_tract,0.4313,True,ventral reticulospinal tract (L cord)
Reticular formation (L),T9 L ventral horn,pam50_tract,0.2002,True,medial reticulospinal tract (L cord)
Reticular formation (L),T10 L intermediate zone,pam50_tract,0.3862,True,ventrolateral reticulospinal tract (L cord)
Reticular formation (L),T10 L ventral horn,pam50_tract,0.3862,True,ventrolateral reticulospinal tract (L cord)
Reticular formation (L),T10 L ventral horn,pam50_tract,0.4647,True,ventral reticulospinal tract (L cord)
Reticular formation (L),T10 L ventral horn,pam50_tract,0.2107,True,medial reticulospinal tract (L cord)
Reticular formation (L),T11 L intermediate zone,pam50_tract,0.3797,True,ventrolateral reticulospinal tract (L cord)
Reticular formation (L),T11 L ventral horn,pam50_tract,0.3797,True,ventrolateral reticulospinal tract (L cord)
Reticular formation (L),T11 L ventral horn,pam50_tract,0.5542,True,ventral reticulospinal tract (L cord)
Reticular formation (L),T11 L ventral horn,pam50_tract,0.1661,True,medial reticulospinal tract (L cord)
Reticular formation (L),T12 L intermediate zone,pam50_tract,0.4546,True,ventrolateral reticulospinal tract (L cord)
Reticular formation (L),T12 L ventral horn,pam50_tract,0.4546,True,ventrolateral reticulospinal tract (L cord)
Reticular formation (L),T12 L ventral horn,pam50_tract,0.5412,True,ventral reticulospinal tract (L cord)
Reticular formation (L),T12 L ventral horn,pam50_tract,0.1792,True,medial reticulospinal tract (L cord)
Reticular formation (L),L1 L intermediate zone,pam50_tract,0.3857,True,ventrolateral reticulospinal tract (L cord)
Reticular formation (L),L1 L ventral horn,pam50_tract,0.3857,True,ventrolateral reticulospinal tract (L cord)
Reticular formation (L),L1 L ventral horn,pam50_tract,0.4029,True,ventral reticulospinal tract (L cord)
Reticular formation (L),L1 L ventral horn,pam50_tract,0.2812,True,medial reticulospinal tract (L cord)
Reticular formation (L),L2 L intermediate zone,pam50_tract,0.331,True,ventrolateral reticulospinal tract (L cord)
Reticular formation (L),L2 L ventral horn,pam50_tract,0.331,True,ventrolateral reticulospinal tract (L cord)
Reticular formation (L),L2 L ventral horn,pam50_tract,0.2532,True,ventral reticulospinal tract (L cord)
Reticular formation (L),L2 L ventral horn,pam50_tract,0.3529,True,medial reticulospinal tract (L cord)
Reticular formation (L),L4 L intermediate zone,pam50_tract,0.3131,True,ventrolateral reticulospinal tract (L cord)
Reticular formation (L),L4 L ventral horn,pam50_tract,0.3131,True,ventrolateral reticulospinal tract (L cord)
Reticular formation (L),L4 L ventral horn,pam50_tract,0.2947,True,medial reticulospinal tract (L cord)
Reticular formation (L),L5 L intermediate zone,pam50_tract,0.2332,True,ventrolateral reticulospinal tract (L cord)
Reticular formation (L),L5 L ventral horn,pam50_tract,0.2332,True,ventrolateral reticulospinal tract (L cord)
Reticular formation (L),L5 L ventral horn,pam50_tract,0.2175,True,medial reticulospinal tract (L cord)
Reticular formation (L),S1 L intermediate zone,pam50_tract,0.1696,True,ventrolateral reticulospinal tract (L cord)
Reticular formation (L),S1 L ventral horn,pam50_tract,0.1696,True,ventrolateral reticulospinal tract (L cord)
Reticular formation (L),S1 L ventral horn,pam50_tract,0.1464,True,medial reticulospinal tract (L cord)
Reticular formation (L),S2 L intermediate zone,pam50_tract,0.055,True,ventrolateral reticulospinal tract (L cord)
Reticular formation (L),S2 L ventral horn,pam50_tract,0.055,True,ventrolateral reticulospinal tract (L cord)
Vestibular nuclei (L),Cerebellum (L),anatomy,1.0,True,vestibulocerebellar
Vestibular nuclei (L),C1 L ventral horn,pam50_tract,0.44,True,lateral vestibulospinal tract (L cord)
Vestibular nuclei (L),C1 L ventral horn,pam50_tract,0.2997,True,medial longitudinal fasciculus tract (L cord)
Vestibular nuclei (L),C2 L ventral horn,pam50_tract,0.3744,True,lateral vestibulospinal tract (L cord)
Vestibular nuclei (L),C2 L ventral horn,pam50_tract,0.2834,True,medial longitudinal fasciculus tract (L cord)
Vestibular nuclei (L),C3 L ventral horn,pam50_tract,0.4176,True,lateral vestibulospinal tract (L cord)
Vestibular nuclei (L),C3 L ventral horn,pam50_tract,0.265,True,medial longitudinal fasciculus tract (L cord)
Vestibular nuclei (L),C4 L ventral horn,pam50_tract,0.5296,True,lateral vestibulospinal tract (L cord)
Vestibular nuclei (L),C4 L ventral horn,pam50_tract,0.2452,True,medial longitudinal fasciculus tract (L cord)
Vestibular nuclei (L),C5 L ventral horn,pam50_tract,0.7599,True,lateral vestibulospinal tract (L cord)
Vestibular nuclei (L),C5 L ventral horn,pam50_tract,0.2217,True,medial longitudinal fasciculus tract (L cord)
Vestibular nuclei (L),C6 L ventral horn,pam50_tract,0.9088,True,lateral vestibulospinal tract (L cord)
Vestibular nuclei (L),C6 L ventral horn,pam50_tract,0.214,True,medial longitudinal fasciculus tract (L cord)
Vestibular nuclei (L),C7 L ventral horn,pam50_tract,0.9248,True,lateral vestibulospinal tract (L cord)
Vestibular nuclei (L),C7 L ventral horn,pam50_tract,0.2454,True,medial longitudinal fasciculus tract (L cord)
Vestibular nuclei (L),C8 L ventral horn,pam50_tract,0.8788,True,lateral vestibulospinal tract (L cord)
Vestibular nuclei (L),C8 L ventral horn,pam50_tract,0.2123,True,medial longitudinal fasciculus tract (L cord)
Vestibular nuclei (L),T1 L ventral horn,pam50_tract,0.6398,True,lateral vestibulospinal tract (L cord)
Vestibular nuclei (L),T1 L ventral horn,pam50_tract,0.2326,True,medial longitudinal fasciculus tract (L cord)
Vestibular nuclei (L),T2 L ventral horn,pam50_tract,0.4893,True,lateral vestibulospinal tract (L cord)
Vestibular nuclei (L),T3 L ventral horn,pam50_tract,0.4462,True,lateral vestibulospinal tract (L cord)
Vestibular nuclei (L),T4 L ventral horn,pam50_tract,0.4075,True,lateral vestibulospinal tract (L cord)
Vestibular nuclei (L),T5 L ventral horn,pam50_tract,0.3479,True,lateral vestibulospinal tract (L cord)
Vestibular nuclei (L),T6 L ventral horn,pam50_tract,0.3194,True,lateral vestibulospinal tract (L cord)
Vestibular nuclei (L),T7 L ventral horn,pam50_tract,0.3668,True,lateral vestibulospinal tract (L cord)
Vestibular nuclei (L),T8 L ventral horn,pam50_tract,0.4036,True,lateral vestibulospinal tract (L cord)
Vestibular nuclei (L),T9 L ventral horn,pam50_tract,0.4522,True,lateral vestibulospinal tract (L cord)
Vestibular nuclei (L),T10 L ventral horn,pam50_tract,0.4647,True,lateral vestibulospinal tract (L cord)
Vestibular nuclei (L),T11 L ventral horn,pam50_tract,0.503,True,lateral vestibulospinal tract (L cord)
Vestibular nuclei (L),T12 L ventral horn,pam50_tract,0.5534,True,lateral vestibulospinal tract (L cord)
Vestibular nuclei (L),L1 L ventral horn,pam50_tract,0.4968,True,lateral vestibulospinal tract (L cord)
Vestibular nuclei (L),L2 L ventral horn,pam50_tract,0.4532,True,lateral vestibulospinal tract (L cord)
Vestibular nuclei (L),L3 L ventral horn,pam50_tract,0.3858,True,lateral vestibulospinal tract (L cord)
Vestibular nuclei (L),L4 L ventral horn,pam50_tract,0.2513,True,lateral vestibulospinal tract (L cord)
Vestibular nuclei (L),L5 L ventral horn,pam50_tract,0.1484,True,lateral vestibulospinal tract (L cord)
Vestibular nuclei (L),S1 L ventral horn,pam50_tract,0.0698,True,lateral vestibulospinal tract (L cord)
Superior colliculus (L),C1 R ventral horn,pam50_tract,0.5664,True,tectospinal tract (R cord)
Superior colliculus (L),C2 R ventral horn,pam50_tract,0.5572,True,tectospinal tract (R cord)
Superior colliculus (L),C3 R ventral horn,pam50_tract,0.6411,True,tectospinal tract (R cord)
Superior colliculus (L),C4 R ventral horn,pam50_tract,0.7125,True,tectospinal tract (R cord)
Inferior olive (L),Cerebellum (R),anatomy,1.0,True,climbing fibres
Cerebellum (L),Red nucleus (R),anatomy,1.0,True,dentatorubral
Cerebellum (L),Thalamus (R),anatomy,1.0,True,dentatothalamic
Cerebellum (L),Vestibular nuclei (L),anatomy,1.0,True,cerebellovestibular
Gracile nucleus (R),Thalamus (L),anatomy,1.0,True,medial lemniscus (decussates in medulla)
Cuneate nucleus (R),Thalamus (L),anatomy,1.0,True,medial lemniscus (decussates in medulla)
Red nucleus (R),C1 L intermediate zone,pam50_tract,2.2946,True,rubrospinal tract (L cord)
Red nucleus (R),C1 L ventral horn,pam50_tract,2.2946,True,rubrospinal tract (L cord)
Red nucleus (R),C2 L intermediate zone,pam50_tract,2.0046,True,rubrospinal tract (L cord)
Red nucleus (R),C2 L ventral horn,pam50_tract,2.0046,True,rubrospinal tract (L cord)
Red nucleus (R),C3 L intermediate zone,pam50_tract,2.0498,True,rubrospinal tract (L cord)
Red nucleus (R),C3 L ventral horn,pam50_tract,2.0498,True,rubrospinal tract (L cord)
Red nucleus (R),C4 L intermediate zone,pam50_tract,1.9571,True,rubrospinal tract (L cord)
Red nucleus (R),C4 L ventral horn,pam50_tract,1.9571,True,rubrospinal tract (L cord)
Red nucleus (R),C5 L intermediate zone,pam50_tract,1.9539,True,rubrospinal tract (L cord)
Red nucleus (R),C5 L ventral horn,pam50_tract,1.9539,True,rubrospinal tract (L cord)
Red nucleus (R),C6 L intermediate zone,pam50_tract,1.9934,True,rubrospinal tract (L cord)
Red nucleus (R),C6 L ventral horn,pam50_tract,1.9934,True,rubrospinal tract (L cord)
Red nucleus (R),C7 L intermediate zone,pam50_tract,1.8312,True,rubrospinal tract (L cord)
Red nucleus (R),C7 L ventral horn,pam50_tract,1.8312,True,rubrospinal tract (L cord)
Red nucleus (R),C8 L intermediate zone,pam50_tract,1.4991,True,rubrospinal tract (L cord)
Red nucleus (R),C8 L ventral horn,pam50_tract,1.4991,True,rubrospinal tract (L cord)
Reticular formation (R),C1 R intermediate zone,pam50_tract,0.1259,True,lateral reticulospinal tract (R cord)
Reticular formation (R),C1 R intermediate zone,pam50_tract,0.3316,True,ventrolateral reticulospinal tract (R cord)
Reticular formation (R),C1 R ventral horn,pam50_tract,0.1259,True,lateral reticulospinal tract (R cord)
Reticular formation (R),C1 R ventral horn,pam50_tract,0.3316,True,ventrolateral reticulospinal tract (R cord)
Reticular formation (R),C1 R ventral horn,pam50_tract,0.5028,True,ventral reticulospinal tract (R cord)
Reticular formation (R),C1 R ventral horn,pam50_tract,0.3174,True,medial reticulospinal tract (R cord)
Reticular formation (R),C2 R intermediate zone,pam50_tract,0.0974,True,lateral reticulospinal tract (R cord)
Reticular formation (R),C2 R intermediate zone,pam50_tract,0.3187,True,ventrolateral reticulospinal tract (R cord)
Reticular formation (R),C2 R ventral horn,pam50_tract,0.0974,True,lateral reticulospinal tract (R cord)
Reticular formation (R),C2 R ventral horn,pam50_tract,0.3187,True,ventrolateral reticulospinal tract (R cord)
Reticular formation (R),C2 R ventral horn,pam50_tract,0.3794,True,ventral reticulospinal tract (R cord)
Reticular formation (R),C2 R ventral horn,pam50_tract,0.2852,True,medial reticulospinal tract (R cord)
Reticular formation (R),C3 R intermediate zone,pam50_tract,0.1128,True,lateral reticulospinal tract (R cord)
Reticular formation (R),C3 R intermediate zone,pam50_tract,0.3417,True,ventrolateral reticulospinal tract (R cord)
Reticular formation (R),C3 R ventral horn,pam50_tract,0.1128,True,lateral reticulospinal tract (R cord)
Reticular formation (R),C3 R ventral horn,pam50_tract,0.3417,True,ventrolateral reticulospinal tract (R cord)
Reticular formation (R),C3 R ventral horn,pam50_tract,0.4255,True,ventral reticulospinal tract (R cord)
Reticular formation (R),C3 R ventral horn,pam50_tract,0.2846,True,medial reticulospinal tract (R cord)
Reticular formation (R),C4 R intermediate zone,pam50_tract,0.1144,True,lateral reticulospinal tract (R cord)
Reticular formation (R),C4 R intermediate zone,pam50_tract,0.4598,True,ventrolateral reticulospinal tract (R cord)
Reticular formation (R),C4 R ventral horn,pam50_tract,0.1144,True,lateral reticulospinal tract (R cord)
Reticular formation (R),C4 R ventral horn,pam50_tract,0.4598,True,ventrolateral reticulospinal tract (R cord)
Reticular formation (R),C4 R ventral horn,pam50_tract,0.5211,True,ventral reticulospinal tract (R cord)
Reticular formation (R),C4 R ventral horn,pam50_tract,0.2945,True,medial reticulospinal tract (R cord)
Reticular formation (R),C5 R intermediate zone,pam50_tract,0.136,True,lateral reticulospinal tract (R cord)
Reticular formation (R),C5 R intermediate zone,pam50_tract,0.7341,True,ventrolateral reticulospinal tract (R cord)
Reticular formation (R),C5 R ventral horn,pam50_tract,0.136,True,lateral reticulospinal tract (R cord)
Reticular formation (R),C5 R ventral horn,pam50_tract,0.7341,True,ventrolateral reticulospinal tract (R cord)
Reticular formation (R),C5 R ventral horn,pam50_tract,0.6828,True,ventral reticulospinal tract (R cord)
Reticular formation (R),C5 R ventral horn,pam50_tract,0.3178,True,medial reticulospinal tract (R cord)
Reticular formation (R),C6 R intermediate zone,pam50_tract,0.1436,True,lateral reticulospinal tract (R cord)
Reticular formation (R),C6 R intermediate zone,pam50_tract,0.893,True,ventrolateral reticulospinal tract (R cord)
Reticular formation (R),C6 R ventral horn,pam50_tract,0.1436,True,lateral reticulospinal tract (R cord)
Reticular formation (R),C6 R ventral horn,pam50_tract,0.893,True,ventrolateral reticulospinal tract (R cord)
Reticular formation (R),C6 R ventral horn,pam50_tract,0.8583,True,ventral reticulospinal tract (R cord)
Reticular formation (R),C6 R ventral horn,pam50_tract,0.35,True,medial reticulospinal tract (R cord)
Reticular formation (R),C7 R intermediate zone,pam50_tract,0.1248,True,lateral reticulospinal tract (R cord)
Reticular formation (R),C7 R intermediate zone,pam50_tract,0.8206,True,ventrolateral reticulospinal tract (R cord)
Reticular formation (R),C7 R ventral horn,pam50_tract,0.1248,True,lateral reticulospinal tract (R cord)
Reticular formation (R),C7 R ventral horn,pam50_tract,0.8206,True,ventrolateral reticulospinal tract (R cord)
Reticular formation (R),C7 R ventral horn,pam50_tract,0.8603,True,ventral reticulospinal tract (R cord)
Reticular formation (R),C7 R ventral horn,pam50_tract,0.3445,True,medial reticulospinal tract (R cord)
Reticular formation (R),C8 R intermediate zone,pam50_tract,0.1022,True,lateral reticulospinal tract (R cord)
Reticular formation (R),C8 R intermediate zone,pam50_tract,0.7219,True,ventrolateral reticulospinal tract (R cord)
Reticular formation (R),C8 R ventral horn,pam50_tract,0.1022,True,lateral reticulospinal tract (R cord)
Reticular formation (R),C8 R ventral horn,pam50_tract,0.7219,True,ventrolateral reticulospinal tract (R cord)
Reticular formation (R),C8 R ventral horn,pam50_tract,0.8032,True,ventral reticulospinal tract (R cord)
Reticular formation (R),C8 R ventral horn,pam50_tract,0.2697,True,medial reticulospinal tract (R cord)
Reticular formation (R),T1 R intermediate zone,pam50_tract,0.0639,True,lateral reticulospinal tract (R cord)
Reticular formation (R),T1 R intermediate zone,pam50_tract,0.4776,True,ventrolateral reticulospinal tract (R cord)
Reticular formation (R),T1 R ventral horn,pam50_tract,0.0639,True,lateral reticulospinal tract (R cord)
Reticular formation (R),T1 R ventral horn,pam50_tract,0.4776,True,ventrolateral reticulospinal tract (R cord)
Reticular formation (R),T1 R ventral horn,pam50_tract,0.6388,True,ventral reticulospinal tract (R cord)
Reticular formation (R),T1 R ventral horn,pam50_tract,0.2545,True,medial reticulospinal tract (R cord)
Reticular formation (R),T2 R intermediate zone,pam50_tract,0.0564,True,lateral reticulospinal tract (R cord)
Reticular formation (R),T2 R intermediate zone,pam50_tract,0.302,True,ventrolateral reticulospinal tract (R cord)
Reticular formation (R),T2 R ventral horn,pam50_tract,0.0564,True,lateral reticulospinal tract (R cord)
Reticular formation (R),T2 R ventral horn,pam50_tract,0.302,True,ventrolateral reticulospinal tract (R cord)
Reticular formation (R),T2 R ventral horn,pam50_tract,0.5509,True,ventral reticulospinal tract (R cord)
Reticular formation (R),T2 R ventral horn,pam50_tract,0.2427,True,medial reticulospinal tract (R cord)
Reticular formation (R),T3 R intermediate zone,pam50_tract,0.0513,True,lateral reticulospinal tract (R cord)
Reticular formation (R),T3 R intermediate zone,pam50_tract,0.2587,True,ventrolateral reticulospinal tract (R cord)
Reticular formation (R),T3 R ventral horn,pam50_tract,0.0513,True,lateral reticulospinal tract (R cord)
Reticular formation (R),T3 R ventral horn,pam50_tract,0.2587,True,ventrolateral reticulospinal tract (R cord)
Reticular formation (R),T3 R ventral horn,pam50_tract,0.5292,True,ventral reticulospinal tract (R cord)
Reticular formation (R),T3 R ventral horn,pam50_tract,0.2111,True,medial reticulospinal tract (R cord)
Reticular formation (R),L3 R intermediate zone,pam50_tract,0.0596,True,lateral reticulospinal tract (R cord)
Reticular formation (R),L3 R intermediate zone,pam50_tract,0.3095,True,ventrolateral reticulospinal tract (R cord)
Reticular formation (R),L3 R ventral horn,pam50_tract,0.0596,True,lateral reticulospinal tract (R cord)
Reticular formation (R),L3 R ventral horn,pam50_tract,0.3095,True,ventrolateral reticulospinal tract (R cord)
Reticular formation (R),L3 R ventral horn,pam50_tract,0.1341,True,ventral reticulospinal tract (R cord)
Reticular formation (R),L3 R ventral horn,pam50_tract,0.3461,True,medial reticulospinal tract (R cord)
Reticular formation (R),T4 R intermediate zone,pam50_tract,0.234,True,ventrolateral reticulospinal tract (R cord)
Reticular formation (R),T4 R ventral horn,pam50_tract,0.234,True,ventrolateral reticulospinal tract (R cord)
Reticular formation (R),T4 R ventral horn,pam50_tract,0.5213,True,ventral reticulospinal tract (R cord)
Reticular formation (R),T4 R ventral horn,pam50_tract,0.1848,True,medial reticulospinal tract (R cord)
Reticular formation (R),T5 R intermediate zone,pam50_tract,0.196,True,ventrolateral reticulospinal tract (R cord)
Reticular formation (R),T5 R ventral horn,pam50_tract,0.196,True,ventrolateral reticulospinal tract (R cord)
Reticular formation (R),T5 R ventral horn,pam50_tract,0.4525,True,ventral reticulospinal tract (R cord)
Reticular formation (R),T5 R ventral horn,pam50_tract,0.1468,True,medial reticulospinal tract (R cord)
Reticular formation (R),T6 R intermediate zone,pam50_tract,0.1913,True,ventrolateral reticulospinal tract (R cord)
Reticular formation (R),T6 R ventral horn,pam50_tract,0.1913,True,ventrolateral reticulospinal tract (R cord)
Reticular formation (R),T6 R ventral horn,pam50_tract,0.4175,True,ventral reticulospinal tract (R cord)
Reticular formation (R),T6 R ventral horn,pam50_tract,0.1285,True,medial reticulospinal tract (R cord)
Reticular formation (R),T7 R intermediate zone,pam50_tract,0.2413,True,ventrolateral reticulospinal tract (R cord)
Reticular formation (R),T7 R ventral horn,pam50_tract,0.2413,True,ventrolateral reticulospinal tract (R cord)
Reticular formation (R),T7 R ventral horn,pam50_tract,0.4219,True,ventral reticulospinal tract (R cord)
Reticular formation (R),T7 R ventral horn,pam50_tract,0.1638,True,medial reticulospinal tract (R cord)
Reticular formation (R),T8 R intermediate zone,pam50_tract,0.3119,True,ventrolateral reticulospinal tract (R cord)
Reticular formation (R),T8 R ventral horn,pam50_tract,0.3119,True,ventrolateral reticulospinal tract (R cord)
Reticular formation (R),T8 R ventral horn,pam50_tract,0.4208,True,ventral reticulospinal tract (R cord)
Reticular formation (R),T8 R ventral horn,pam50_tract,0.1847,True,medial reticulospinal tract (R cord)
Reticular formation (R),T9 R intermediate zone,pam50_tract,0.3897,True,ventrolateral reticulospinal tract (R cord)
Reticular formation (R),T9 R ventral horn,pam50_tract,0.3897,True,ventrolateral reticulospinal tract (R cord)
Reticular formation (R),T9 R ventral horn,pam50_tract,0.4341,True,ventral reticulospinal tract (R cord)
Reticular formation (R),T9 R ventral horn,pam50_tract,0.2002,True,medial reticulospinal tract (R cord)
Reticular formation (R),T10 R intermediate zone,pam50_tract,0.3862,True,ventrolateral reticulospinal tract (R cord)
Reticular formation (R),T10 R ventral horn,pam50_tract,0.3862,True,ventrolateral reticulospinal tract (R cord)
Reticular formation (R),T10 R ventral horn,pam50_tract,0.4682,True,ventral reticulospinal tract (R cord)
Reticular formation (R),T10 R ventral horn,pam50_tract,0.2107,True,medial reticulospinal tract (R cord)
Reticular formation (R),T11 R intermediate zone,pam50_tract,0.3797,True,ventrolateral reticulospinal tract (R cord)
Reticular formation (R),T11 R ventral horn,pam50_tract,0.3797,True,ventrolateral reticulospinal tract (R cord)
Reticular formation (R),T11 R ventral horn,pam50_tract,0.5568,True,ventral reticulospinal tract (R cord)
Reticular formation (R),T11 R ventral horn,pam50_tract,0.1661,True,medial reticulospinal tract (R cord)
Reticular formation (R),T12 R intermediate zone,pam50_tract,0.4546,True,ventrolateral reticulospinal tract (R cord)
Reticular formation (R),T12 R ventral horn,pam50_tract,0.4546,True,ventrolateral reticulospinal tract (R cord)
Reticular formation (R),T12 R ventral horn,pam50_tract,0.5436,True,ventral reticulospinal tract (R cord)
Reticular formation (R),T12 R ventral horn,pam50_tract,0.1792,True,medial reticulospinal tract (R cord)
Reticular formation (R),L1 R intermediate zone,pam50_tract,0.3857,True,ventrolateral reticulospinal tract (R cord)
Reticular formation (R),L1 R ventral horn,pam50_tract,0.3857,True,ventrolateral reticulospinal tract (R cord)
Reticular formation (R),L1 R ventral horn,pam50_tract,0.3892,True,ventral reticulospinal tract (R cord)
Reticular formation (R),L1 R ventral horn,pam50_tract,0.2812,True,medial reticulospinal tract (R cord)
Reticular formation (R),L2 R intermediate zone,pam50_tract,0.331,True,ventrolateral reticulospinal tract (R cord)
Reticular formation (R),L2 R ventral horn,pam50_tract,0.331,True,ventrolateral reticulospinal tract (R cord)
Reticular formation (R),L2 R ventral horn,pam50_tract,0.2534,True,ventral reticulospinal tract (R cord)
Reticular formation (R),L2 R ventral horn,pam50_tract,0.3529,True,medial reticulospinal tract (R cord)
Reticular formation (R),L4 R intermediate zone,pam50_tract,0.3132,True,ventrolateral reticulospinal tract (R cord)
Reticular formation (R),L4 R ventral horn,pam50_tract,0.3132,True,ventrolateral reticulospinal tract (R cord)
Reticular formation (R),L4 R ventral horn,pam50_tract,0.2947,True,medial reticulospinal tract (R cord)
Reticular formation (R),L5 R intermediate zone,pam50_tract,0.2332,True,ventrolateral reticulospinal tract (R cord)
Reticular formation (R),L5 R ventral horn,pam50_tract,0.2332,True,ventrolateral reticulospinal tract (R cord)
Reticular formation (R),L5 R ventral horn,pam50_tract,0.2175,True,medial reticulospinal tract (R cord)
Reticular formation (R),S1 R intermediate zone,pam50_tract,0.1696,True,ventrolateral reticulospinal tract (R cord)
Reticular formation (R),S1 R ventral horn,pam50_tract,0.1696,True,ventrolateral reticulospinal tract (R cord)
Reticular formation (R),S1 R ventral horn,pam50_tract,0.1464,True,medial reticulospinal tract (R cord)
Reticular formation (R),S2 R intermediate zone,pam50_tract,0.055,True,ventrolateral reticulospinal tract (R cord)
Reticular formation (R),S2 R ventral horn,pam50_tract,0.055,True,ventrolateral reticulospinal tract (R cord)
Vestibular nuclei (R),Cerebellum (R),anatomy,1.0,True,vestibulocerebellar
Vestibular nuclei (R),C1 R ventral horn,pam50_tract,0.4407,True,lateral vestibulospinal tract (R cord)
Vestibular nuclei (R),C1 R ventral horn,pam50_tract,0.2997,True,medial longitudinal fasciculus tract (R cord)
Vestibular nuclei (R),C2 R ventral horn,pam50_tract,0.3749,True,lateral vestibulospinal tract (R cord)
Vestibular nuclei (R),C2 R ventral horn,pam50_tract,0.2834,True,medial longitudinal fasciculus tract (R cord)
Vestibular nuclei (R),C3 R ventral horn,pam50_tract,0.4178,True,lateral vestibulospinal tract (R cord)
Vestibular nuclei (R),C3 R ventral horn,pam50_tract,0.265,True,medial longitudinal fasciculus tract (R cord)
Vestibular nuclei (R),C4 R ventral horn,pam50_tract,0.53,True,lateral vestibulospinal tract (R cord)
Vestibular nuclei (R),C4 R ventral horn,pam50_tract,0.2452,True,medial longitudinal fasciculus tract (R cord)
Vestibular nuclei (R),C5 R ventral horn,pam50_tract,0.7601,True,lateral vestibulospinal tract (R cord)
Vestibular nuclei (R),C5 R ventral horn,pam50_tract,0.2217,True,medial longitudinal fasciculus tract (R cord)
Vestibular nuclei (R),C6 R ventral horn,pam50_tract,0.9095,True,lateral vestibulospinal tract (R cord)
Vestibular nuclei (R),C6 R ventral horn,pam50_tract,0.214,True,medial longitudinal fasciculus tract (R cord)
Vestibular nuclei (R),C7 R ventral horn,pam50_tract,0.9253,True,lateral vestibulospinal tract (R cord)
Vestibular nuclei (R),C7 R ventral horn,pam50_tract,0.2454,True,medial longitudinal fasciculus tract (R cord)
Vestibular nuclei (R),C8 R ventral horn,pam50_tract,0.8791,True,lateral vestibulospinal tract (R cord)
Vestibular nuclei (R),C8 R ventral horn,pam50_tract,0.2123,True,medial longitudinal fasciculus tract (R cord)
Vestibular nuclei (R),T1 R ventral horn,pam50_tract,0.6401,True,lateral vestibulospinal tract (R cord)
Vestibular nuclei (R),T1 R ventral horn,pam50_tract,0.2326,True,medial longitudinal fasciculus tract (R cord)
Vestibular nuclei (R),T2 R ventral horn,pam50_tract,0.4894,True,lateral vestibulospinal tract (R cord)
Vestibular nuclei (R),T3 R ventral horn,pam50_tract,0.4461,True,lateral vestibulospinal tract (R cord)
Vestibular nuclei (R),T4 R ventral horn,pam50_tract,0.4075,True,lateral vestibulospinal tract (R cord)
Vestibular nuclei (R),T5 R ventral horn,pam50_tract,0.3484,True,lateral vestibulospinal tract (R cord)
Vestibular nuclei (R),T6 R ventral horn,pam50_tract,0.3199,True,lateral vestibulospinal tract (R cord)
Vestibular nuclei (R),T7 R ventral horn,pam50_tract,0.3672,True,lateral vestibulospinal tract (R cord)
Vestibular nuclei (R),T8 R ventral horn,pam50_tract,0.4039,True,lateral vestibulospinal tract (R cord)
Vestibular nuclei (R),T9 R ventral horn,pam50_tract,0.4525,True,lateral vestibulospinal tract (R cord)
Vestibular nuclei (R),T10 R ventral horn,pam50_tract,0.4655,True,lateral vestibulospinal tract (R cord)
Vestibular nuclei (R),T11 R ventral horn,pam50_tract,0.504,True,lateral vestibulospinal tract (R cord)
Vestibular nuclei (R),T12 R ventral horn,pam50_tract,0.5543,True,lateral vestibulospinal tract (R cord)
Vestibular nuclei (R),L1 R ventral horn,pam50_tract,0.4875,True,lateral vestibulospinal tract (R cord)
Vestibular nuclei (R),L2 R ventral horn,pam50_tract,0.4536,True,lateral vestibulospinal tract (R cord)
Vestibular nuclei (R),L3 R ventral horn,pam50_tract,0.3863,True,lateral vestibulospinal tract (R cord)
Vestibular nuclei (R),L4 R ventral horn,pam50_tract,0.2516,True,lateral vestibulospinal tract (R cord)
Vestibular nuclei (R),L5 R ventral horn,pam50_tract,0.1485,True,lateral vestibulospinal tract (R cord)
Vestibular nuclei (R),S1 R ventral horn,pam50_tract,0.0698,True,lateral vestibulospinal tract (R cord)
Superior colliculus (R),C1 L ventral horn,pam50_tract,0.5663,True,tectospinal tract (L cord)
Superior colliculus (R),C2 L ventral horn,pam50_tract,0.5567,True,tectospinal tract (L cord)
Superior colliculus (R),C3 L ventral horn,pam50_tract,0.6408,True,tectospinal tract (L cord)
Superior colliculus (R),C4 L ventral horn,pam50_tract,0.7123,True,tectospinal tract (L cord)
Inferior olive (R),Cerebellum (L),anatomy,1.0,True,climbing fibres
Cerebellum (R),Red nucleus (L),anatomy,1.0,True,dentatorubral
Cerebellum (R),Thalamus (L),anatomy,1.0,True,dentatothalamic
Cerebellum (R),Vestibular nuclei (R),anatomy,1.0,True,cerebellovestibular
C1 L dorsal horn,C1 L intermediate zone,anatomy,1.0,True,segmental interneurons
C1 L dorsal horn,C1 R dorsal horn,anatomy,1.0,True,anterior white commissure crossing
C1 L dorsal horn,Thalamus (R),pam50_tract,4.9843,True,spinal lemniscus (spinothalamic) tract (R cord)
C1 L dorsal horn,Inferior olive (R),pam50_tract,1.3293,True,spino-olivary tract (R cord)
C1 L intermediate zone,C1 L ventral horn,anatomy,1.0,True,premotor interneurons
C1 L intermediate zone,C1 R ventral horn,anatomy,1.0,True,commissural (crossed extensor reflex)
C1 L intermediate zone,C2 L intermediate zone,anatomy,1.0,True,propriospinal (descending)
C1 L ventral horn,C1 L motor output,anatomy,1.0,True,ventral root motor efferent
C1 R dorsal horn,C1 R intermediate zone,anatomy,1.0,True,segmental interneurons
C1 R dorsal horn,C1 L dorsal horn,anatomy,1.0,True,anterior white commissure crossing
C1 R dorsal horn,Thalamus (L),pam50_tract,4.9841,True,spinal lemniscus (spinothalamic) tract (L cord)
C1 R dorsal horn,Inferior olive (L),pam50_tract,1.3214,True,spino-olivary tract (L cord)
C1 R intermediate zone,C1 R ventral horn,anatomy,1.0,True,premotor interneurons
C1 R intermediate zone,C1 L ventral horn,anatomy,1.0,True,commissural (crossed extensor reflex)
C1 R intermediate zone,C2 R intermediate zone,anatomy,1.0,True,propriospinal (descending)
C1 R ventral horn,C1 R motor output,anatomy,1.0,True,ventral root motor efferent
C2 L dorsal horn,C2 L intermediate zone,anatomy,1.0,True,segmental interneurons
C2 L dorsal horn,C2 R dorsal horn,anatomy,1.0,True,anterior white commissure crossing
C2 L dorsal horn,Thalamus (R),pam50_tract,4.3455,True,spinal lemniscus (spinothalamic) tract (R cord)
C2 L dorsal horn,Inferior olive (R),pam50_tract,1.2714,True,spino-olivary tract (R cord)
C2 L intermediate zone,C2 L ventral horn,anatomy,1.0,True,premotor interneurons
C2 L intermediate zone,C2 R ventral horn,anatomy,1.0,True,commissural (crossed extensor reflex)
C2 L intermediate zone,C1 L intermediate zone,anatomy,1.0,True,propriospinal (ascending)
C2 L intermediate zone,C3 L intermediate zone,anatomy,1.0,True,propriospinal (descending)
C2 L ventral horn,C2 L motor output,anatomy,1.0,True,ventral root motor efferent
C2 R dorsal horn,C2 R intermediate zone,anatomy,1.0,True,segmental interneurons
C2 R dorsal horn,C2 L dorsal horn,anatomy,1.0,True,anterior white commissure crossing
C2 R dorsal horn,Thalamus (L),pam50_tract,4.3454,True,spinal lemniscus (spinothalamic) tract (L cord)
C2 R dorsal horn,Inferior olive (L),pam50_tract,1.2633,True,spino-olivary tract (L cord)
C2 R intermediate zone,C2 R ventral horn,anatomy,1.0,True,premotor interneurons
C2 R intermediate zone,C2 L ventral horn,anatomy,1.0,True,commissural (crossed extensor reflex)
C2 R intermediate zone,C1 R intermediate zone,anatomy,1.0,True,propriospinal (ascending)
C2 R intermediate zone,C3 R intermediate zone,anatomy,1.0,True,propriospinal (descending)
C2 R ventral horn,C2 R motor output,anatomy,1.0,True,ventral root motor efferent
C3 L dorsal horn,C3 L intermediate zone,anatomy,1.0,True,segmental interneurons
C3 L dorsal horn,C3 R dorsal horn,anatomy,1.0,True,anterior white commissure crossing
C3 L dorsal horn,Thalamus (R),pam50_tract,4.2871,True,spinal lemniscus (spinothalamic) tract (R cord)
C3 L dorsal horn,Inferior olive (R),pam50_tract,1.3931,True,spino-olivary tract (R cord)
C3 L intermediate zone,C3 L ventral horn,anatomy,1.0,True,premotor interneurons
C3 L intermediate zone,C3 R ventral horn,anatomy,1.0,True,commissural (crossed extensor reflex)
C3 L intermediate zone,C2 L intermediate zone,anatomy,1.0,True,propriospinal (ascending)
C3 L intermediate zone,C4 L intermediate zone,anatomy,1.0,True,propriospinal (descending)
C3 L ventral horn,C3 L motor output,anatomy,1.0,True,ventral root motor efferent
C3 R dorsal horn,C3 R intermediate zone,anatomy,1.0,True,segmental interneurons
C3 R dorsal horn,C3 L dorsal horn,anatomy,1.0,True,anterior white commissure crossing
C3 R dorsal horn,Thalamus (L),pam50_tract,4.2871,True,spinal lemniscus (spinothalamic) tract (L cord)
C3 R dorsal horn,Inferior olive (L),pam50_tract,1.3867,True,spino-olivary tract (L cord)
C3 R intermediate zone,C3 R ventral horn,anatomy,1.0,True,premotor interneurons
C3 R intermediate zone,C3 L ventral horn,anatomy,1.0,True,commissural (crossed extensor reflex)
C3 R intermediate zone,C2 R intermediate zone,anatomy,1.0,True,propriospinal (ascending)
C3 R intermediate zone,C4 R intermediate zone,anatomy,1.0,True,propriospinal (descending)
C3 R ventral horn,C3 R motor output,anatomy,1.0,True,ventral root motor efferent
C4 L dorsal horn,C4 L intermediate zone,anatomy,1.0,True,segmental interneurons
C4 L dorsal horn,C4 R dorsal horn,anatomy,1.0,True,anterior white commissure crossing
C4 L dorsal horn,Thalamus (R),pam50_tract,3.9352,True,spinal lemniscus (spinothalamic) tract (R cord)
C4 L dorsal horn,Inferior olive (R),pam50_tract,1.4121,True,spino-olivary tract (R cord)
C4 L intermediate zone,C4 L ventral horn,anatomy,1.0,True,premotor interneurons
C4 L intermediate zone,C4 R ventral horn,anatomy,1.0,True,commissural (crossed extensor reflex)
C4 L intermediate zone,C3 L intermediate zone,anatomy,1.0,True,propriospinal (ascending)
C4 L intermediate zone,C5 L intermediate zone,anatomy,1.0,True,propriospinal (descending)
C4 L ventral horn,C4 L motor output,anatomy,1.0,True,ventral root motor efferent
C4 R dorsal horn,C4 R intermediate zone,anatomy,1.0,True,segmental interneurons
C4 R dorsal horn,C4 L dorsal horn,anatomy,1.0,True,anterior white commissure crossing
C4 R dorsal horn,Thalamus (L),pam50_tract,3.9351,True,spinal lemniscus (spinothalamic) tract (L cord)
C4 R dorsal horn,Inferior olive (L),pam50_tract,1.4056,True,spino-olivary tract (L cord)
C4 R intermediate zone,C4 R ventral horn,anatomy,1.0,True,premotor interneurons
C4 R intermediate zone,C4 L ventral horn,anatomy,1.0,True,commissural (crossed extensor reflex)
C4 R intermediate zone,C3 R intermediate zone,anatomy,1.0,True,propriospinal (ascending)
C4 R intermediate zone,C5 R intermediate zone,anatomy,1.0,True,propriospinal (descending)
C4 R ventral horn,C4 R motor output,anatomy,1.0,True,ventral root motor efferent
C5 L dorsal horn,C5 L intermediate zone,anatomy,1.0,True,segmental interneurons
C5 L dorsal horn,C5 R dorsal horn,anatomy,1.0,True,anterior white commissure crossing
C5 L dorsal horn,Thalamus (R),pam50_tract,3.2432,True,spinal lemniscus (spinothalamic) tract (R cord)
C5 L dorsal horn,Inferior olive (R),pam50_tract,1.1595,True,spino-olivary tract (R cord)
C5 L intermediate zone,C5 L ventral horn,anatomy,1.0,True,premotor interneurons
C5 L intermediate zone,C5 R ventral horn,anatomy,1.0,True,commissural (crossed extensor reflex)
C5 L intermediate zone,C4 L intermediate zone,anatomy,1.0,True,propriospinal (ascending)
C5 L intermediate zone,C6 L intermediate zone,anatomy,1.0,True,propriospinal (descending)
C5 L ventral horn,C5 L motor output,anatomy,1.0,True,ventral root motor efferent
C5 R dorsal horn,C5 R intermediate zone,anatomy,1.0,True,segmental interneurons
C5 R dorsal horn,C5 L dorsal horn,anatomy,1.0,True,anterior white commissure crossing
C5 R dorsal horn,Thalamus (L),pam50_tract,3.2431,True,spinal lemniscus (spinothalamic) tract (L cord)
C5 R dorsal horn,Inferior olive (L),pam50_tract,1.154,True,spino-olivary tract (L cord)
C5 R intermediate zone,C5 R ventral horn,anatomy,1.0,True,premotor interneurons
C5 R intermediate zone,C5 L ventral horn,anatomy,1.0,True,commissural (crossed extensor reflex)
C5 R intermediate zone,C4 R intermediate zone,anatomy,1.0,True,propriospinal (ascending)
C5 R intermediate zone,C6 R intermediate zone,anatomy,1.0,True,propriospinal (descending)
C5 R ventral horn,C5 R motor output,anatomy,1.0,True,ventral root motor efferent
C6 L dorsal horn,C6 L intermediate zone,anatomy,1.0,True,segmental interneurons
C6 L dorsal horn,C6 R dorsal horn,anatomy,1.0,True,anterior white commissure crossing
C6 L dorsal horn,Thalamus (R),pam50_tract,3.095,True,spinal lemniscus (spinothalamic) tract (R cord)
C6 L dorsal horn,Inferior olive (R),pam50_tract,1.0387,True,spino-olivary tract (R cord)
C6 L intermediate zone,C6 L ventral horn,anatomy,1.0,True,premotor interneurons
C6 L intermediate zone,C6 R ventral horn,anatomy,1.0,True,commissural (crossed extensor reflex)
C6 L intermediate zone,C5 L intermediate zone,anatomy,1.0,True,propriospinal (ascending)
C6 L intermediate zone,C7 L intermediate zone,anatomy,1.0,True,propriospinal (descending)
C6 L ventral horn,C6 L motor output,anatomy,1.0,True,ventral root motor efferent
C6 R dorsal horn,C6 R intermediate zone,anatomy,1.0,True,segmental interneurons
C6 R dorsal horn,C6 L dorsal horn,anatomy,1.0,True,anterior white commissure crossing
C6 R dorsal horn,Thalamus (L),pam50_tract,3.095,True,spinal lemniscus (spinothalamic) tract (L cord)
C6 R dorsal horn,Inferior olive (L),pam50_tract,1.0339,True,spino-olivary tract (L cord)
C6 R intermediate zone,C6 R ventral horn,anatomy,1.0,True,premotor interneurons
C6 R intermediate zone,C6 L ventral horn,anatomy,1.0,True,commissural (crossed extensor reflex)
C6 R intermediate zone,C5 R intermediate zone,anatomy,1.0,True,propriospinal (ascending)
C6 R intermediate zone,C7 R intermediate zone,anatomy,1.0,True,propriospinal (descending)
C6 R ventral horn,C6 R motor output,anatomy,1.0,True,ventral root motor efferent
C7 L dorsal horn,C7 L intermediate zone,anatomy,1.0,True,segmental interneurons
C7 L dorsal horn,C7 R dorsal horn,anatomy,1.0,True,anterior white commissure crossing
C7 L dorsal horn,Thalamus (R),pam50_tract,3.162,True,spinal lemniscus (spinothalamic) tract (R cord)
C7 L dorsal horn,Inferior olive (R),pam50_tract,1.0235,True,spino-olivary tract (R cord)
C7 L intermediate zone,C7 L ventral horn,anatomy,1.0,True,premotor interneurons
C7 L intermediate zone,C7 R ventral horn,anatomy,1.0,True,commissural (crossed extensor reflex)
C7 L intermediate zone,C6 L intermediate zone,anatomy,1.0,True,propriospinal (ascending)
C7 L intermediate zone,C8 L intermediate zone,anatomy,1.0,True,propriospinal (descending)
C7 L ventral horn,C7 L motor output,anatomy,1.0,True,ventral root motor efferent
C7 R dorsal horn,C7 R intermediate zone,anatomy,1.0,True,segmental interneurons
C7 R dorsal horn,C7 L dorsal horn,anatomy,1.0,True,anterior white commissure crossing
C7 R dorsal horn,Thalamus (L),pam50_tract,3.162,True,spinal lemniscus (spinothalamic) tract (L cord)
C7 R dorsal horn,Inferior olive (L),pam50_tract,1.0189,True,spino-olivary tract (L cord)
C7 R intermediate zone,C7 R ventral horn,anatomy,1.0,True,premotor interneurons
C7 R intermediate zone,C7 L ventral horn,anatomy,1.0,True,commissural (crossed extensor reflex)
C7 R intermediate zone,C6 R intermediate zone,anatomy,1.0,True,propriospinal (ascending)
C7 R intermediate zone,C8 R intermediate zone,anatomy,1.0,True,propriospinal (descending)
C7 R ventral horn,C7 R motor output,anatomy,1.0,True,ventral root motor efferent
C8 L dorsal horn,C8 L intermediate zone,anatomy,1.0,True,segmental interneurons
C8 L dorsal horn,C8 R dorsal horn,anatomy,1.0,True,anterior white commissure crossing
C8 L dorsal horn,Thalamus (R),pam50_tract,2.8233,True,spinal lemniscus (spinothalamic) tract (R cord)
C8 L dorsal horn,Inferior olive (R),pam50_tract,0.9188,True,spino-olivary tract (R cord)
C8 L intermediate zone,C8 L ventral horn,anatomy,1.0,True,premotor interneurons
C8 L intermediate zone,C8 R ventral horn,anatomy,1.0,True,commissural (crossed extensor reflex)
C8 L intermediate zone,C7 L intermediate zone,anatomy,1.0,True,propriospinal (ascending)
C8 L intermediate zone,T1 L intermediate zone,anatomy,1.0,True,propriospinal (descending)
C8 L ventral horn,C8 L motor output,anatomy,1.0,True,ventral root motor efferent
C8 R dorsal horn,C8 R intermediate zone,anatomy,1.0,True,segmental interneurons
C8 R dorsal horn,C8 L dorsal horn,anatomy,1.0,True,anterior white commissure crossing
C8 R dorsal horn,Thalamus (L),pam50_tract,2.8231,True,spinal lemniscus (spinothalamic) tract (L cord)
C8 R dorsal horn,Inferior olive (L),pam50_tract,0.914,True,spino-olivary tract (L cord)
C8 R intermediate zone,C8 R ventral horn,anatomy,1.0,True,premotor interneurons
C8 R intermediate zone,C8 L ventral horn,anatomy,1.0,True,commissural (crossed extensor reflex)
C8 R intermediate zone,C7 R intermediate zone,anatomy,1.0,True,propriospinal (ascending)
C8 R intermediate zone,T1 R intermediate zone,anatomy,1.0,True,propriospinal (descending)
C8 R ventral horn,C8 R motor output,anatomy,1.0,True,ventral root motor efferent
T1 L dorsal horn,T1 L intermediate zone,anatomy,1.0,True,segmental interneurons
T1 L dorsal horn,T1 R dorsal horn,anatomy,1.0,True,anterior white commissure crossing
T1 L dorsal horn,Thalamus (R),pam50_tract,2.8742,True,spinal lemniscus (spinothalamic) tract (R cord)
T1 L dorsal horn,Inferior olive (R),pam50_tract,0.9703,True,spino-olivary tract (R cord)
T1 L intermediate zone,T1 L ventral horn,anatomy,1.0,True,premotor interneurons
T1 L intermediate zone,T1 R ventral horn,anatomy,1.0,True,commissural (crossed extensor reflex)
T1 L intermediate zone,T1 L sympathetic output,anatomy,1.0,True,sympathetic preganglionic outflow
T1 L intermediate zone,C8 L intermediate zone,anatomy,1.0,True,propriospinal (ascending)
T1 L intermediate zone,T2 L intermediate zone,anatomy,1.0,True,propriospinal (descending)
T1 L ventral horn,T1 L motor output,anatomy,1.0,True,ventral root motor efferent
T1 R dorsal horn,T1 R intermediate zone,anatomy,1.0,True,segmental interneurons
T1 R dorsal horn,T1 L dorsal horn,anatomy,1.0,True,anterior white commissure crossing
T1 R dorsal horn,Thalamus (L),pam50_tract,2.8741,True,spinal lemniscus (spinothalamic) tract (L cord)
T1 R dorsal horn,Inferior olive (L),pam50_tract,0.9654,True,spino-olivary tract (L cord)
T1 R intermediate zone,T1 R ventral horn,anatomy,1.0,True,premotor interneurons
T1 R intermediate zone,T1 L ventral horn,anatomy,1.0,True,commissural (crossed extensor reflex)
T1 R intermediate zone,T1 R sympathetic output,anatomy,1.0,True,sympathetic preganglionic outflow
T1 R intermediate zone,C8 R intermediate zone,anatomy,1.0,True,propriospinal (ascending)
T1 R intermediate zone,T2 R intermediate zone,anatomy,1.0,True,propriospinal (descending)
T1 R ventral horn,T1 R motor output,anatomy,1.0,True,ventral root motor efferent
T2 L dorsal horn,T2 L intermediate zone,anatomy,1.0,True,segmental interneurons
T2 L dorsal horn,T2 R dorsal horn,anatomy,1.0,True,anterior white commissure crossing
T2 L dorsal horn,Thalamus (R),pam50_tract,2.8637,True,spinal lemniscus (spinothalamic) tract (R cord)
T2 L dorsal horn,Inferior olive (R),pam50_tract,0.96,True,spino-olivary tract (R cord)
T2 L intermediate zone,T2 L ventral horn,anatomy,1.0,True,premotor interneurons
T2 L intermediate zone,T2 R ventral horn,anatomy,1.0,True,commissural (crossed extensor reflex)
T2 L intermediate zone,T2 L sympathetic output,anatomy,1.0,True,sympathetic preganglionic outflow
T2 L intermediate zone,T1 L intermediate zone,anatomy,1.0,True,propriospinal (ascending)
T2 L intermediate zone,T3 L intermediate zone,anatomy,1.0,True,propriospinal (descending)
T2 L ventral horn,T2 L motor output,anatomy,1.0,True,ventral root motor efferent
T2 R dorsal horn,T2 R intermediate zone,anatomy,1.0,True,segmental interneurons
T2 R dorsal horn,T2 L dorsal horn,anatomy,1.0,True,anterior white commissure crossing
T2 R dorsal horn,Thalamus (L),pam50_tract,2.8634,True,spinal lemniscus (spinothalamic) tract (L cord)
T2 R dorsal horn,Inferior olive (L),pam50_tract,0.956,True,spino-olivary tract (L cord)
T2 R intermediate zone,T2 R ventral horn,anatomy,1.0,True,premotor interneurons
T2 R intermediate zone,T2 L ventral horn,anatomy,1.0,True,commissural (crossed extensor reflex)
T2 R intermediate zone,T2 R sympathetic output,anatomy,1.0,True,sympathetic preganglionic outflow
T2 R intermediate zone,T1 R intermediate zone,anatomy,1.0,True,propriospinal (ascending)
T2 R intermediate zone,T3 R intermediate zone,anatomy,1.0,True,propriospinal (descending)
T2 R ventral horn,T2 R motor output,anatomy,1.0,True,ventral root motor efferent
T3 L dorsal horn,T3 L intermediate zone,anatomy,1.0,True,segmental interneurons
T3 L dorsal horn,T3 R dorsal horn,anatomy,1.0,True,anterior white commissure crossing
T3 L dorsal horn,Thalamus (R),pam50_tract,2.77,True,spinal lemniscus (spinothalamic) tract (R cord)
T3 L dorsal horn,Inferior olive (R),pam50_tract,0.9388,True,spino-olivary tract (R cord)
T3 L intermediate zone,T3 L ventral horn,anatomy,1.0,True,premotor interneurons
T3 L intermediate zone,T3 R ventral horn,anatomy,1.0,True,commissural (crossed extensor reflex)
T3 L intermediate zone,T3 L sympathetic output,anatomy,1.0,True,sympathetic preganglionic outflow
T3 L intermediate zone,T2 L intermediate zone,anatomy,1.0,True,propriospinal (ascending)
T3 L intermediate zone,T4 L intermediate zone,anatomy,1.0,True,propriospinal (descending)
T3 L ventral horn,T3 L motor output,anatomy,1.0,True,ventral root motor efferent
T3 R dorsal horn,T3 R intermediate zone,anatomy,1.0,True,segmental interneurons
T3 R dorsal horn,T3 L dorsal horn,anatomy,1.0,True,anterior white commissure crossing
T3 R dorsal horn,Thalamus (L),pam50_tract,2.7698,True,spinal lemniscus (spinothalamic) tract (L cord)
T3 R dorsal horn,Inferior olive (L),pam50_tract,0.9327,True,spino-olivary tract (L cord)
T3 R intermediate zone,T3 R ventral horn,anatomy,1.0,True,premotor interneurons
T3 R intermediate zone,T3 L ventral horn,anatomy,1.0,True,commissural (crossed extensor reflex)
T3 R intermediate zone,T3 R sympathetic output,anatomy,1.0,True,sympathetic preganglionic outflow
T3 R intermediate zone,T2 R intermediate zone,anatomy,1.0,True,propriospinal (ascending)
T3 R intermediate zone,T4 R intermediate zone,anatomy,1.0,True,propriospinal (descending)
T3 R ventral horn,T3 R motor output,anatomy,1.0,True,ventral root motor efferent
T4 L dorsal horn,T4 L intermediate zone,anatomy,1.0,True,segmental interneurons
T4 L dorsal horn,T4 R dorsal horn,anatomy,1.0,True,anterior white commissure crossing
T4 L dorsal horn,Thalamus (R),pam50_tract,2.5243,True,spinal lemniscus (spinothalamic) tract (R cord)
T4 L dorsal horn,Inferior olive (R),pam50_tract,0.8294,True,spino-olivary tract (R cord)
T4 L intermediate zone,T4 L ventral horn,anatomy,1.0,True,premotor interneurons
T4 L intermediate zone,T4 R ventral horn,anatomy,1.0,True,commissural (crossed extensor reflex)
T4 L intermediate zone,T4 L sympathetic output,anatomy,1.0,True,sympathetic preganglionic outflow
T4 L intermediate zone,T3 L intermediate zone,anatomy,1.0,True,propriospinal (ascending)
T4 L intermediate zone,T5 L intermediate zone,anatomy,1.0,True,propriospinal (descending)
T4 L ventral horn,T4 L motor output,anatomy,1.0,True,ventral root motor efferent
T4 R dorsal horn,T4 R intermediate zone,anatomy,1.0,True,segmental interneurons
T4 R dorsal horn,T4 L dorsal horn,anatomy,1.0,True,anterior white commissure crossing
T4 R dorsal horn,Thalamus (L),pam50_tract,2.5238,True,spinal lemniscus (spinothalamic) tract (L cord)
T4 R dorsal horn,Inferior olive (L),pam50_tract,0.8242,True,spino-olivary tract (L cord)
T4 R intermediate zone,T4 R ventral horn,anatomy,1.0,True,premotor interneurons
T4 R intermediate zone,T4 L ventral horn,anatomy,1.0,True,commissural (crossed extensor reflex)
T4 R intermediate zone,T4 R sympathetic output,anatomy,1.0,True,sympathetic preganglionic outflow
T4 R intermediate zone,T3 R intermediate zone,anatomy,1.0,True,propriospinal (ascending)
T4 R intermediate zone,T5 R intermediate zone,anatomy,1.0,True,propriospinal (descending)
T4 R ventral horn,T4 R motor output,anatomy,1.0,True,ventral root motor efferent
T5 L dorsal horn,T5 L intermediate zone,anatomy,1.0,True,segmental interneurons
T5 L dorsal horn,T5 R dorsal horn,anatomy,1.0,True,anterior white commissure crossing
T5 L dorsal horn,Thalamus (R),pam50_tract,2.0359,True,spinal lemniscus (spinothalamic) tract (R cord)
T5 L dorsal horn,Inferior olive (R),pam50_tract,0.6335,True,spino-olivary tract (R cord)
T5 L intermediate zone,T5 L ventral horn,anatomy,1.0,True,premotor interneurons
T5 L intermediate zone,T5 R ventral horn,anatomy,1.0,True,commissural (crossed extensor reflex)
T5 L intermediate zone,T5 L sympathetic output,anatomy,1.0,True,sympathetic preganglionic outflow
T5 L intermediate zone,T4 L intermediate zone,anatomy,1.0,True,propriospinal (ascending)
T5 L intermediate zone,T6 L intermediate zone,anatomy,1.0,True,propriospinal (descending)
T5 L ventral horn,T5 L motor output,anatomy,1.0,True,ventral root motor efferent
T5 R dorsal horn,T5 R intermediate zone,anatomy,1.0,True,segmental interneurons
T5 R dorsal horn,T5 L dorsal horn,anatomy,1.0,True,anterior white commissure crossing
T5 R dorsal horn,Thalamus (L),pam50_tract,2.0352,True,spinal lemniscus (spinothalamic) tract (L cord)
T5 R dorsal horn,Inferior olive (L),pam50_tract,0.6296,True,spino-olivary tract (L cord)
T5 R intermediate zone,T5 R ventral horn,anatomy,1.0,True,premotor interneurons
T5 R intermediate zone,T5 L ventral horn,anatomy,1.0,True,commissural (crossed extensor reflex)
T5 R intermediate zone,T5 R sympathetic output,anatomy,1.0,True,sympathetic preganglionic outflow
T5 R intermediate zone,T4 R intermediate zone,anatomy,1.0,True,propriospinal (ascending)
T5 R intermediate zone,T6 R intermediate zone,anatomy,1.0,True,propriospinal (descending)
T5 R ventral horn,T5 R motor output,anatomy,1.0,True,ventral root motor efferent
T6 L dorsal horn,T6 L intermediate zone,anatomy,1.0,True,segmental interneurons
T6 L dorsal horn,T6 R dorsal horn,anatomy,1.0,True,anterior white commissure crossing
T6 L dorsal horn,Thalamus (R),pam50_tract,2.0166,True,spinal lemniscus (spinothalamic) tract (R cord)
T6 L dorsal horn,Inferior olive (R),pam50_tract,0.5907,True,spino-olivary tract (R cord)
T6 L intermediate zone,T6 L ventral horn,anatomy,1.0,True,premotor interneurons
T6 L intermediate zone,T6 R ventral horn,anatomy,1.0,True,commissural (crossed extensor reflex)
T6 L intermediate zone,T6 L sympathetic output,anatomy,1.0,True,sympathetic preganglionic outflow
T6 L intermediate zone,T5 L intermediate zone,anatomy,1.0,True,propriospinal (ascending)
T6 L intermediate zone,T7 L intermediate zone,anatomy,1.0,True,propriospinal (descending)
T6 L ventral horn,T6 L motor output,anatomy,1.0,True,ventral root motor efferent
T6 R dorsal horn,T6 R intermediate zone,anatomy,1.0,True,segmental interneurons
T6 R dorsal horn,T6 L dorsal horn,anatomy,1.0,True,anterior white commissure crossing
T6 R dorsal horn,Thalamus (L),pam50_tract,2.0156,True,spinal lemniscus (spinothalamic) tract (L cord)
T6 R dorsal horn,Inferior olive (L),pam50_tract,0.5878,True,spino-olivary tract (L cord)
T6 R intermediate zone,T6 R ventral horn,anatomy,1.0,True,premotor interneurons
T6 R intermediate zone,T6 L ventral horn,anatomy,1.0,True,commissural (crossed extensor reflex)
T6 R intermediate zone,T6 R sympathetic output,anatomy,1.0,True,sympathetic preganglionic outflow
T6 R intermediate zone,T5 R intermediate zone,anatomy,1.0,True,propriospinal (ascending)
T6 R intermediate zone,T7 R intermediate zone,anatomy,1.0,True,propriospinal (descending)
T6 R ventral horn,T6 R motor output,anatomy,1.0,True,ventral root motor efferent
T7 L dorsal horn,T7 L intermediate zone,anatomy,1.0,True,segmental interneurons
T7 L dorsal horn,T7 R dorsal horn,anatomy,1.0,True,anterior white commissure crossing
T7 L dorsal horn,Thalamus (R),pam50_tract,2.2403,True,spinal lemniscus (spinothalamic) tract (R cord)
T7 L dorsal horn,Inferior olive (R),pam50_tract,0.754,True,spino-olivary tract (R cord)
T7 L intermediate zone,T7 L ventral horn,anatomy,1.0,True,premotor interneurons
T7 L intermediate zone,T7 R ventral horn,anatomy,1.0,True,commissural (crossed extensor reflex)
T7 L intermediate zone,T7 L sympathetic output,anatomy,1.0,True,sympathetic preganglionic outflow
T7 L intermediate zone,T6 L intermediate zone,anatomy,1.0,True,propriospinal (ascending)
T7 L intermediate zone,T8 L intermediate zone,anatomy,1.0,True,propriospinal (descending)
T7 L ventral horn,T7 L motor output,anatomy,1.0,True,ventral root motor efferent
T7 R dorsal horn,T7 R intermediate zone,anatomy,1.0,True,segmental interneurons
T7 R dorsal horn,T7 L dorsal horn,anatomy,1.0,True,anterior white commissure crossing
T7 R dorsal horn,Thalamus (L),pam50_tract,2.2404,True,spinal lemniscus (spinothalamic) tract (L cord)
T7 R dorsal horn,Inferior olive (L),pam50_tract,0.7488,True,spino-olivary tract (L cord)
T7 R intermediate zone,T7 R ventral horn,anatomy,1.0,True,premotor interneurons
T7 R intermediate zone,T7 L ventral horn,anatomy,1.0,True,commissural (crossed extensor reflex)
T7 R intermediate zone,T7 R sympathetic output,anatomy,1.0,True,sympathetic preganglionic outflow
T7 R intermediate zone,T6 R intermediate zone,anatomy,1.0,True,propriospinal (ascending)
T7 R intermediate zone,T8 R intermediate zone,anatomy,1.0,True,propriospinal (descending)
T7 R ventral horn,T7 R motor output,anatomy,1.0,True,ventral root motor efferent
T8 L dorsal horn,T8 L intermediate zone,anatomy,1.0,True,segmental interneurons
T8 L dorsal horn,T8 R dorsal horn,anatomy,1.0,True,anterior white commissure crossing
T8 L dorsal horn,Thalamus (R),pam50_tract,2.2749,True,spinal lemniscus (spinothalamic) tract (R cord)
T8 L dorsal horn,Inferior olive (R),pam50_tract,0.9222,True,spino-olivary tract (R cord)
T8 L intermediate zone,T8 L ventral horn,anatomy,1.0,True,premotor interneurons
T8 L intermediate zone,T8 R ventral horn,anatomy,1.0,True,commissural (crossed extensor reflex)
T8 L intermediate zone,T8 L sympathetic output,anatomy,1.0,True,sympathetic preganglionic outflow
T8 L intermediate zone,T7 L intermediate zone,anatomy,1.0,True,propriospinal (ascending)
T8 L intermediate zone,T9 L intermediate zone,anatomy,1.0,True,propriospinal (descending)
T8 L ventral horn,T8 L motor output,anatomy,1.0,True,ventral root motor efferent
T8 R dorsal horn,T8 R intermediate zone,anatomy,1.0,True,segmental interneurons
T8 R dorsal horn,T8 L dorsal horn,anatomy,1.0,True,anterior white commissure crossing
T8 R dorsal horn,Thalamus (L),pam50_tract,2.2748,True,spinal lemniscus (spinothalamic) tract (L cord)
T8 R dorsal horn,Inferior olive (L),pam50_tract,0.9173,True,spino-olivary tract (L cord)
T8 R intermediate zone,T8 R ventral horn,anatomy,1.0,True,premotor interneurons
T8 R intermediate zone,T8 L ventral horn,anatomy,1.0,True,commissural (crossed extensor reflex)
T8 R intermediate zone,T8 R sympathetic output,anatomy,1.0,True,sympathetic preganglionic outflow
T8 R intermediate zone,T7 R intermediate zone,anatomy,1.0,True,propriospinal (ascending)
T8 R intermediate zone,T9 R intermediate zone,anatomy,1.0,True,propriospinal (descending)
T8 R ventral horn,T8 R motor output,anatomy,1.0,True,ventral root motor efferent
T9 L dorsal horn,T9 L intermediate zone,anatomy,1.0,True,segmental interneurons
T9 L dorsal horn,T9 R dorsal horn,anatomy,1.0,True,anterior white commissure crossing
T9 L dorsal horn,Thalamus (R),pam50_tract,2.2925,True,spinal lemniscus (spinothalamic) tract (R cord)
T9 L dorsal horn,Inferior olive (R),pam50_tract,1.0083,True,spino-olivary tract (R cord)
T9 L intermediate zone,T9 L ventral horn,anatomy,1.0,True,premotor interneurons
T9 L intermediate zone,T9 R ventral horn,anatomy,1.0,True,commissural (crossed extensor reflex)
T9 L intermediate zone,T9 L sympathetic output,anatomy,1.0,True,sympathetic preganglionic outflow
T9 L intermediate zone,T8 L intermediate zone,anatomy,1.0,True,propriospinal (ascending)
T9 L intermediate zone,T10 L intermediate zone,anatomy,1.0,True,propriospinal (descending)
T9 L ventral horn,T9 L motor output,anatomy,1.0,True,ventral root motor efferent
T9 R dorsal horn,T9 R intermediate zone,anatomy,1.0,True,segmental interneurons
T9 R dorsal horn,T9 L dorsal horn,anatomy,1.0,True,anterior white commissure crossing
T9 R dorsal horn,Thalamus (L),pam50_tract,2.292,True,spinal lemniscus (spinothalamic) tract (L cord)
T9 R dorsal horn,Inferior olive (L),pam50_tract,1.0006,True,spino-olivary tract (L cord)
T9 R intermediate zone,T9 R ventral horn,anatomy,1.0,True,premotor interneurons
T9 R intermediate zone,T9 L ventral horn,anatomy,1.0,True,commissural (crossed extensor reflex)
T9 R intermediate zone,T9 R sympathetic output,anatomy,1.0,True,sympathetic preganglionic outflow
T9 R intermediate zone,T8 R intermediate zone,anatomy,1.0,True,propriospinal (ascending)
T9 R intermediate zone,T10 R intermediate zone,anatomy,1.0,True,propriospinal (descending)
T9 R ventral horn,T9 R motor output,anatomy,1.0,True,ventral root motor efferent
T10 L dorsal horn,T10 L intermediate zone,anatomy,1.0,True,segmental interneurons
T10 L dorsal horn,T10 R dorsal horn,anatomy,1.0,True,anterior white commissure crossing
T10 L dorsal horn,Thalamus (R),pam50_tract,2.4678,True,spinal lemniscus (spinothalamic) tract (R cord)
T10 L dorsal horn,Inferior olive (R),pam50_tract,1.029,True,spino-olivary tract (R cord)
T10 L intermediate zone,T10 L ventral horn,anatomy,1.0,True,premotor interneurons
T10 L intermediate zone,T10 R ventral horn,anatomy,1.0,True,commissural (crossed extensor reflex)
T10 L intermediate zone,T10 L sympathetic output,anatomy,1.0,True,sympathetic preganglionic outflow
T10 L intermediate zone,T9 L intermediate zone,anatomy,1.0,True,propriospinal (ascending)
T10 L intermediate zone,T11 L intermediate zone,anatomy,1.0,True,propriospinal (descending)
T10 L ventral horn,T10 L motor output,anatomy,1.0,True,ventral root motor efferent
T10 R dorsal horn,T10 R intermediate zone,anatomy,1.0,True,segmental interneurons
T10 R dorsal horn,T10 L dorsal horn,anatomy,1.0,True,anterior white commissure crossing
T10 R dorsal horn,Thalamus (L),pam50_tract,2.4671,True,spinal lemniscus (spinothalamic) tract (L cord)
T10 R dorsal horn,Inferior olive (L),pam50_tract,1.0216,True,spino-olivary tract (L cord)
T10 R intermediate zone,T10 R ventral horn,anatomy,1.0,True,premotor interneurons
T10 R intermediate zone,T10 L ventral horn,anatomy,1.0,True,commissural (crossed extensor reflex)
T10 R intermediate zone,T10 R sympathetic output,anatomy,1.0,True,sympathetic preganglionic outflow
T10 R intermediate zone,T9 R intermediate zone,anatomy,1.0,True,propriospinal (ascending)
T10 R intermediate zone,T11 R intermediate zone,anatomy,1.0,True,propriospinal (descending)
T10 R ventral horn,T10 R motor output,anatomy,1.0,True,ventral root motor efferent
T11 L dorsal horn,T11 L intermediate zone,anatomy,1.0,True,segmental interneurons
T11 L dorsal horn,T11 R dorsal horn,anatomy,1.0,True,anterior white commissure crossing
T11 L dorsal horn,Thalamus (R),pam50_tract,2.3399,True,spinal lemniscus (spinothalamic) tract (R cord)
T11 L dorsal horn,Inferior olive (R),pam50_tract,0.9915,True,spino-olivary tract (R cord)
T11 L intermediate zone,T11 L ventral horn,anatomy,1.0,True,premotor interneurons
T11 L intermediate zone,T11 R ventral horn,anatomy,1.0,True,commissural (crossed extensor reflex)
T11 L intermediate zone,T11 L sympathetic output,anatomy,1.0,True,sympathetic preganglionic outflow
T11 L intermediate zone,T10 L intermediate zone,anatomy,1.0,True,propriospinal (ascending)
T11 L intermediate zone,T12 L intermediate zone,anatomy,1.0,True,propriospinal (descending)
T11 L ventral horn,T11 L motor output,anatomy,1.0,True,ventral root motor efferent
T11 R dorsal horn,T11 R intermediate zone,anatomy,1.0,True,segmental interneurons
T11 R dorsal horn,T11 L dorsal horn,anatomy,1.0,True,anterior white commissure crossing
T11 R dorsal horn,Thalamus (L),pam50_tract,2.3385,True,spinal lemniscus (spinothalamic) tract (L cord)
T11 R dorsal horn,Inferior olive (L),pam50_tract,0.9839,True,spino-olivary tract (L cord)
T11 R intermediate zone,T11 R ventral horn,anatomy,1.0,True,premotor interneurons
T11 R intermediate zone,T11 L ventral horn,anatomy,1.0,True,commissural (crossed extensor reflex)
T11 R intermediate zone,T11 R sympathetic output,anatomy,1.0,True,sympathetic preganglionic outflow
T11 R intermediate zone,T10 R intermediate zone,anatomy,1.0,True,propriospinal (ascending)
T11 R intermediate zone,T12 R intermediate zone,anatomy,1.0,True,propriospinal (descending)
T11 R ventral horn,T11 R motor output,anatomy,1.0,True,ventral root motor efferent
T12 L dorsal horn,T12 L intermediate zone,anatomy,1.0,True,segmental interneurons
T12 L dorsal horn,T12 R dorsal horn,anatomy,1.0,True,anterior white commissure crossing
T12 L dorsal horn,Thalamus (R),pam50_tract,2.0048,True,spinal lemniscus (spinothalamic) tract (R cord)
T12 L dorsal horn,Inferior olive (R),pam50_tract,0.8282,True,spino-olivary tract (R cord)
T12 L intermediate zone,T12 L ventral horn,anatomy,1.0,True,premotor interneurons
T12 L intermediate zone,T12 R ventral horn,anatomy,1.0,True,commissural (crossed extensor reflex)
T12 L intermediate zone,T12 L sympathetic output,anatomy,1.0,True,sympathetic preganglionic outflow
T12 L intermediate zone,T11 L intermediate zone,anatomy,1.0,True,propriospinal (ascending)
T12 L intermediate zone,L1 L intermediate zone,anatomy,1.0,True,propriospinal (descending)
T12 L intermediate zone,Cerebellum (L),pam50_tract,0.4944,True,ventral spinocerebellar tract (R cord)
T12 L ventral horn,T12 L motor output,anatomy,1.0,True,ventral root motor efferent
T12 R dorsal horn,T12 R intermediate zone,anatomy,1.0,True,segmental interneurons
T12 R dorsal horn,T12 L dorsal horn,anatomy,1.0,True,anterior white commissure crossing
T12 R dorsal horn,Thalamus (L),pam50_tract,2.0046,True,spinal lemniscus (spinothalamic) tract (L cord)
T12 R dorsal horn,Inferior olive (L),pam50_tract,0.8237,True,spino-olivary tract (L cord)
T12 R intermediate zone,T12 R ventral horn,anatomy,1.0,True,premotor interneurons
T12 R intermediate zone,T12 L ventral horn,anatomy,1.0,True,commissural (crossed extensor reflex)
T12 R intermediate zone,T12 R sympathetic output,anatomy,1.0,True,sympathetic preganglionic outflow
T12 R intermediate zone,T11 R intermediate zone,anatomy,1.0,True,propriospinal (ascending)
T12 R intermediate zone,L1 R intermediate zone,anatomy,1.0,True,propriospinal (descending)
T12 R intermediate zone,Cerebellum (R),pam50_tract,0.4928,True,ventral spinocerebellar tract (L cord)
T12 R ventral horn,T12 R motor output,anatomy,1.0,True,ventral root motor efferent
L1 L dorsal horn,L1 L intermediate zone,anatomy,1.0,True,segmental interneurons
L1 L dorsal horn,L1 R dorsal horn,anatomy,1.0,True,anterior white commissure crossing
L1 L dorsal horn,Thalamus (R),pam50_tract,1.4748,True,spinal lemniscus (spinothalamic) tract (R cord)
L1 L dorsal horn,Inferior olive (R),pam50_tract,0.6869,True,spino-olivary tract (R cord)
L1 L intermediate zone,L1 L ventral horn,anatomy,1.0,True,premotor interneurons
L1 L intermediate zone,L1 R ventral horn,anatomy,1.0,True,commissural (crossed extensor reflex)
L1 L intermediate zone,L1 L sympathetic output,anatomy,1.0,True,sympathetic preganglionic outflow
L1 L intermediate zone,T12 L intermediate zone,anatomy,1.0,True,propriospinal (ascending)
L1 L intermediate zone,L2 L intermediate zone,anatomy,1.0,True,propriospinal (descending)
L1 L intermediate zone,Cerebellum (L),pam50_tract,0.3143,True,ventral spinocerebellar tract (R cord)
L1 L ventral horn,L1 L motor output,anatomy,1.0,True,ventral root motor efferent
L1 R dorsal horn,L1 R intermediate zone,anatomy,1.0,True,segmental interneurons
L1 R dorsal horn,L1 L dorsal horn,anatomy,1.0,True,anterior white commissure crossing
L1 R dorsal horn,Thalamus (L),pam50_tract,1.4745,True,spinal lemniscus (spinothalamic) tract (L cord)
L1 R dorsal horn,Inferior olive (L),pam50_tract,0.6862,True,spino-olivary tract (L cord)
L1 R intermediate zone,L1 R ventral horn,anatomy,1.0,True,premotor interneurons
L1 R intermediate zone,L1 L ventral horn,anatomy,1.0,True,commissural (crossed extensor reflex)
L1 R intermediate zone,L1 R sympathetic output,anatomy,1.0,True,sympathetic preganglionic outflow
L1 R intermediate zone,T12 R intermediate zone,anatomy,1.0,True,propriospinal (ascending)
L1 R intermediate zone,L2 R intermediate zone,anatomy,1.0,True,propriospinal (descending)
L1 R intermediate zone,Cerebellum (R),pam50_tract,0.3143,True,ventral spinocerebellar tract (L cord)
L1 R ventral horn,L1 R motor output,anatomy,1.0,True,ventral root motor efferent
L2 L dorsal horn,L2 L intermediate zone,anatomy,1.0,True,segmental interneurons
L2 L dorsal horn,L2 R dorsal horn,anatomy,1.0,True,anterior white commissure crossing
L2 L dorsal horn,Thalamus (R),pam50_tract,1.2099,True,spinal lemniscus (spinothalamic) tract (R cord)
L2 L dorsal horn,Inferior olive (R),pam50_tract,0.5152,True,spino-olivary tract (R cord)
L2 L intermediate zone,L2 L ventral horn,anatomy,1.0,True,premotor interneurons
L2 L intermediate zone,L2 R ventral horn,anatomy,1.0,True,commissural (crossed extensor reflex)
L2 L intermediate zone,L2 L sympathetic output,anatomy,1.0,True,sympathetic preganglionic outflow
L2 L intermediate zone,L1 L intermediate zone,anatomy,1.0,True,propriospinal (ascending)
L2 L intermediate zone,L3 L intermediate zone,anatomy,1.0,True,propriospinal (descending)
L2 L intermediate zone,Cerebellum (L),pam50_tract,0.2986,True,ventral spinocerebellar tract (R cord)
L2 L ventral horn,L2 L motor output,anatomy,1.0,True,ventral root motor efferent
L2 R dorsal horn,L2 R intermediate zone,anatomy,1.0,True,segmental interneurons
L2 R dorsal horn,L2 L dorsal horn,anatomy,1.0,True,anterior white commissure crossing
L2 R dorsal horn,Thalamus (L),pam50_tract,1.2099,True,spinal lemniscus (spinothalamic) tract (L cord)
L2 R dorsal horn,Inferior olive (L),pam50_tract,0.5169,True,spino-olivary tract (L cord)
L2 R intermediate zone,L2 R ventral horn,anatomy,1.0,True,premotor interneurons
L2 R intermediate zone,L2 L ventral horn,anatomy,1.0,True,commissural (crossed extensor reflex)
L2 R intermediate zone,L2 R sympathetic output,anatomy,1.0,True,sympathetic preganglionic outflow
L2 R intermediate zone,L1 R intermediate zone,anatomy,1.0,True,propriospinal (ascending)
L2 R intermediate zone,L3 R intermediate zone,anatomy,1.0,True,propriospinal (descending)
L2 R intermediate zone,Cerebellum (R),pam50_tract,0.2986,True,ventral spinocerebellar tract (L cord)
L2 R ventral horn,L2 R motor output,anatomy,1.0,True,ventral root motor efferent
L3 L dorsal horn,L3 L intermediate zone,anatomy,1.0,True,segmental interneurons
L3 L dorsal horn,L3 R dorsal horn,anatomy,1.0,True,anterior white commissure crossing
L3 L dorsal horn,Thalamus (R),pam50_tract,0.8935,True,spinal lemniscus (spinothalamic) tract (R cord)
L3 L dorsal horn,Inferior olive (R),pam50_tract,0.2513,True,spino-olivary tract (R cord)
L3 L intermediate zone,L3 L ventral horn,anatomy,1.0,True,premotor interneurons
L3 L intermediate zone,L3 R ventral horn,anatomy,1.0,True,commissural (crossed extensor reflex)
L3 L intermediate zone,L2 L intermediate zone,anatomy,1.0,True,propriospinal (ascending)
L3 L intermediate zone,L4 L intermediate zone,anatomy,1.0,True,propriospinal (descending)
L3 L intermediate zone,Cerebellum (L),pam50_tract,0.2496,True,ventral spinocerebellar tract (R cord)
L3 L ventral horn,L3 L motor output,anatomy,1.0,True,ventral root motor efferent
L3 R dorsal horn,L3 R intermediate zone,anatomy,1.0,True,segmental interneurons
L3 R dorsal horn,L3 L dorsal horn,anatomy,1.0,True,anterior white commissure crossing
L3 R dorsal horn,Thalamus (L),pam50_tract,0.8933,True,spinal lemniscus (spinothalamic) tract (L cord)
L3 R dorsal horn,Inferior olive (L),pam50_tract,0.2508,True,spino-olivary tract (L cord)
L3 R intermediate zone,L3 R ventral horn,anatomy,1.0,True,premotor interneurons
L3 R intermediate zone,L3 L ventral horn,anatomy,1.0,True,commissural (crossed extensor reflex)
L3 R intermediate zone,L2 R intermediate zone,anatomy,1.0,True,propriospinal (ascending)
L3 R intermediate zone,L4 R intermediate zone,anatomy,1.0,True,propriospinal (descending)
L3 R intermediate zone,Cerebellum (R),pam50_tract,0.2496,True,ventral spinocerebellar tract (L cord)
L3 R ventral horn,L3 R motor output,anatomy,1.0,True,ventral root motor efferent
L4 L dorsal horn,L4 L intermediate zone,anatomy,1.0,True,segmental interneurons
L4 L dorsal horn,L4 R dorsal horn,anatomy,1.0,True,anterior white commissure crossing
L4 L dorsal horn,Thalamus (R),pam50_tract,0.7259,True,spinal lemniscus (spinothalamic) tract (R cord)
L4 L dorsal horn,Inferior olive (R),pam50_tract,0.0839,True,spino-olivary tract (R cord)
L4 L intermediate zone,L4 L ventral horn,anatomy,1.0,True,premotor interneurons
L4 L intermediate zone,L4 R ventral horn,anatomy,1.0,True,commissural (crossed extensor reflex)
L4 L intermediate zone,L3 L intermediate zone,anatomy,1.0,True,propriospinal (ascending)
L4 L intermediate zone,L5 L intermediate zone,anatomy,1.0,True,propriospinal (descending)
L4 L intermediate zone,Cerebellum (L),pam50_tract,0.1593,True,ventral spinocerebellar tract (R cord)
L4 L ventral horn,L4 L motor output,anatomy,1.0,True,ventral root motor efferent
L4 R dorsal horn,L4 R intermediate zone,anatomy,1.0,True,segmental interneurons
L4 R dorsal horn,L4 L dorsal horn,anatomy,1.0,True,anterior white commissure crossing
L4 R dorsal horn,Thalamus (L),pam50_tract,0.7259,True,spinal lemniscus (spinothalamic) tract (L cord)
L4 R dorsal horn,Inferior olive (L),pam50_tract,0.0839,True,spino-olivary tract (L cord)
L4 R intermediate zone,L4 R ventral horn,anatomy,1.0,True,premotor interneurons
L4 R intermediate zone,L4 L ventral horn,anatomy,1.0,True,commissural (crossed extensor reflex)
L4 R intermediate zone,L3 R intermediate zone,anatomy,1.0,True,propriospinal (ascending)
L4 R intermediate zone,L5 R intermediate zone,anatomy,1.0,True,propriospinal (descending)
L4 R intermediate zone,Cerebellum (R),pam50_tract,0.1593,True,ventral spinocerebellar tract (L cord)
L4 R ventral horn,L4 R motor output,anatomy,1.0,True,ventral root motor efferent
L5 L dorsal horn,L5 L intermediate zone,anatomy,1.0,True,segmental interneurons
L5 L dorsal horn,L5 R dorsal horn,anatomy,1.0,True,anterior white commissure crossing
L5 L dorsal horn,Thalamus (R),pam50_tract,0.5858,True,spinal lemniscus (spinothalamic) tract (R cord)
L5 L intermediate zone,L5 L ventral horn,anatomy,1.0,True,premotor interneurons
L5 L intermediate zone,L5 R ventral horn,anatomy,1.0,True,commissural (crossed extensor reflex)
L5 L intermediate zone,L4 L intermediate zone,anatomy,1.0,True,propriospinal (ascending)
L5 L intermediate zone,S1 L intermediate zone,anatomy,1.0,True,propriospinal (descending)
L5 L intermediate zone,Cerebellum (L),pam50_tract,0.1046,True,ventral spinocerebellar tract (R cord)
L5 L ventral horn,L5 L motor output,anatomy,1.0,True,ventral root motor efferent
L5 R dorsal horn,L5 R intermediate zone,anatomy,1.0,True,segmental interneurons
L5 R dorsal horn,L5 L dorsal horn,anatomy,1.0,True,anterior white commissure crossing
L5 R dorsal horn,Thalamus (L),pam50_tract,0.5858,True,spinal lemniscus (spinothalamic) tract (L cord)
L5 R intermediate zone,L5 R ventral horn,anatomy,1.0,True,premotor interneurons
L5 R intermediate zone,L5 L ventral horn,anatomy,1.0,True,commissural (crossed extensor reflex)
L5 R intermediate zone,L4 R intermediate zone,anatomy,1.0,True,propriospinal (ascending)
L5 R intermediate zone,S1 R intermediate zone,anatomy,1.0,True,propriospinal (descending)
L5 R intermediate zone,Cerebellum (R),pam50_tract,0.1046,True,ventral spinocerebellar tract (L cord)
L5 R ventral horn,L5 R motor output,anatomy,1.0,True,ventral root motor efferent
S1 L dorsal horn,S1 L intermediate zone,anatomy,1.0,True,segmental interneurons
S1 L dorsal horn,S1 R dorsal horn,anatomy,1.0,True,anterior white commissure crossing
S1 L dorsal horn,Thalamus (R),pam50_tract,0.2972,True,spinal lemniscus (spinothalamic) tract (R cord)
S1 L intermediate zone,S1 L ventral horn,anatomy,1.0,True,premotor interneurons
S1 L intermediate zone,S1 R ventral horn,anatomy,1.0,True,commissural (crossed extensor reflex)
S1 L intermediate zone,L5 L intermediate zone,anatomy,1.0,True,propriospinal (ascending)
S1 L intermediate zone,S2 L intermediate zone,anatomy,1.0,True,propriospinal (descending)
S1 L ventral horn,S1 L motor output,anatomy,1.0,True,ventral root motor efferent
S1 R dorsal horn,S1 R intermediate zone,anatomy,1.0,True,segmental interneurons
S1 R dorsal horn,S1 L dorsal horn,anatomy,1.0,True,anterior white commissure crossing
S1 R dorsal horn,Thalamus (L),pam50_tract,0.2972,True,spinal lemniscus (spinothalamic) tract (L cord)
S1 R intermediate zone,S1 R ventral horn,anatomy,1.0,True,premotor interneurons
S1 R intermediate zone,S1 L ventral horn,anatomy,1.0,True,commissural (crossed extensor reflex)
S1 R intermediate zone,L5 R intermediate zone,anatomy,1.0,True,propriospinal (ascending)
S1 R intermediate zone,S2 R intermediate zone,anatomy,1.0,True,propriospinal (descending)
S1 R ventral horn,S1 R motor output,anatomy,1.0,True,ventral root motor efferent
S2 L dorsal horn,S2 L intermediate zone,anatomy,1.0,True,segmental interneurons
S2 L dorsal horn,S2 R dorsal horn,anatomy,1.0,True,anterior white commissure crossing
S2 L dorsal horn,Thalamus (R),pam50_tract,0.095,True,spinal lemniscus (spinothalamic) tract (R cord)
S2 L intermediate zone,S2 L ventral horn,anatomy,1.0,True,premotor interneurons
S2 L intermediate zone,S2 R ventral horn,anatomy,1.0,True,commissural (crossed extensor reflex)
S2 L intermediate zone,S2 L parasympathetic output,anatomy,1.0,True,sacral parasympathetic outflow
S2 L intermediate zone,S1 L intermediate zone,anatomy,1.0,True,propriospinal (ascending)
S2 L intermediate zone,S3 L intermediate zone,anatomy,1.0,True,propriospinal (descending)
S2 L ventral horn,S2 L motor output,anatomy,1.0,True,ventral root motor efferent
S2 R dorsal horn,S2 R intermediate zone,anatomy,1.0,True,segmental interneurons
S2 R dorsal horn,S2 L dorsal horn,anatomy,1.0,True,anterior white commissure crossing
S2 R dorsal horn,Thalamus (L),pam50_tract,0.095,True,spinal lemniscus (spinothalamic) tract (L cord)
S2 R intermediate zone,S2 R ventral horn,anatomy,1.0,True,premotor interneurons
S2 R intermediate zone,S2 L ventral horn,anatomy,1.0,True,commissural (crossed extensor reflex)
S2 R intermediate zone,S2 R parasympathetic output,anatomy,1.0,True,sacral parasympathetic outflow
S2 R intermediate zone,S1 R intermediate zone,anatomy,1.0,True,propriospinal (ascending)
S2 R intermediate zone,S3 R intermediate zone,anatomy,1.0,True,propriospinal (descending)
S2 R ventral horn,S2 R motor output,anatomy,1.0,True,ventral root motor efferent
S3 L dorsal horn,S3 L intermediate zone,anatomy,1.0,True,segmental interneurons
S3 L dorsal horn,S3 R dorsal horn,anatomy,1.0,True,anterior white commissure crossing
S3 L intermediate zone,S3 L ventral horn,anatomy,1.0,True,premotor interneurons
S3 L intermediate zone,S3 R ventral horn,anatomy,1.0,True,commissural (crossed extensor reflex)
S3 L intermediate zone,S3 L parasympathetic output,anatomy,1.0,True,sacral parasympathetic outflow
S3 L intermediate zone,S2 L intermediate zone,anatomy,1.0,True,propriospinal (ascending)
S3 L intermediate zone,S4 L intermediate zone,anatomy,1.0,True,propriospinal (descending)
S3 L ventral horn,S3 L motor output,anatomy,1.0,True,ventral root motor efferent
S3 R dorsal horn,S3 R intermediate zone,anatomy,1.0,True,segmental interneurons
S3 R dorsal horn,S3 L dorsal horn,anatomy,1.0,True,anterior white commissure crossing
S3 R intermediate zone,S3 R ventral horn,anatomy,1.0,True,premotor interneurons
S3 R intermediate zone,S3 L ventral horn,anatomy,1.0,True,commissural (crossed extensor reflex)
S3 R intermediate zone,S3 R parasympathetic output,anatomy,1.0,True,sacral parasympathetic outflow
S3 R intermediate zone,S2 R intermediate zone,anatomy,1.0,True,propriospinal (ascending)
S3 R intermediate zone,S4 R intermediate zone,anatomy,1.0,True,propriospinal (descending)
S3 R ventral horn,S3 R motor output,anatomy,1.0,True,ventral root motor efferent
S4 L dorsal horn,S4 L intermediate zone,anatomy,1.0,True,segmental interneurons
S4 L dorsal horn,S4 R dorsal horn,anatomy,1.0,True,anterior white commissure crossing
S4 L intermediate zone,S4 L ventral horn,anatomy,1.0,True,premotor interneurons
S4 L intermediate zone,S4 R ventral horn,anatomy,1.0,True,commissural (crossed extensor reflex)
S4 L intermediate zone,S4 L parasympathetic output,anatomy,1.0,True,sacral parasympathetic outflow
S4 L intermediate zone,S3 L intermediate zone,anatomy,1.0,True,propriospinal (ascending)
S4 L intermediate zone,S5 L intermediate zone,anatomy,1.0,True,propriospinal (descending)
S4 L ventral horn,S4 L motor output,anatomy,1.0,True,ventral root motor efferent
S4 R dorsal horn,S4 R intermediate zone,anatomy,1.0,True,segmental interneurons
S4 R dorsal horn,S4 L dorsal horn,anatomy,1.0,True,anterior white commissure crossing
S4 R intermediate zone,S4 R ventral horn,anatomy,1.0,True,premotor interneurons
S4 R intermediate zone,S4 L ventral horn,anatomy,1.0,True,commissural (crossed extensor reflex)
S4 R intermediate zone,S4 R parasympathetic output,anatomy,1.0,True,sacral parasympathetic outflow
S4 R intermediate zone,S3 R intermediate zone,anatomy,1.0,True,propriospinal (ascending)
S4 R intermediate zone,S5 R intermediate zone,anatomy,1.0,True,propriospinal (descending)
S4 R ventral horn,S4 R motor output,anatomy,1.0,True,ventral root motor efferent
S5 L dorsal horn,S5 L intermediate zone,anatomy,1.0,True,segmental interneurons
S5 L dorsal horn,S5 R dorsal horn,anatomy,1.0,True,anterior white commissure crossing
S5 L intermediate zone,S5 L ventral horn,anatomy,1.0,True,premotor interneurons
S5 L intermediate zone,S5 R ventral horn,anatomy,1.0,True,commissural (crossed extensor reflex)
S5 L intermediate zone,S4 L intermediate zone,anatomy,1.0,True,propriospinal (ascending)
S5 L ventral horn,S5 L motor output,anatomy,1.0,True,ventral root motor efferent
S5 R dorsal horn,S5 R intermediate zone,anatomy,1.0,True,segmental interneurons
S5 R dorsal horn,S5 L dorsal horn,anatomy,1.0,True,anterior white commissure crossing
S5 R intermediate zone,S5 R ventral horn,anatomy,1.0,True,premotor interneurons
S5 R intermediate zone,S5 L ventral horn,anatomy,1.0,True,commissural (crossed extensor reflex)
S5 R intermediate zone,S4 R intermediate zone,anatomy,1.0,True,propriospinal (ascending)
S5 R ventral horn,S5 R motor output,anatomy,1.0,True,ventral root motor efferent
C1 L DRG,C1 L dorsal horn,anatomy,1.0,True,dorsal root entry: all afferents
C1 L DRG,C1 L ventral horn,anatomy,1.0,True,Ia monosynaptic stretch reflex
C1 L DRG,Cuneate nucleus (L),pam50_tract,6.4255,True,fasciculus cuneatus tract (L cord)
C1 R DRG,C1 R dorsal horn,anatomy,1.0,True,dorsal root entry: all afferents
C1 R DRG,C1 R ventral horn,anatomy,1.0,True,Ia monosynaptic stretch reflex
C1 R DRG,Cuneate nucleus (R),pam50_tract,6.4348,True,fasciculus cuneatus tract (R cord)
C2 L DRG,C2 L dorsal horn,anatomy,1.0,True,dorsal root entry: all afferents
C2 L DRG,C2 L ventral horn,anatomy,1.0,True,Ia monosynaptic stretch reflex
C2 L DRG,Cuneate nucleus (L),pam50_tract,5.6834,True,fasciculus cuneatus tract (L cord)
C2 R DRG,C2 R dorsal horn,anatomy,1.0,True,dorsal root entry: all afferents
C2 R DRG,C2 R ventral horn,anatomy,1.0,True,Ia monosynaptic stretch reflex
C2 R DRG,Cuneate nucleus (R),pam50_tract,5.6894,True,fasciculus cuneatus tract (R cord)
C3 L DRG,C3 L dorsal horn,anatomy,1.0,True,dorsal root entry: all afferents
C3 L DRG,C3 L ventral horn,anatomy,1.0,True,Ia monosynaptic stretch reflex
C3 L DRG,Cuneate nucleus (L),pam50_tract,5.5292,True,fasciculus cuneatus tract (L cord)
C3 R DRG,C3 R dorsal horn,anatomy,1.0,True,dorsal root entry: all afferents
C3 R DRG,C3 R ventral horn,anatomy,1.0,True,Ia monosynaptic stretch reflex
C3 R DRG,Cuneate nucleus (R),pam50_tract,5.5364,True,fasciculus cuneatus tract (R cord)
C4 L DRG,C4 L dorsal horn,anatomy,1.0,True,dorsal root entry: all afferents
C4 L DRG,C4 L ventral horn,anatomy,1.0,True,Ia monosynaptic stretch reflex
C4 L DRG,Cuneate nucleus (L),pam50_tract,5.0504,True,fasciculus cuneatus tract (L cord)
C4 R DRG,C4 R dorsal horn,anatomy,1.0,True,dorsal root entry: all afferents
C4 R DRG,C4 R ventral horn,anatomy,1.0,True,Ia monosynaptic stretch reflex
C4 R DRG,Cuneate nucleus (R),pam50_tract,5.0573,True,fasciculus cuneatus tract (R cord)
C5 L DRG,C5 L dorsal horn,anatomy,1.0,True,dorsal root entry: all afferents
C5 L DRG,C5 L ventral horn,anatomy,1.0,True,Ia monosynaptic stretch reflex
C5 L DRG,Cuneate nucleus (L),pam50_tract,5.0766,True,fasciculus cuneatus tract (L cord)
C5 R DRG,C5 R dorsal horn,anatomy,1.0,True,dorsal root entry: all afferents
C5 R DRG,C5 R ventral horn,anatomy,1.0,True,Ia monosynaptic stretch reflex
C5 R DRG,Cuneate nucleus (R),pam50_tract,5.0834,True,fasciculus cuneatus tract (R cord)
C6 L DRG,C6 L dorsal horn,anatomy,1.0,True,dorsal root entry: all afferents
C6 L DRG,C6 L ventral horn,anatomy,1.0,True,Ia monosynaptic stretch reflex
C6 L DRG,Cuneate nucleus (L),pam50_tract,5.1416,True,fasciculus cuneatus tract (L cord)
C6 R DRG,C6 R dorsal horn,anatomy,1.0,True,dorsal root entry: all afferents
C6 R DRG,C6 R ventral horn,anatomy,1.0,True,Ia monosynaptic stretch reflex
C6 R DRG,Cuneate nucleus (R),pam50_tract,5.147,True,fasciculus cuneatus tract (R cord)
C7 L DRG,C7 L dorsal horn,anatomy,1.0,True,dorsal root entry: all afferents
C7 L DRG,C7 L ventral horn,anatomy,1.0,True,Ia monosynaptic stretch reflex
C7 L DRG,Cuneate nucleus (L),pam50_tract,4.6897,True,fasciculus cuneatus tract (L cord)
C7 R DRG,C7 R dorsal horn,anatomy,1.0,True,dorsal root entry: all afferents
C7 R DRG,C7 R ventral horn,anatomy,1.0,True,Ia monosynaptic stretch reflex
C7 R DRG,Cuneate nucleus (R),pam50_tract,4.6956,True,fasciculus cuneatus tract (R cord)
C8 L DRG,C8 L dorsal horn,anatomy,1.0,True,dorsal root entry: all afferents
C8 L DRG,C8 L ventral horn,anatomy,1.0,True,Ia monosynaptic stretch reflex
C8 L DRG,Cuneate nucleus (L),pam50_tract,3.7923,True,fasciculus cuneatus tract (L cord)
C8 R DRG,C8 R dorsal horn,anatomy,1.0,True,dorsal root entry: all afferents
C8 R DRG,C8 R ventral horn,anatomy,1.0,True,Ia monosynaptic stretch reflex
C8 R DRG,Cuneate nucleus (R),pam50_tract,3.7965,True,fasciculus cuneatus tract (R cord)
T1 L DRG,T1 L dorsal horn,anatomy,1.0,True,dorsal root entry: all afferents
T1 L DRG,T1 L ventral horn,anatomy,1.0,True,Ia monosynaptic stretch reflex
T1 L DRG,Cuneate nucleus (L),pam50_tract,3.2449,True,fasciculus cuneatus tract (L cord)
T1 R DRG,T1 R dorsal horn,anatomy,1.0,True,dorsal root entry: all afferents
T1 R DRG,T1 R ventral horn,anatomy,1.0,True,Ia monosynaptic stretch reflex
T1 R DRG,Cuneate nucleus (R),pam50_tract,3.2485,True,fasciculus cuneatus tract (R cord)
T2 L DRG,T2 L dorsal horn,anatomy,1.0,True,dorsal root entry: all afferents
T2 L DRG,T2 L ventral horn,anatomy,1.0,True,Ia monosynaptic stretch reflex
T2 L DRG,Cuneate nucleus (L),pam50_tract,2.7101,True,fasciculus cuneatus tract (L cord)
T2 R DRG,T2 R dorsal horn,anatomy,1.0,True,dorsal root entry: all afferents
T2 R DRG,T2 R ventral horn,anatomy,1.0,True,Ia monosynaptic stretch reflex
T2 R DRG,Cuneate nucleus (R),pam50_tract,2.7108,True,fasciculus cuneatus tract (R cord)
T3 L DRG,T3 L dorsal horn,anatomy,1.0,True,dorsal root entry: all afferents
T3 L DRG,T3 L ventral horn,anatomy,1.0,True,Ia monosynaptic stretch reflex
T3 L DRG,Cuneate nucleus (L),pam50_tract,2.4399,True,fasciculus cuneatus tract (L cord)
T3 R DRG,T3 R dorsal horn,anatomy,1.0,True,dorsal root entry: all afferents
T3 R DRG,T3 R ventral horn,anatomy,1.0,True,Ia monosynaptic stretch reflex
T3 R DRG,Cuneate nucleus (R),pam50_tract,2.4406,True,fasciculus cuneatus tract (R cord)
T4 L DRG,T4 L dorsal horn,anatomy,1.0,True,dorsal root entry: all afferents
T4 L DRG,T4 L ventral horn,anatomy,1.0,True,Ia monosynaptic stretch reflex
T4 L DRG,Cuneate nucleus (L),pam50_tract,2.265,True,fasciculus cuneatus tract (L cord)
T4 R DRG,T4 R dorsal horn,anatomy,1.0,True,dorsal root entry: all afferents
T4 R DRG,T4 R ventral horn,anatomy,1.0,True,Ia monosynaptic stretch reflex
T4 R DRG,Cuneate nucleus (R),pam50_tract,2.2686,True,fasciculus cuneatus tract (R cord)
T5 L DRG,T5 L dorsal horn,anatomy,1.0,True,dorsal root entry: all afferents
T5 L DRG,T5 L ventral horn,anatomy,1.0,True,Ia monosynaptic stretch reflex
T5 L DRG,Cuneate nucleus (L),pam50_tract,2.0695,True,fasciculus cuneatus tract (L cord)
T5 R DRG,T5 R dorsal horn,anatomy,1.0,True,dorsal root entry: all afferents
T5 R DRG,T5 R ventral horn,anatomy,1.0,True,Ia monosynaptic stretch reflex
T5 R DRG,Cuneate nucleus (R),pam50_tract,2.0729,True,fasciculus cuneatus tract (R cord)
T6 L DRG,T6 L dorsal horn,anatomy,1.0,True,dorsal root entry: all afferents
T6 L DRG,T6 L ventral horn,anatomy,1.0,True,Ia monosynaptic stretch reflex
T6 L DRG,Cuneate nucleus (L),pam50_tract,1.9531,True,fasciculus cuneatus tract (L cord)
T6 R DRG,T6 R dorsal horn,anatomy,1.0,True,dorsal root entry: all afferents
T6 R DRG,T6 R ventral horn,anatomy,1.0,True,Ia monosynaptic stretch reflex
T6 R DRG,Cuneate nucleus (R),pam50_tract,1.9565,True,fasciculus cuneatus tract (R cord)
T7 L DRG,T7 L dorsal horn,anatomy,1.0,True,dorsal root entry: all afferents
T7 L DRG,T7 L ventral horn,anatomy,1.0,True,Ia monosynaptic stretch reflex
T7 L DRG,Gracile nucleus (L),pam50_tract,2.4883,True,fasciculus gracilis tract (L cord)
T7 R DRG,T7 R dorsal horn,anatomy,1.0,True,dorsal root entry: all afferents
T7 R DRG,T7 R ventral horn,anatomy,1.0,True,Ia monosynaptic stretch reflex
T7 R DRG,Gracile nucleus (R),pam50_tract,2.4868,True,fasciculus gracilis tract (R cord)
T8 L DRG,T8 L dorsal horn,anatomy,1.0,True,dorsal root entry: all afferents
T8 L DRG,T8 L ventral horn,anatomy,1.0,True,Ia monosynaptic stretch reflex
T8 L DRG,Gracile nucleus (L),pam50_tract,2.6688,True,fasciculus gracilis tract (L cord)
T8 R DRG,T8 R dorsal horn,anatomy,1.0,True,dorsal root entry: all afferents
T8 R DRG,T8 R ventral horn,anatomy,1.0,True,Ia monosynaptic stretch reflex
T8 R DRG,Gracile nucleus (R),pam50_tract,2.6516,True,fasciculus gracilis tract (R cord)
T9 L DRG,T9 L dorsal horn,anatomy,1.0,True,dorsal root entry: all afferents
T9 L DRG,T9 L ventral horn,anatomy,1.0,True,Ia monosynaptic stretch reflex
T9 L DRG,Gracile nucleus (L),pam50_tract,2.9704,True,fasciculus gracilis tract (L cord)
T9 R DRG,T9 R dorsal horn,anatomy,1.0,True,dorsal root entry: all afferents
T9 R DRG,T9 R ventral horn,anatomy,1.0,True,Ia monosynaptic stretch reflex
T9 R DRG,Gracile nucleus (R),pam50_tract,2.9704,True,fasciculus gracilis tract (R cord)
T10 L DRG,T10 L dorsal horn,anatomy,1.0,True,dorsal root entry: all afferents
T10 L DRG,T10 L ventral horn,anatomy,1.0,True,Ia monosynaptic stretch reflex
T10 L DRG,Gracile nucleus (L),pam50_tract,3.3789,True,fasciculus gracilis tract (L cord)
T10 R DRG,T10 R dorsal horn,anatomy,1.0,True,dorsal root entry: all afferents
T10 R DRG,T10 R ventral horn,anatomy,1.0,True,Ia monosynaptic stretch reflex
T10 R DRG,Gracile nucleus (R),pam50_tract,3.3789,True,fasciculus gracilis tract (R cord)
T11 L DRG,T11 L dorsal horn,anatomy,1.0,True,dorsal root entry: all afferents
T11 L DRG,T11 L ventral horn,anatomy,1.0,True,Ia monosynaptic stretch reflex
T11 L DRG,Gracile nucleus (L),pam50_tract,3.7517,True,fasciculus gracilis tract (L cord)
T11 R DRG,T11 R dorsal horn,anatomy,1.0,True,dorsal root entry: all afferents
T11 R DRG,T11 R ventral horn,anatomy,1.0,True,Ia monosynaptic stretch reflex
T11 R DRG,Gracile nucleus (R),pam50_tract,3.7517,True,fasciculus gracilis tract (R cord)
T12 L DRG,T12 L dorsal horn,anatomy,1.0,True,dorsal root entry: all afferents
T12 L DRG,T12 L ventral horn,anatomy,1.0,True,Ia monosynaptic stretch reflex
T12 L DRG,Gracile nucleus (L),pam50_tract,3.8831,True,fasciculus gracilis tract (L cord)
T12 R DRG,T12 R dorsal horn,anatomy,1.0,True,dorsal root entry: all afferents
T12 R DRG,T12 R ventral horn,anatomy,1.0,True,Ia monosynaptic stretch reflex
T12 R DRG,Gracile nucleus (R),pam50_tract,3.8832,True,fasciculus gracilis tract (R cord)
L1 L DRG,L1 L dorsal horn,anatomy,1.0,True,dorsal root entry: all afferents
L1 L DRG,L1 L ventral horn,anatomy,1.0,True,Ia monosynaptic stretch reflex
L1 L DRG,Gracile nucleus (L),pam50_tract,3.7127,True,fasciculus gracilis tract (L cord)
L1 R DRG,L1 R dorsal horn,anatomy,1.0,True,dorsal root entry: all afferents
L1 R DRG,L1 R ventral horn,anatomy,1.0,True,Ia monosynaptic stretch reflex
L1 R DRG,Gracile nucleus (R),pam50_tract,3.7127,True,fasciculus gracilis tract (R cord)
L2 L DRG,L2 L dorsal horn,anatomy,1.0,True,dorsal root entry: all afferents
L2 L DRG,L2 L ventral horn,anatomy,1.0,True,Ia monosynaptic stretch reflex
L2 L DRG,Gracile nucleus (L),pam50_tract,3.4885,True,fasciculus gracilis tract (L cord)
L2 R DRG,L2 R dorsal horn,anatomy,1.0,True,dorsal root entry: all afferents
L2 R DRG,L2 R ventral horn,anatomy,1.0,True,Ia monosynaptic stretch reflex
L2 R DRG,Gracile nucleus (R),pam50_tract,3.4885,True,fasciculus gracilis tract (R cord)
L3 L DRG,L3 L dorsal horn,anatomy,1.0,True,dorsal root entry: all afferents
L3 L DRG,L3 L ventral horn,anatomy,1.0,True,Ia monosynaptic stretch reflex
L3 L DRG,Gracile nucleus (L),pam50_tract,2.6614,True,fasciculus gracilis tract (L cord)
L3 R DRG,L3 R dorsal horn,anatomy,1.0,True,dorsal root entry: all afferents
L3 R DRG,L3 R ventral horn,anatomy,1.0,True,Ia monosynaptic stretch reflex
L3 R DRG,Gracile nucleus (R),pam50_tract,2.6614,True,fasciculus gracilis tract (R cord)
L4 L DRG,L4 L dorsal horn,anatomy,1.0,True,dorsal root entry: all afferents
L4 L DRG,L4 L ventral horn,anatomy,1.0,True,Ia monosynaptic stretch reflex
L4 L DRG,Gracile nucleus (L),pam50_tract,1.9085,True,fasciculus gracilis tract (L cord)
L4 R DRG,L4 R dorsal horn,anatomy,1.0,True,dorsal root entry: all afferents
L4 R DRG,L4 R ventral horn,anatomy,1.0,True,Ia monosynaptic stretch reflex
L4 R DRG,Gracile nucleus (R),pam50_tract,1.9085,True,fasciculus gracilis tract (R cord)
L5 L DRG,L5 L dorsal horn,anatomy,1.0,True,dorsal root entry: all afferents
L5 L DRG,L5 L ventral horn,anatomy,1.0,True,Ia monosynaptic stretch reflex
L5 L DRG,Gracile nucleus (L),pam50_tract,1.3346,True,fasciculus gracilis tract (L cord)
L5 R DRG,L5 R dorsal horn,anatomy,1.0,True,dorsal root entry: all afferents
L5 R DRG,L5 R ventral horn,anatomy,1.0,True,Ia monosynaptic stretch reflex
L5 R DRG,Gracile nucleus (R),pam50_tract,1.3346,True,fasciculus gracilis tract (R cord)
S1 L DRG,S1 L dorsal horn,anatomy,1.0,True,dorsal root entry: all afferents
S1 L DRG,S1 L ventral horn,anatomy,1.0,True,Ia monosynaptic stretch reflex
S1 L DRG,Gracile nucleus (L),pam50_tract,0.8187,True,fasciculus gracilis tract (L cord)
S1 R DRG,S1 R dorsal horn,anatomy,1.0,True,dorsal root entry: all afferents
S1 R DRG,S1 R ventral horn,anatomy,1.0,True,Ia monosynaptic stretch reflex
S1 R DRG,Gracile nucleus (R),pam50_tract,0.8187,True,fasciculus gracilis tract (R cord)
S2 L DRG,S2 L dorsal horn,anatomy,1.0,True,dorsal root entry: all afferents
S2 L DRG,S2 L ventral horn,anatomy,1.0,True,Ia monosynaptic stretch reflex
S2 L DRG,Gracile nucleus (L),pam50_tract,0.2687,True,fasciculus gracilis tract (L cord)
S2 R DRG,S2 R dorsal horn,anatomy,1.0,True,dorsal root entry: all afferents
S2 R DRG,S2 R ventral horn,anatomy,1.0,True,Ia monosynaptic stretch reflex
S2 R DRG,Gracile nucleus (R),pam50_tract,0.2687,True,fasciculus gracilis tract (R cord)
S3 L DRG,S3 L dorsal horn,anatomy,1.0,True,dorsal root entry: all afferents
S3 L DRG,S3 L ventral horn,anatomy,1.0,True,Ia monosynaptic stretch reflex
S3 R DRG,S3 R dorsal horn,anatomy,1.0,True,dorsal root entry: all afferents
S3 R DRG,S3 R ventral horn,anatomy,1.0,True,Ia monosynaptic stretch reflex
S4 L DRG,S4 L dorsal horn,anatomy,1.0,True,dorsal root entry: all afferents
S4 L DRG,S4 L ventral horn,anatomy,1.0,True,Ia monosynaptic stretch reflex
S4 R DRG,S4 R dorsal horn,anatomy,1.0,True,dorsal root entry: all afferents
S4 R DRG,S4 R ventral horn,anatomy,1.0,True,Ia monosynaptic stretch reflex
S5 L DRG,S5 L dorsal horn,anatomy,1.0,True,dorsal root entry: all afferents
S5 L DRG,S5 L ventral horn,anatomy,1.0,True,Ia monosynaptic stretch reflex
S5 R DRG,S5 R dorsal horn,anatomy,1.0,True,dorsal root entry: all afferents
S5 R DRG,S5 R ventral horn,anatomy,1.0,True,Ia monosynaptic stretch reflex
CN I olfactory receptor neurons,Amygdala (L),anatomy,1.0,True,primary olfactory cortex incl. cortical amygdala
CN I olfactory receptor neurons,Amygdala (R),anatomy,1.0,True,primary olfactory cortex incl. cortical amygdala
CN II retinal ganglion cells,Thalamus (L),anatomy,1.0,True,optic tract -> LGN (partial decussation at chiasm)
CN II retinal ganglion cells,Thalamus (R),anatomy,1.0,True,optic tract -> LGN (partial decussation at chiasm)
CN II retinal ganglion cells,Superior colliculus (L),anatomy,1.0,True,retinotectal
CN II retinal ganglion cells,Superior colliculus (R),anatomy,1.0,True,retinotectal
CN V trigeminal ganglion (face touch/pain),Brain-Stem,anatomy,1.0,True,trigeminal nuclei
CN VIII cochlear + vestibular ganglia,Brain-Stem,anatomy,1.0,True,cochlear nuclei
CN VIII cochlear + vestibular ganglia,Vestibular nuclei (L),anatomy,1.0,True,vestibular nerve
CN VIII cochlear + vestibular ganglia,Vestibular nuclei (R),anatomy,1.0,True,vestibular nerve
CN VII/IX/X taste + visceral afferents,Brain-Stem,anatomy,1.0,True,nucleus of the solitary tract
